
--- start 2026-07-22T15:30:30+05:30 ---
[bridge] dir=/thuyen_check/logging/bk/EdgeMiner2/mt5/bridge model=tm_best_3m_64e3f742
[bridge] history bars=28383

--- start 2026-07-22T15:30:59+05:30 ---
[bridge] dir=/thuyen_check/logging/bk/EdgeMiner2/mt5/bridge model=tm_best_3m_64e3f742
[bridge] history bars=28383

--- start 2026-07-22T15:58:04+05:30 ---
[bridge] dir=/thuyen_check/logging/bk/EdgeMiner2/mt5/bridge model=tm_best_3m_64e3f742
[bridge] history bars=28383
[bridge] bar=2026.07.22 07:00 action=FLAT reason=no_signal strat=Forge RR3 hybrid 4L2S price+bb #8BA6

--- start 2026-07-22T19:50:52+07:00 ---
[bridge] dir=\thuyen_check\logging\bk\EdgeMiner2\mt5\bridge model=tm_best_3m_64e3f742
[bridge] history bars=28383
Traceback (most recent call last):
Traceback (most recent call last):
  File "C:\Work\ThuyenRepo\EdgeMiner2\scripts\mt5_bridge_service.py", line 175, in <module>
    raise SystemExit(main())
  File "C:\Work\ThuyenRepo\EdgeMiner2\scripts\mt5_bridge_service.py", line 171, in main
    time.sleep(max(0.2, args.poll))
KeyboardInterrupt

--- start 2026-07-22T19:52:22+07:00 ---
[bridge] dir=\thuyen_check\logging\bk\EdgeMiner2\mt5\bridge model=tm_best_3m_64e3f742
[bridge] history bars=28383
Traceback (most recent call last):
  File "C:\Work\ThuyenRepo\EdgeMiner2\scripts\mt5_bridge_service.py", line 175, in <module>
    raise SystemExit(main())
                     ~~~~^^
  File "C:\Work\ThuyenRepo\EdgeMiner2\scripts\mt5_bridge_service.py", line 171, in main
    time.sleep(max(0.2, args.poll))
    ~~~~~~~~~~^^^^^^^^^^^^^^^^^^^^^
KeyboardInterrupt

--- start 2026-07-22T19:53:58+07:00 ---
[bridge] dir=\thuyen_check\logging\bk\EdgeMiner2\mt5\bridge model=tm_best_3m_64e3f742
[bridge] history bars=28383
Traceback (most recent call last):
  File "C:\Work\ThuyenRepo\EdgeMiner2\scripts\mt5_bridge_service.py", line 175, in <module>
    raise SystemExit(main())
                     ~~~~^^
  File "C:\Work\ThuyenRepo\EdgeMiner2\scripts\mt5_bridge_service.py", line 171, in main
    time.sleep(max(0.2, args.poll))
    ~~~~~~~~~~^^^^^^^^^^^^^^^^^^^^^
KeyboardInterrupt

--- start 2026-07-22T20:39:01+07:00 ---
[bridge] dir=\thuyen_check\logging\bk\EdgeMiner2\mt5\bridge model=tm_best_3m_64e3f742
[bridge] history bars=28383
Traceback (most recent call last):
  File "C:\Work\ThuyenRepo\EdgeMiner2\scripts\mt5_bridge_service.py", line 175, in <module>
    raise SystemExit(main())
                     ~~~~^^
  File "C:\Work\ThuyenRepo\EdgeMiner2\scripts\mt5_bridge_service.py", line 171, in main
    time.sleep(max(0.2, args.poll))
    ~~~~~~~~~~^^^^^^^^^^^^^^^^^^^^^
KeyboardInterrupt

--- start 2026-07-22T20:41:33+07:00 ---
[bridge] dir=\thuyen_check\logging\bk\EdgeMiner2\mt5\bridge model=tm_best_3m_64e3f742
[bridge] history bars=28383
Traceback (most recent call last):
  File "C:\Work\ThuyenRepo\EdgeMiner2\scripts\mt5_bridge_service.py", line 175, in <module>
    raise SystemExit(main())
                     ~~~~^^
  File "C:\Work\ThuyenRepo\EdgeMiner2\scripts\mt5_bridge_service.py", line 171, in main
    time.sleep(max(0.2, args.poll))
    ~~~~~~~~~~^^^^^^^^^^^^^^^^^^^^^
KeyboardInterrupt

--- start 2026-07-22T20:44:20+07:00 ---
[bridge] dir=\thuyen_check\logging\bk\EdgeMiner2\mt5\bridge model=tm_best_3m_64e3f742
[bridge] history bars=28383
Traceback (most recent call last):
  File "C:\Work\ThuyenRepo\EdgeMiner2\scripts\mt5_bridge_service.py", line 175, in <module>
    raise SystemExit(main())
                     ~~~~^^
  File "C:\Work\ThuyenRepo\EdgeMiner2\scripts\mt5_bridge_service.py", line 171, in main
    time.sleep(max(0.2, args.poll))
    ~~~~~~~~~~^^^^^^^^^^^^^^^^^^^^^
KeyboardInterrupt

--- start 2026-07-22T20:45:46+07:00 ---
[bridge] dir=\thuyen_check\logging\bk\EdgeMiner2\mt5\bridge model=tm_best_3m_64e3f742
[bridge] history bars=28383
Traceback (most recent call last):
  File "C:\Work\ThuyenRepo\EdgeMiner2\scripts\mt5_bridge_service.py", line 175, in <module>
    raise SystemExit(main())
                     ~~~~^^
  File "C:\Work\ThuyenRepo\EdgeMiner2\scripts\mt5_bridge_service.py", line 171, in main
    time.sleep(max(0.2, args.poll))
    ~~~~~~~~~~^^^^^^^^^^^^^^^^^^^^^
KeyboardInterrupt

--- start 2026-07-22T20:47:30+07:00 ---
[bridge] dir=\thuyen_check\logging\bk\EdgeMiner2\mt5\bridge model=tm_best_3m_64e3f742
[bridge] history bars=28383
Traceback (most recent call last):
  File "C:\Work\ThuyenRepo\EdgeMiner2\scripts\mt5_bridge_service.py", line 175, in <module>
    raise SystemExit(main())
                     ~~~~^^
  File "C:\Work\ThuyenRepo\EdgeMiner2\scripts\mt5_bridge_service.py", line 171, in main
    time.sleep(max(0.2, args.poll))
    ~~~~~~~~~~^^^^^^^^^^^^^^^^^^^^^
KeyboardInterrupt

--- start 2026-07-22T20:52:46+07:00 ---
[bridge] dir=\thuyen_check\logging\bk\EdgeMiner2\mt5\bridge model=tm_best_3m_64e3f742
[bridge] history bars=28383
Traceback (most recent call last):
  File "C:\Work\ThuyenRepo\EdgeMiner2\scripts\mt5_bridge_service.py", line 175, in <module>
    raise SystemExit(main())
                     ~~~~^^
  File "C:\Work\ThuyenRepo\EdgeMiner2\scripts\mt5_bridge_service.py", line 171, in main
    time.sleep(max(0.2, args.poll))
    ~~~~~~~~~~^^^^^^^^^^^^^^^^^^^^^
KeyboardInterrupt
[bridge] dir=C:\Work\ThuyenRepo\EdgeMiner2\mt5\bridge model=tm_best_3m_64e3f742
[bridge] history bars=28384
[bridge] bar=2026.07.22 16:00 action=FLAT reason=no_signal strat=Forge RR3 hybrid 4L2S price+bb #4ABF
[bridge] dir=C:\Work\ThuyenRepo\EdgeMiner2\mt5\bridge model=tm_best_3m_64e3f742
[bridge] history bars=28384
[bridge] bar=2026.07.22 16:00 action=FLAT reason=no_signal strat=Forge RR2 hybrid 4L2S price+bb #7202

--- start 2026-07-22T21:21:47+07:00 ---
[bridge] dir=C:\Work\ThuyenRepo\EdgeMiner2\mt5\bridge model=tm_best_3m_64e3f742
[bridge] history bars=28384
[bridge] bar=2026.07.22 16:00 action=FLAT reason=no_signal strat=Forge RR2.5 hybrid 4L2S price+bb #4ECA
[bridge] dir=C:\Work\ThuyenRepo\EdgeMiner2\mt5\bridge model=tm_best_3m_64e3f742
[bridge] history bars=28384
[bridge] bar=2026.07.22 16:00 action=FLAT reason=no_signal strat=Forge RR3 hybrid 3L2S price+bb #250A
[bridge] dir=C:\Work\ThuyenRepo\EdgeMiner2\mt5\bridge model=tm_best_3m_64e3f742
[bridge] history bars=28384
[bridge] bar=2026.07.22 16:00 action=FLAT reason=no_signal strat=Forge RR2 hybrid 4L2S price+bb #F2B1
[bridge] dir=C:\Work\ThuyenRepo\EdgeMiner2\mt5\bridge model=tm_best_3m_64e3f742
[bridge] history bars=28384
[bridge] bar=2026.07.22 16:00 action=FLAT reason=no_signal strat=Forge RR3 hybrid 4L2S price+bb #13F6
[bridge] live monitor=http://127.0.0.1:8765
[bridge] dir=C:\Work\ThuyenRepo\EdgeMiner2\mt5\bridge model=tm_best_3m_64e3f742
[bridge] history bars=28384
[bridge] bar=2026.07.22 16:00 action=FLAT reason=no_signal strat=Forge RR2 hybrid 4L2S price+bb #A42F
[bridge] bar=2026.07.22 17:00 action=FLAT reason=no_signal strat=Forge RR2 hybrid 4L2S price+bb #7202
[bridge] bar=2026.07.22 17:00 action=FLAT reason=no_signal strat=Forge RR2 hybrid 4L2S price+bb #A42F
[bridge] live monitor=http://127.0.0.1:8765
[bridge] dir=C:\Work\ThuyenRepo\EdgeMiner2\mt5\bridge model=tm_best_3m_64e3f742
[bridge] history bars=28385
[bridge] bar=2026.07.22 17:00 action=FLAT reason=no_signal strat=Forge RR3 hybrid 4L2S price+atr #6B3E
[bridge] live monitor=http://127.0.0.1:8765
[bridge] dir=C:\Work\ThuyenRepo\EdgeMiner2\mt5\bridge model=tm_train9m_kb_ep2_bf8002
[bridge] history bars=28385
[bridge] bar=2026.07.22 17:00 action=FLAT reason=no_signal strat=Forge RR3 hybrid 4L2S price+bb #CF94
[bridge] live monitor=http://127.0.0.1:8765
[bridge] dir=C:\Work\ThuyenRepo\EdgeMiner2\mt5\bridge model=tm_train9m_kb_ep2_bf8002
[bridge] history bars=28385
[bridge] bar=2026.07.22 17:00 action=FLAT reason=no_signal strat=Forge RR3 hybrid 4L2S price+bb #534F
[bridge] bar=2026.07.22 17:00 action=FLAT reason=no_signal strat=Forge RR3 hybrid 4L2S price+bb #534F
[bridge] bar=2026.07.22 17:00 action=FLAT reason=no_signal strat=Forge RR3 hybrid 4L2S price+atr #0585
[bridge] bar=2026.07.22 17:00 action=FLAT reason=no_signal strat=Forge RR2 hybrid 4L2S price+bb #C318
[bridge] bar=2026.07.22 18:00 action=FLAT reason=no_signal strat=Forge RR2 hybrid 4L2S price+bb #C318
[bridge] ERROR: index 28385 is out of bounds for axis 0 with size 28385
[bridge] ERROR: index 28385 is out of bounds for axis 0 with size 28385
[bridge] ERROR: index 28385 is out of bounds for axis 0 with size 28385
[bridge] ERROR: index 28385 is out of bounds for axis 0 with size 28385
[bridge] ERROR: index 28385 is out of bounds for axis 0 with size 28385
[bridge] ERROR: index 28385 is out of bounds for axis 0 with size 28385
[bridge] ERROR: index 28385 is out of bounds for axis 0 with size 28385
[bridge] ERROR: index 28385 is out of bounds for axis 0 with size 28385
[bridge] ERROR: index 28385 is out of bounds for axis 0 with size 28385
[bridge] ERROR: index 28385 is out of bounds for axis 0 with size 28385
[bridge] ERROR: index 28385 is out of bounds for axis 0 with size 28385
[bridge] ERROR: index 28385 is out of bounds for axis 0 with size 28385
[bridge] ERROR: index 28385 is out of bounds for axis 0 with size 28385
[bridge] ERROR: index 28385 is out of bounds for axis 0 with size 28385
[bridge] ERROR: index 28385 is out of bounds for axis 0 with size 28385
[bridge] ERROR: index 28385 is out of bounds for axis 0 with size 28385
[bridge] ERROR: index 28385 is out of bounds for axis 0 with size 28385
[bridge] ERROR: index 28385 is out of bounds for axis 0 with size 28385
[bridge] ERROR: index 28385 is out of bounds for axis 0 with size 28385
[bridge] ERROR: index 28385 is out of bounds for axis 0 with size 28385
[bridge] ERROR: index 28385 is out of bounds for axis 0 with size 28385
[bridge] ERROR: index 28385 is out of bounds for axis 0 with size 28385
[bridge] ERROR: index 28385 is out of bounds for axis 0 with size 28385
[bridge] ERROR: index 28385 is out of bounds for axis 0 with size 28385
[bridge] ERROR: index 28385 is out of bounds for axis 0 with size 28385
[bridge] ERROR: index 28385 is out of bounds for axis 0 with size 28385
[bridge] ERROR: index 28385 is out of bounds for axis 0 with size 28385
[bridge] ERROR: index 28385 is out of bounds for axis 0 with size 28385
[bridge] ERROR: index 28385 is out of bounds for axis 0 with size 28385
[bridge] ERROR: index 28385 is out of bounds for axis 0 with size 28385
[bridge] ERROR: index 28385 is out of bounds for axis 0 with size 28385
[bridge] ERROR: index 28385 is out of bounds for axis 0 with size 28385
[bridge] ERROR: index 28385 is out of bounds for axis 0 with size 28385
[bridge] ERROR: index 28385 is out of bounds for axis 0 with size 28385
[bridge] ERROR: index 28385 is out of bounds for axis 0 with size 28385
[bridge] ERROR: index 28385 is out of bounds for axis 0 with size 28385
[bridge] ERROR: index 28385 is out of bounds for axis 0 with size 28385
[bridge] ERROR: index 28385 is out of bounds for axis 0 with size 28385
[bridge] ERROR: index 28385 is out of bounds for axis 0 with size 28385
[bridge] ERROR: index 28385 is out of bounds for axis 0 with size 28385
[bridge] ERROR: index 28385 is out of bounds for axis 0 with size 28385
[bridge] ERROR: index 28385 is out of bounds for axis 0 with size 28385
[bridge] ERROR: index 28385 is out of bounds for axis 0 with size 28385
[bridge] ERROR: index 28385 is out of bounds for axis 0 with size 28385
[bridge] ERROR: index 28385 is out of bounds for axis 0 with size 28385
[bridge] ERROR: index 28385 is out of bounds for axis 0 with size 28385
[bridge] ERROR: index 28385 is out of bounds for axis 0 with size 28385
[bridge] ERROR: index 28385 is out of bounds for axis 0 with size 28385
[bridge] ERROR: index 28385 is out of bounds for axis 0 with size 28385
[bridge] ERROR: index 28385 is out of bounds for axis 0 with size 28385
[bridge] ERROR: index 28385 is out of bounds for axis 0 with size 28385
[bridge] ERROR: index 28385 is out of bounds for axis 0 with size 28385
[bridge] ERROR: index 28385 is out of bounds for axis 0 with size 28385
[bridge] ERROR: index 28385 is out of bounds for axis 0 with size 28385
[bridge] ERROR: index 28385 is out of bounds for axis 0 with size 28385
[bridge] ERROR: index 28385 is out of bounds for axis 0 with size 28385
[bridge] ERROR: index 28385 is out of bounds for axis 0 with size 28385
[bridge] ERROR: index 28385 is out of bounds for axis 0 with size 28385
[bridge] ERROR: index 28385 is out of bounds for axis 0 with size 28385
[bridge] ERROR: index 28385 is out of bounds for axis 0 with size 28385
[bridge] ERROR: index 28385 is out of bounds for axis 0 with size 28385
[bridge] ERROR: index 28385 is out of bounds for axis 0 with size 28385
[bridge] ERROR: index 28385 is out of bounds for axis 0 with size 28385
[bridge] ERROR: index 28385 is out of bounds for axis 0 with size 28385
[bridge] ERROR: index 28385 is out of bounds for axis 0 with size 28385
[bridge] ERROR: index 28385 is out of bounds for axis 0 with size 28385
[bridge] ERROR: index 28385 is out of bounds for axis 0 with size 28385
[bridge] ERROR: index 28385 is out of bounds for axis 0 with size 28385
[bridge] ERROR: index 28385 is out of bounds for axis 0 with size 28385
[bridge] ERROR: index 28385 is out of bounds for axis 0 with size 28385
[bridge] ERROR: index 28385 is out of bounds for axis 0 with size 28385
[bridge] ERROR: index 28385 is out of bounds for axis 0 with size 28385
[bridge] ERROR: index 28385 is out of bounds for axis 0 with size 28385
[bridge] ERROR: index 28385 is out of bounds for axis 0 with size 28385
[bridge] ERROR: index 28385 is out of bounds for axis 0 with size 28385
[bridge] ERROR: index 28385 is out of bounds for axis 0 with size 28385
[bridge] ERROR: index 28385 is out of bounds for axis 0 with size 28385
[bridge] ERROR: index 28385 is out of bounds for axis 0 with size 28385
[bridge] ERROR: index 28385 is out of bounds for axis 0 with size 28385
[bridge] ERROR: index 28385 is out of bounds for axis 0 with size 28385
[bridge] ERROR: index 28385 is out of bounds for axis 0 with size 28385
[bridge] ERROR: index 28385 is out of bounds for axis 0 with size 28385
[bridge] ERROR: index 28385 is out of bounds for axis 0 with size 28385
[bridge] ERROR: index 28385 is out of bounds for axis 0 with size 28385
[bridge] ERROR: index 28385 is out of bounds for axis 0 with size 28385
[bridge] ERROR: index 28385 is out of bounds for axis 0 with size 28385
[bridge] ERROR: index 28385 is out of bounds for axis 0 with size 28385
[bridge] ERROR: index 28385 is out of bounds for axis 0 with size 28385
[bridge] ERROR: index 28385 is out of bounds for axis 0 with size 28385
[bridge] ERROR: index 28385 is out of bounds for axis 0 with size 28385
[bridge] ERROR: index 28385 is out of bounds for axis 0 with size 28385
[bridge] ERROR: index 28385 is out of bounds for axis 0 with size 28385
[bridge] ERROR: index 28385 is out of bounds for axis 0 with size 28385
[bridge] ERROR: index 28385 is out of bounds for axis 0 with size 28385
[bridge] ERROR: index 28385 is out of bounds for axis 0 with size 28385
[bridge] ERROR: index 28385 is out of bounds for axis 0 with size 28385
[bridge] ERROR: index 28385 is out of bounds for axis 0 with size 28385
[bridge] ERROR: index 28385 is out of bounds for axis 0 with size 28385
[bridge] ERROR: index 28385 is out of bounds for axis 0 with size 28385
[bridge] ERROR: index 28385 is out of bounds for axis 0 with size 28385
[bridge] ERROR: index 28385 is out of bounds for axis 0 with size 28385
[bridge] ERROR: index 28385 is out of bounds for axis 0 with size 28385
[bridge] ERROR: index 28385 is out of bounds for axis 0 with size 28385
[bridge] ERROR: index 28385 is out of bounds for axis 0 with size 28385
[bridge] ERROR: index 28385 is out of bounds for axis 0 with size 28385
[bridge] ERROR: index 28385 is out of bounds for axis 0 with size 28385
[bridge] ERROR: index 28385 is out of bounds for axis 0 with size 28385
[bridge] ERROR: index 28385 is out of bounds for axis 0 with size 28385
[bridge] ERROR: index 28385 is out of bounds for axis 0 with size 28385
[bridge] ERROR: index 28385 is out of bounds for axis 0 with size 28385
[bridge] ERROR: index 28385 is out of bounds for axis 0 with size 28385
[bridge] ERROR: index 28385 is out of bounds for axis 0 with size 28385
[bridge] ERROR: index 28385 is out of bounds for axis 0 with size 28385
[bridge] ERROR: index 28385 is out of bounds for axis 0 with size 28385
[bridge] ERROR: index 28385 is out of bounds for axis 0 with size 28385
[bridge] ERROR: index 28385 is out of bounds for axis 0 with size 28385
[bridge] ERROR: index 28385 is out of bounds for axis 0 with size 28385
[bridge] ERROR: index 28385 is out of bounds for axis 0 with size 28385
[bridge] ERROR: index 28385 is out of bounds for axis 0 with size 28385
[bridge] ERROR: index 28385 is out of bounds for axis 0 with size 28385
[bridge] ERROR: index 28385 is out of bounds for axis 0 with size 28385
[bridge] ERROR: index 28385 is out of bounds for axis 0 with size 28385
[bridge] ERROR: index 28385 is out of bounds for axis 0 with size 28385
[bridge] ERROR: index 28385 is out of bounds for axis 0 with size 28385
[bridge] ERROR: index 28385 is out of bounds for axis 0 with size 28385
[bridge] ERROR: index 28385 is out of bounds for axis 0 with size 28385
[bridge] ERROR: index 28385 is out of bounds for axis 0 with size 28385
[bridge] ERROR: index 28385 is out of bounds for axis 0 with size 28385
[bridge] ERROR: index 28385 is out of bounds for axis 0 with size 28385
[bridge] ERROR: index 28385 is out of bounds for axis 0 with size 28385
[bridge] ERROR: index 28385 is out of bounds for axis 0 with size 28385
[bridge] ERROR: index 28385 is out of bounds for axis 0 with size 28385
[bridge] ERROR: index 28385 is out of bounds for axis 0 with size 28385
[bridge] ERROR: index 28385 is out of bounds for axis 0 with size 28385
[bridge] ERROR: index 28385 is out of bounds for axis 0 with size 28385
[bridge] ERROR: index 28385 is out of bounds for axis 0 with size 28385
[bridge] ERROR: index 28385 is out of bounds for axis 0 with size 28385
[bridge] ERROR: index 28385 is out of bounds for axis 0 with size 28385
[bridge] ERROR: index 28385 is out of bounds for axis 0 with size 28385
[bridge] ERROR: index 28385 is out of bounds for axis 0 with size 28385
[bridge] ERROR: index 28385 is out of bounds for axis 0 with size 28385
[bridge] ERROR: index 28385 is out of bounds for axis 0 with size 28385
[bridge] ERROR: index 28385 is out of bounds for axis 0 with size 28385
[bridge] ERROR: index 28385 is out of bounds for axis 0 with size 28385
[bridge] ERROR: index 28385 is out of bounds for axis 0 with size 28385
[bridge] ERROR: index 28385 is out of bounds for axis 0 with size 28385
[bridge] ERROR: index 28385 is out of bounds for axis 0 with size 28385
[bridge] ERROR: index 28385 is out of bounds for axis 0 with size 28385
[bridge] ERROR: index 28385 is out of bounds for axis 0 with size 28385
[bridge] ERROR: index 28385 is out of bounds for axis 0 with size 28385
[bridge] ERROR: index 28385 is out of bounds for axis 0 with size 28385
[bridge] ERROR: index 28385 is out of bounds for axis 0 with size 28385
[bridge] ERROR: index 28385 is out of bounds for axis 0 with size 28385
[bridge] ERROR: index 28385 is out of bounds for axis 0 with size 28385
[bridge] ERROR: index 28385 is out of bounds for axis 0 with size 28385
[bridge] ERROR: index 28385 is out of bounds for axis 0 with size 28385
[bridge] ERROR: index 28385 is out of bounds for axis 0 with size 28385
[bridge] ERROR: index 28385 is out of bounds for axis 0 with size 28385
[bridge] ERROR: index 28385 is out of bounds for axis 0 with size 28385
[bridge] ERROR: index 28385 is out of bounds for axis 0 with size 28385
[bridge] ERROR: index 28385 is out of bounds for axis 0 with size 28385
[bridge] ERROR: index 28385 is out of bounds for axis 0 with size 28385
[bridge] ERROR: index 28385 is out of bounds for axis 0 with size 28385
[bridge] ERROR: index 28385 is out of bounds for axis 0 with size 28385
[bridge] ERROR: index 28385 is out of bounds for axis 0 with size 28385
[bridge] ERROR: index 28385 is out of bounds for axis 0 with size 28385
[bridge] ERROR: index 28385 is out of bounds for axis 0 with size 28385
[bridge] ERROR: index 28385 is out of bounds for axis 0 with size 28385
[bridge] ERROR: index 28385 is out of bounds for axis 0 with size 28385
[bridge] ERROR: index 28385 is out of bounds for axis 0 with size 28385
[bridge] ERROR: index 28385 is out of bounds for axis 0 with size 28385
[bridge] ERROR: index 28385 is out of bounds for axis 0 with size 28385
[bridge] ERROR: index 28385 is out of bounds for axis 0 with size 28385
[bridge] ERROR: index 28385 is out of bounds for axis 0 with size 28385
[bridge] ERROR: index 28385 is out of bounds for axis 0 with size 28385
[bridge] ERROR: index 28385 is out of bounds for axis 0 with size 28385
[bridge] ERROR: index 28385 is out of bounds for axis 0 with size 28385
[bridge] ERROR: index 28385 is out of bounds for axis 0 with size 28385
[bridge] ERROR: index 28385 is out of bounds for axis 0 with size 28385
[bridge] ERROR: index 28385 is out of bounds for axis 0 with size 28385
[bridge] ERROR: index 28385 is out of bounds for axis 0 with size 28385
[bridge] ERROR: index 28385 is out of bounds for axis 0 with size 28385
[bridge] ERROR: index 28385 is out of bounds for axis 0 with size 28385
[bridge] ERROR: index 28385 is out of bounds for axis 0 with size 28385
[bridge] ERROR: index 28385 is out of bounds for axis 0 with size 28385
[bridge] ERROR: index 28385 is out of bounds for axis 0 with size 28385
[bridge] ERROR: index 28385 is out of bounds for axis 0 with size 28385
[bridge] ERROR: index 28385 is out of bounds for axis 0 with size 28385
[bridge] ERROR: index 28385 is out of bounds for axis 0 with size 28385
[bridge] ERROR: index 28385 is out of bounds for axis 0 with size 28385
[bridge] ERROR: index 28385 is out of bounds for axis 0 with size 28385
[bridge] ERROR: index 28385 is out of bounds for axis 0 with size 28385
[bridge] ERROR: index 28385 is out of bounds for axis 0 with size 28385
[bridge] ERROR: index 28385 is out of bounds for axis 0 with size 28385
[bridge] ERROR: index 28385 is out of bounds for axis 0 with size 28385
[bridge] ERROR: index 28385 is out of bounds for axis 0 with size 28385
[bridge] ERROR: index 28385 is out of bounds for axis 0 with size 28385
[bridge] ERROR: index 28385 is out of bounds for axis 0 with size 28385
[bridge] ERROR: index 28385 is out of bounds for axis 0 with size 28385
[bridge] ERROR: index 28385 is out of bounds for axis 0 with size 28385
[bridge] ERROR: index 28385 is out of bounds for axis 0 with size 28385
[bridge] ERROR: index 28385 is out of bounds for axis 0 with size 28385
[bridge] ERROR: index 28385 is out of bounds for axis 0 with size 28385
[bridge] ERROR: index 28385 is out of bounds for axis 0 with size 28385
[bridge] ERROR: index 28385 is out of bounds for axis 0 with size 28385
[bridge] ERROR: index 28385 is out of bounds for axis 0 with size 28385
[bridge] ERROR: index 28385 is out of bounds for axis 0 with size 28385
[bridge] ERROR: index 28385 is out of bounds for axis 0 with size 28385
[bridge] ERROR: index 28385 is out of bounds for axis 0 with size 28385
[bridge] ERROR: index 28385 is out of bounds for axis 0 with size 28385
[bridge] ERROR: index 28385 is out of bounds for axis 0 with size 28385
[bridge] ERROR: index 28385 is out of bounds for axis 0 with size 28385
[bridge] ERROR: index 28385 is out of bounds for axis 0 with size 28385
[bridge] ERROR: index 28385 is out of bounds for axis 0 with size 28385
[bridge] ERROR: index 28385 is out of bounds for axis 0 with size 28385
[bridge] ERROR: index 28385 is out of bounds for axis 0 with size 28385
[bridge] ERROR: index 28385 is out of bounds for axis 0 with size 28385
[bridge] ERROR: index 28385 is out of bounds for axis 0 with size 28385
[bridge] ERROR: index 28385 is out of bounds for axis 0 with size 28385
[bridge] ERROR: index 28385 is out of bounds for axis 0 with size 28385
[bridge] ERROR: index 28385 is out of bounds for axis 0 with size 28385
[bridge] ERROR: index 28385 is out of bounds for axis 0 with size 28385
[bridge] ERROR: index 28385 is out of bounds for axis 0 with size 28385
[bridge] ERROR: index 28385 is out of bounds for axis 0 with size 28385
[bridge] ERROR: index 28385 is out of bounds for axis 0 with size 28385
[bridge] ERROR: index 28385 is out of bounds for axis 0 with size 28385
[bridge] ERROR: index 28385 is out of bounds for axis 0 with size 28385
[bridge] ERROR: index 28385 is out of bounds for axis 0 with size 28385
[bridge] ERROR: index 28385 is out of bounds for axis 0 with size 28385
[bridge] ERROR: index 28385 is out of bounds for axis 0 with size 28385
[bridge] ERROR: index 28385 is out of bounds for axis 0 with size 28385
[bridge] ERROR: index 28385 is out of bounds for axis 0 with size 28385
[bridge] ERROR: index 28385 is out of bounds for axis 0 with size 28385
[bridge] ERROR: index 28385 is out of bounds for axis 0 with size 28385
[bridge] ERROR: index 28385 is out of bounds for axis 0 with size 28385
[bridge] ERROR: index 28385 is out of bounds for axis 0 with size 28385
[bridge] ERROR: index 28385 is out of bounds for axis 0 with size 28385
[bridge] ERROR: index 28385 is out of bounds for axis 0 with size 28385
[bridge] ERROR: index 28385 is out of bounds for axis 0 with size 28385
[bridge] ERROR: index 28385 is out of bounds for axis 0 with size 28385
[bridge] ERROR: index 28385 is out of bounds for axis 0 with size 28385
[bridge] ERROR: index 28385 is out of bounds for axis 0 with size 28385
[bridge] ERROR: index 28385 is out of bounds for axis 0 with size 28385
[bridge] ERROR: index 28385 is out of bounds for axis 0 with size 28385
[bridge] ERROR: index 28385 is out of bounds for axis 0 with size 28385
[bridge] ERROR: index 28385 is out of bounds for axis 0 with size 28385
[bridge] ERROR: index 28385 is out of bounds for axis 0 with size 28385
[bridge] ERROR: index 28385 is out of bounds for axis 0 with size 28385
[bridge] ERROR: index 28385 is out of bounds for axis 0 with size 28385
[bridge] ERROR: index 28385 is out of bounds for axis 0 with size 28385
[bridge] ERROR: index 28385 is out of bounds for axis 0 with size 28385
[bridge] ERROR: index 28385 is out of bounds for axis 0 with size 28385
[bridge] ERROR: index 28385 is out of bounds for axis 0 with size 28385
[bridge] ERROR: index 28385 is out of bounds for axis 0 with size 28385
[bridge] ERROR: index 28385 is out of bounds for axis 0 with size 28385
[bridge] ERROR: index 28385 is out of bounds for axis 0 with size 28385
[bridge] ERROR: index 28385 is out of bounds for axis 0 with size 28385
[bridge] ERROR: index 28385 is out of bounds for axis 0 with size 28385
[bridge] ERROR: index 28385 is out of bounds for axis 0 with size 28385
[bridge] ERROR: index 28385 is out of bounds for axis 0 with size 28385
[bridge] ERROR: index 28385 is out of bounds for axis 0 with size 28385
[bridge] ERROR: index 28385 is out of bounds for axis 0 with size 28385
[bridge] ERROR: index 28385 is out of bounds for axis 0 with size 28385
[bridge] ERROR: index 28385 is out of bounds for axis 0 with size 28385
[bridge] ERROR: index 28385 is out of bounds for axis 0 with size 28385
[bridge] ERROR: index 28385 is out of bounds for axis 0 with size 28385
[bridge] ERROR: index 28385 is out of bounds for axis 0 with size 28385
[bridge] ERROR: index 28385 is out of bounds for axis 0 with size 28385
[bridge] ERROR: index 28385 is out of bounds for axis 0 with size 28385
[bridge] ERROR: index 28385 is out of bounds for axis 0 with size 28385
[bridge] ERROR: index 28385 is out of bounds for axis 0 with size 28385
[bridge] ERROR: index 28385 is out of bounds for axis 0 with size 28385
[bridge] ERROR: index 28385 is out of bounds for axis 0 with size 28385
[bridge] ERROR: index 28385 is out of bounds for axis 0 with size 28385
[bridge] ERROR: index 28385 is out of bounds for axis 0 with size 28385
[bridge] ERROR: index 28385 is out of bounds for axis 0 with size 28385
[bridge] ERROR: index 28385 is out of bounds for axis 0 with size 28385
[bridge] ERROR: index 28385 is out of bounds for axis 0 with size 28385
[bridge] ERROR: index 28385 is out of bounds for axis 0 with size 28385
[bridge] ERROR: index 28385 is out of bounds for axis 0 with size 28385
[bridge] ERROR: index 28385 is out of bounds for axis 0 with size 28385
[bridge] ERROR: index 28385 is out of bounds for axis 0 with size 28385
[bridge] ERROR: index 28385 is out of bounds for axis 0 with size 28385
[bridge] ERROR: index 28385 is out of bounds for axis 0 with size 28385
[bridge] ERROR: index 28385 is out of bounds for axis 0 with size 28385
[bridge] ERROR: index 28385 is out of bounds for axis 0 with size 28385
[bridge] ERROR: index 28385 is out of bounds for axis 0 with size 28385
[bridge] ERROR: index 28385 is out of bounds for axis 0 with size 28385
[bridge] ERROR: index 28385 is out of bounds for axis 0 with size 28385
[bridge] ERROR: index 28385 is out of bounds for axis 0 with size 28385
[bridge] ERROR: index 28385 is out of bounds for axis 0 with size 28385
[bridge] ERROR: index 28385 is out of bounds for axis 0 with size 28385
[bridge] ERROR: index 28385 is out of bounds for axis 0 with size 28385
[bridge] ERROR: index 28385 is out of bounds for axis 0 with size 28385
[bridge] ERROR: index 28385 is out of bounds for axis 0 with size 28385
[bridge] ERROR: index 28385 is out of bounds for axis 0 with size 28385
[bridge] ERROR: index 28385 is out of bounds for axis 0 with size 28385
[bridge] ERROR: index 28385 is out of bounds for axis 0 with size 28385
[bridge] ERROR: index 28385 is out of bounds for axis 0 with size 28385
[bridge] ERROR: index 28385 is out of bounds for axis 0 with size 28385
[bridge] ERROR: index 28385 is out of bounds for axis 0 with size 28385
[bridge] ERROR: index 28385 is out of bounds for axis 0 with size 28385
[bridge] ERROR: index 28385 is out of bounds for axis 0 with size 28385
[bridge] ERROR: index 28385 is out of bounds for axis 0 with size 28385
[bridge] ERROR: index 28385 is out of bounds for axis 0 with size 28385
[bridge] ERROR: index 28385 is out of bounds for axis 0 with size 28385
[bridge] ERROR: index 28385 is out of bounds for axis 0 with size 28385
[bridge] ERROR: index 28385 is out of bounds for axis 0 with size 28385
[bridge] ERROR: index 28385 is out of bounds for axis 0 with size 28385
[bridge] ERROR: index 28385 is out of bounds for axis 0 with size 28385
[bridge] ERROR: index 28385 is out of bounds for axis 0 with size 28385
[bridge] ERROR: index 28385 is out of bounds for axis 0 with size 28385
[bridge] ERROR: index 28385 is out of bounds for axis 0 with size 28385
[bridge] ERROR: index 28385 is out of bounds for axis 0 with size 28385
[bridge] ERROR: index 28385 is out of bounds for axis 0 with size 28385
[bridge] ERROR: index 28385 is out of bounds for axis 0 with size 28385
[bridge] ERROR: index 28385 is out of bounds for axis 0 with size 28385
[bridge] ERROR: index 28385 is out of bounds for axis 0 with size 28385
[bridge] ERROR: index 28385 is out of bounds for axis 0 with size 28385
[bridge] ERROR: index 28385 is out of bounds for axis 0 with size 28385
[bridge] ERROR: index 28385 is out of bounds for axis 0 with size 28385
[bridge] ERROR: index 28385 is out of bounds for axis 0 with size 28385
[bridge] ERROR: index 28385 is out of bounds for axis 0 with size 28385
[bridge] ERROR: index 28385 is out of bounds for axis 0 with size 28385
[bridge] ERROR: index 28385 is out of bounds for axis 0 with size 28385
[bridge] ERROR: index 28385 is out of bounds for axis 0 with size 28385
[bridge] ERROR: index 28385 is out of bounds for axis 0 with size 28385
[bridge] ERROR: index 28385 is out of bounds for axis 0 with size 28385
[bridge] ERROR: index 28385 is out of bounds for axis 0 with size 28385
[bridge] ERROR: index 28385 is out of bounds for axis 0 with size 28385
[bridge] ERROR: index 28385 is out of bounds for axis 0 with size 28385
[bridge] ERROR: index 28385 is out of bounds for axis 0 with size 28385
[bridge] ERROR: index 28385 is out of bounds for axis 0 with size 28385
[bridge] ERROR: index 28385 is out of bounds for axis 0 with size 28385
[bridge] ERROR: index 28385 is out of bounds for axis 0 with size 28385
[bridge] ERROR: index 28385 is out of bounds for axis 0 with size 28385
[bridge] ERROR: index 28385 is out of bounds for axis 0 with size 28385
[bridge] ERROR: index 28385 is out of bounds for axis 0 with size 28385
[bridge] ERROR: index 28385 is out of bounds for axis 0 with size 28385
[bridge] ERROR: index 28385 is out of bounds for axis 0 with size 28385
[bridge] ERROR: index 28385 is out of bounds for axis 0 with size 28385
[bridge] ERROR: index 28385 is out of bounds for axis 0 with size 28385
[bridge] ERROR: index 28385 is out of bounds for axis 0 with size 28385
[bridge] ERROR: index 28385 is out of bounds for axis 0 with size 28385
[bridge] ERROR: index 28385 is out of bounds for axis 0 with size 28385
[bridge] ERROR: index 28385 is out of bounds for axis 0 with size 28385
[bridge] ERROR: index 28385 is out of bounds for axis 0 with size 28385
[bridge] ERROR: index 28385 is out of bounds for axis 0 with size 28385
[bridge] ERROR: index 28385 is out of bounds for axis 0 with size 28385
[bridge] ERROR: index 28385 is out of bounds for axis 0 with size 28385
[bridge] ERROR: index 28385 is out of bounds for axis 0 with size 28385
[bridge] ERROR: index 28385 is out of bounds for axis 0 with size 28385
[bridge] ERROR: index 28385 is out of bounds for axis 0 with size 28385
[bridge] ERROR: index 28385 is out of bounds for axis 0 with size 28385
[bridge] ERROR: index 28385 is out of bounds for axis 0 with size 28385
[bridge] ERROR: index 28385 is out of bounds for axis 0 with size 28385
[bridge] ERROR: index 28385 is out of bounds for axis 0 with size 28385
[bridge] ERROR: index 28385 is out of bounds for axis 0 with size 28385
[bridge] ERROR: index 28385 is out of bounds for axis 0 with size 28385
[bridge] ERROR: index 28385 is out of bounds for axis 0 with size 28385
[bridge] ERROR: index 28385 is out of bounds for axis 0 with size 28385
[bridge] ERROR: index 28385 is out of bounds for axis 0 with size 28385
[bridge] ERROR: index 28385 is out of bounds for axis 0 with size 28385
[bridge] ERROR: index 28385 is out of bounds for axis 0 with size 28385
[bridge] ERROR: index 28385 is out of bounds for axis 0 with size 28385
[bridge] ERROR: index 28385 is out of bounds for axis 0 with size 28385
[bridge] ERROR: index 28385 is out of bounds for axis 0 with size 28385
[bridge] ERROR: index 28385 is out of bounds for axis 0 with size 28385
[bridge] ERROR: index 28385 is out of bounds for axis 0 with size 28385
[bridge] ERROR: index 28385 is out of bounds for axis 0 with size 28385
[bridge] ERROR: index 28385 is out of bounds for axis 0 with size 28385
[bridge] ERROR: index 28385 is out of bounds for axis 0 with size 28385
[bridge] ERROR: index 28385 is out of bounds for axis 0 with size 28385
[bridge] ERROR: index 28385 is out of bounds for axis 0 with size 28385
[bridge] ERROR: index 28385 is out of bounds for axis 0 with size 28385
[bridge] ERROR: index 28385 is out of bounds for axis 0 with size 28385
[bridge] ERROR: index 28385 is out of bounds for axis 0 with size 28385
[bridge] ERROR: index 28385 is out of bounds for axis 0 with size 28385
[bridge] ERROR: index 28385 is out of bounds for axis 0 with size 28385
[bridge] ERROR: index 28385 is out of bounds for axis 0 with size 28385
[bridge] ERROR: index 28385 is out of bounds for axis 0 with size 28385
[bridge] ERROR: index 28385 is out of bounds for axis 0 with size 28385
[bridge] ERROR: index 28385 is out of bounds for axis 0 with size 28385
[bridge] ERROR: index 28385 is out of bounds for axis 0 with size 28385
[bridge] ERROR: index 28385 is out of bounds for axis 0 with size 28385
[bridge] ERROR: index 28385 is out of bounds for axis 0 with size 28385
[bridge] ERROR: index 28385 is out of bounds for axis 0 with size 28385
[bridge] ERROR: index 28385 is out of bounds for axis 0 with size 28385
[bridge] ERROR: index 28385 is out of bounds for axis 0 with size 28385
[bridge] ERROR: index 28385 is out of bounds for axis 0 with size 28385
[bridge] ERROR: index 28385 is out of bounds for axis 0 with size 28385
[bridge] ERROR: index 28385 is out of bounds for axis 0 with size 28385
[bridge] ERROR: index 28385 is out of bounds for axis 0 with size 28385
[bridge] ERROR: index 28385 is out of bounds for axis 0 with size 28385
[bridge] ERROR: index 28385 is out of bounds for axis 0 with size 28385
[bridge] ERROR: index 28385 is out of bounds for axis 0 with size 28385
[bridge] ERROR: index 28385 is out of bounds for axis 0 with size 28385
[bridge] ERROR: index 28385 is out of bounds for axis 0 with size 28385
[bridge] ERROR: index 28385 is out of bounds for axis 0 with size 28385
[bridge] ERROR: index 28385 is out of bounds for axis 0 with size 28385
[bridge] ERROR: index 28385 is out of bounds for axis 0 with size 28385
[bridge] ERROR: index 28385 is out of bounds for axis 0 with size 28385
[bridge] ERROR: index 28385 is out of bounds for axis 0 with size 28385
[bridge] ERROR: index 28385 is out of bounds for axis 0 with size 28385
[bridge] ERROR: index 28385 is out of bounds for axis 0 with size 28385
[bridge] ERROR: index 28385 is out of bounds for axis 0 with size 28385
[bridge] ERROR: index 28385 is out of bounds for axis 0 with size 28385
[bridge] ERROR: index 28385 is out of bounds for axis 0 with size 28385
[bridge] ERROR: index 28385 is out of bounds for axis 0 with size 28385
[bridge] ERROR: index 28385 is out of bounds for axis 0 with size 28385
[bridge] ERROR: index 28385 is out of bounds for axis 0 with size 28385
[bridge] ERROR: index 28385 is out of bounds for axis 0 with size 28385
[bridge] ERROR: index 28385 is out of bounds for axis 0 with size 28385
[bridge] ERROR: index 28385 is out of bounds for axis 0 with size 28385
[bridge] ERROR: index 28385 is out of bounds for axis 0 with size 28385
[bridge] ERROR: index 28385 is out of bounds for axis 0 with size 28385
[bridge] ERROR: index 28385 is out of bounds for axis 0 with size 28385
[bridge] ERROR: index 28385 is out of bounds for axis 0 with size 28385
[bridge] ERROR: index 28385 is out of bounds for axis 0 with size 28385
[bridge] ERROR: index 28385 is out of bounds for axis 0 with size 28385
[bridge] ERROR: index 28385 is out of bounds for axis 0 with size 28385
[bridge] ERROR: index 28385 is out of bounds for axis 0 with size 28385
[bridge] ERROR: index 28385 is out of bounds for axis 0 with size 28385
[bridge] ERROR: index 28385 is out of bounds for axis 0 with size 28385
[bridge] ERROR: index 28385 is out of bounds for axis 0 with size 28385
[bridge] ERROR: index 28385 is out of bounds for axis 0 with size 28385
[bridge] ERROR: index 28385 is out of bounds for axis 0 with size 28385
[bridge] ERROR: index 28385 is out of bounds for axis 0 with size 28385
[bridge] ERROR: index 28385 is out of bounds for axis 0 with size 28385
[bridge] ERROR: index 28385 is out of bounds for axis 0 with size 28385
[bridge] ERROR: index 28385 is out of bounds for axis 0 with size 28385
[bridge] ERROR: index 28385 is out of bounds for axis 0 with size 28385
[bridge] ERROR: index 28385 is out of bounds for axis 0 with size 28385
[bridge] ERROR: index 28385 is out of bounds for axis 0 with size 28385
[bridge] ERROR: index 28385 is out of bounds for axis 0 with size 28385
[bridge] ERROR: index 28385 is out of bounds for axis 0 with size 28385
[bridge] ERROR: index 28385 is out of bounds for axis 0 with size 28385
[bridge] ERROR: index 28385 is out of bounds for axis 0 with size 28385
[bridge] ERROR: index 28385 is out of bounds for axis 0 with size 28385
[bridge] ERROR: index 28385 is out of bounds for axis 0 with size 28385
[bridge] ERROR: index 28385 is out of bounds for axis 0 with size 28385
[bridge] ERROR: index 28385 is out of bounds for axis 0 with size 28385
[bridge] ERROR: index 28385 is out of bounds for axis 0 with size 28385
[bridge] ERROR: index 28385 is out of bounds for axis 0 with size 28385
[bridge] ERROR: index 28385 is out of bounds for axis 0 with size 28385
[bridge] ERROR: index 28385 is out of bounds for axis 0 with size 28385
[bridge] ERROR: index 28385 is out of bounds for axis 0 with size 28385
[bridge] ERROR: index 28385 is out of bounds for axis 0 with size 28385
[bridge] ERROR: index 28385 is out of bounds for axis 0 with size 28385
[bridge] ERROR: index 28385 is out of bounds for axis 0 with size 28385
[bridge] ERROR: index 28385 is out of bounds for axis 0 with size 28385
[bridge] ERROR: index 28385 is out of bounds for axis 0 with size 28385
[bridge] ERROR: index 28385 is out of bounds for axis 0 with size 28385
[bridge] ERROR: index 28385 is out of bounds for axis 0 with size 28385
[bridge] ERROR: index 28385 is out of bounds for axis 0 with size 28385
[bridge] ERROR: index 28385 is out of bounds for axis 0 with size 28385
[bridge] ERROR: index 28385 is out of bounds for axis 0 with size 28385
[bridge] ERROR: index 28385 is out of bounds for axis 0 with size 28385
[bridge] ERROR: index 28385 is out of bounds for axis 0 with size 28385
[bridge] ERROR: index 28385 is out of bounds for axis 0 with size 28385
[bridge] ERROR: index 28385 is out of bounds for axis 0 with size 28385
[bridge] ERROR: index 28385 is out of bounds for axis 0 with size 28385
[bridge] ERROR: index 28385 is out of bounds for axis 0 with size 28385
[bridge] ERROR: index 28385 is out of bounds for axis 0 with size 28385
[bridge] ERROR: index 28385 is out of bounds for axis 0 with size 28385
[bridge] ERROR: index 28385 is out of bounds for axis 0 with size 28385
[bridge] ERROR: index 28385 is out of bounds for axis 0 with size 28385
[bridge] ERROR: index 28385 is out of bounds for axis 0 with size 28385
[bridge] ERROR: index 28385 is out of bounds for axis 0 with size 28385
[bridge] ERROR: index 28385 is out of bounds for axis 0 with size 28385
[bridge] ERROR: index 28385 is out of bounds for axis 0 with size 28385
[bridge] ERROR: index 28385 is out of bounds for axis 0 with size 28385
[bridge] ERROR: index 28385 is out of bounds for axis 0 with size 28385
[bridge] ERROR: index 28385 is out of bounds for axis 0 with size 28385
[bridge] ERROR: index 28385 is out of bounds for axis 0 with size 28385
[bridge] ERROR: index 28385 is out of bounds for axis 0 with size 28385
[bridge] ERROR: index 28385 is out of bounds for axis 0 with size 28385
[bridge] ERROR: index 28385 is out of bounds for axis 0 with size 28385
[bridge] ERROR: index 28385 is out of bounds for axis 0 with size 28385
[bridge] ERROR: index 28385 is out of bounds for axis 0 with size 28385
[bridge] ERROR: index 28385 is out of bounds for axis 0 with size 28385
[bridge] ERROR: index 28385 is out of bounds for axis 0 with size 28385
[bridge] ERROR: index 28385 is out of bounds for axis 0 with size 28385
[bridge] ERROR: index 28385 is out of bounds for axis 0 with size 28385
[bridge] ERROR: index 28385 is out of bounds for axis 0 with size 28385
[bridge] ERROR: index 28385 is out of bounds for axis 0 with size 28385
[bridge] ERROR: index 28385 is out of bounds for axis 0 with size 28385
[bridge] ERROR: index 28385 is out of bounds for axis 0 with size 28385
[bridge] ERROR: index 28385 is out of bounds for axis 0 with size 28385
[bridge] ERROR: index 28385 is out of bounds for axis 0 with size 28385
[bridge] ERROR: index 28385 is out of bounds for axis 0 with size 28385
[bridge] ERROR: index 28385 is out of bounds for axis 0 with size 28385
[bridge] ERROR: index 28385 is out of bounds for axis 0 with size 28385
[bridge] ERROR: index 28385 is out of bounds for axis 0 with size 28385
[bridge] ERROR: index 28385 is out of bounds for axis 0 with size 28385
[bridge] ERROR: index 28385 is out of bounds for axis 0 with size 28385
[bridge] ERROR: index 28385 is out of bounds for axis 0 with size 28385
[bridge] ERROR: index 28385 is out of bounds for axis 0 with size 28385
[bridge] ERROR: index 28385 is out of bounds for axis 0 with size 28385
[bridge] ERROR: index 28385 is out of bounds for axis 0 with size 28385
[bridge] ERROR: index 28385 is out of bounds for axis 0 with size 28385
[bridge] ERROR: index 28385 is out of bounds for axis 0 with size 28385
[bridge] ERROR: index 28385 is out of bounds for axis 0 with size 28385
[bridge] ERROR: index 28385 is out of bounds for axis 0 with size 28385
[bridge] ERROR: index 28385 is out of bounds for axis 0 with size 28385
[bridge] ERROR: index 28385 is out of bounds for axis 0 with size 28385
[bridge] ERROR: index 28385 is out of bounds for axis 0 with size 28385
[bridge] ERROR: index 28385 is out of bounds for axis 0 with size 28385
[bridge] ERROR: index 28385 is out of bounds for axis 0 with size 28385
[bridge] ERROR: index 28385 is out of bounds for axis 0 with size 28385
[bridge] ERROR: index 28385 is out of bounds for axis 0 with size 28385
[bridge] ERROR: index 28385 is out of bounds for axis 0 with size 28385
[bridge] ERROR: index 28385 is out of bounds for axis 0 with size 28385
[bridge] ERROR: index 28385 is out of bounds for axis 0 with size 28385
[bridge] ERROR: index 28385 is out of bounds for axis 0 with size 28385
[bridge] ERROR: index 28385 is out of bounds for axis 0 with size 28385
[bridge] ERROR: index 28385 is out of bounds for axis 0 with size 28385
[bridge] ERROR: index 28385 is out of bounds for axis 0 with size 28385
[bridge] ERROR: index 28385 is out of bounds for axis 0 with size 28385
[bridge] ERROR: index 28385 is out of bounds for axis 0 with size 28385
[bridge] ERROR: index 28385 is out of bounds for axis 0 with size 28385
[bridge] ERROR: index 28385 is out of bounds for axis 0 with size 28385
[bridge] ERROR: index 28385 is out of bounds for axis 0 with size 28385
[bridge] ERROR: index 28385 is out of bounds for axis 0 with size 28385
[bridge] ERROR: index 28385 is out of bounds for axis 0 with size 28385
[bridge] ERROR: index 28385 is out of bounds for axis 0 with size 28385
[bridge] ERROR: index 28385 is out of bounds for axis 0 with size 28385
[bridge] ERROR: index 28385 is out of bounds for axis 0 with size 28385
[bridge] ERROR: index 28385 is out of bounds for axis 0 with size 28385
[bridge] ERROR: index 28385 is out of bounds for axis 0 with size 28385
[bridge] ERROR: index 28385 is out of bounds for axis 0 with size 28385
[bridge] ERROR: index 28385 is out of bounds for axis 0 with size 28385
[bridge] ERROR: index 28385 is out of bounds for axis 0 with size 28385
[bridge] ERROR: index 28385 is out of bounds for axis 0 with size 28385
[bridge] ERROR: index 28385 is out of bounds for axis 0 with size 28385
[bridge] ERROR: index 28385 is out of bounds for axis 0 with size 28385
[bridge] ERROR: index 28385 is out of bounds for axis 0 with size 28385
[bridge] ERROR: index 28385 is out of bounds for axis 0 with size 28385
[bridge] ERROR: index 28385 is out of bounds for axis 0 with size 28385
[bridge] ERROR: index 28385 is out of bounds for axis 0 with size 28385
[bridge] ERROR: index 28385 is out of bounds for axis 0 with size 28385
[bridge] ERROR: index 28385 is out of bounds for axis 0 with size 28385
[bridge] ERROR: index 28385 is out of bounds for axis 0 with size 28385
[bridge] ERROR: index 28385 is out of bounds for axis 0 with size 28385
[bridge] ERROR: index 28385 is out of bounds for axis 0 with size 28385
[bridge] ERROR: index 28385 is out of bounds for axis 0 with size 28385
[bridge] ERROR: index 28385 is out of bounds for axis 0 with size 28385
[bridge] ERROR: index 28385 is out of bounds for axis 0 with size 28385
[bridge] ERROR: index 28385 is out of bounds for axis 0 with size 28385
[bridge] ERROR: index 28385 is out of bounds for axis 0 with size 28385
[bridge] ERROR: index 28385 is out of bounds for axis 0 with size 28385
[bridge] ERROR: index 28385 is out of bounds for axis 0 with size 28385
[bridge] ERROR: index 28385 is out of bounds for axis 0 with size 28385
[bridge] ERROR: index 28385 is out of bounds for axis 0 with size 28385
[bridge] ERROR: index 28385 is out of bounds for axis 0 with size 28385
[bridge] ERROR: index 28385 is out of bounds for axis 0 with size 28385
[bridge] ERROR: index 28385 is out of bounds for axis 0 with size 28385
[bridge] ERROR: index 28385 is out of bounds for axis 0 with size 28385
[bridge] ERROR: index 28385 is out of bounds for axis 0 with size 28385
[bridge] ERROR: index 28385 is out of bounds for axis 0 with size 28385
[bridge] ERROR: index 28385 is out of bounds for axis 0 with size 28385
[bridge] ERROR: index 28385 is out of bounds for axis 0 with size 28385
[bridge] ERROR: index 28385 is out of bounds for axis 0 with size 28385
[bridge] ERROR: index 28385 is out of bounds for axis 0 with size 28385
[bridge] ERROR: index 28385 is out of bounds for axis 0 with size 28385
[bridge] ERROR: index 28385 is out of bounds for axis 0 with size 28385
[bridge] ERROR: index 28385 is out of bounds for axis 0 with size 28385
[bridge] ERROR: index 28385 is out of bounds for axis 0 with size 28385
[bridge] ERROR: index 28385 is out of bounds for axis 0 with size 28385
[bridge] ERROR: index 28385 is out of bounds for axis 0 with size 28385
[bridge] ERROR: index 28385 is out of bounds for axis 0 with size 28385
[bridge] ERROR: index 28385 is out of bounds for axis 0 with size 28385
[bridge] ERROR: index 28385 is out of bounds for axis 0 with size 28385
[bridge] ERROR: index 28385 is out of bounds for axis 0 with size 28385
[bridge] ERROR: index 28385 is out of bounds for axis 0 with size 28385
[bridge] ERROR: index 28385 is out of bounds for axis 0 with size 28385
[bridge] ERROR: index 28385 is out of bounds for axis 0 with size 28385
[bridge] ERROR: index 28385 is out of bounds for axis 0 with size 28385
[bridge] ERROR: index 28385 is out of bounds for axis 0 with size 28385
[bridge] ERROR: index 28385 is out of bounds for axis 0 with size 28385
[bridge] ERROR: index 28385 is out of bounds for axis 0 with size 28385
[bridge] ERROR: index 28385 is out of bounds for axis 0 with size 28385
[bridge] ERROR: index 28385 is out of bounds for axis 0 with size 28385
[bridge] ERROR: index 28385 is out of bounds for axis 0 with size 28385
[bridge] ERROR: index 28385 is out of bounds for axis 0 with size 28385
[bridge] ERROR: index 28385 is out of bounds for axis 0 with size 28385
[bridge] ERROR: index 28385 is out of bounds for axis 0 with size 28385
[bridge] ERROR: index 28385 is out of bounds for axis 0 with size 28385
[bridge] ERROR: index 28385 is out of bounds for axis 0 with size 28385
[bridge] ERROR: index 28385 is out of bounds for axis 0 with size 28385
[bridge] ERROR: index 28385 is out of bounds for axis 0 with size 28385
[bridge] ERROR: index 28385 is out of bounds for axis 0 with size 28385
[bridge] ERROR: index 28385 is out of bounds for axis 0 with size 28385
[bridge] ERROR: index 28385 is out of bounds for axis 0 with size 28385
[bridge] ERROR: index 28385 is out of bounds for axis 0 with size 28385
[bridge] ERROR: index 28385 is out of bounds for axis 0 with size 28385
[bridge] ERROR: index 28385 is out of bounds for axis 0 with size 28385
[bridge] ERROR: index 28385 is out of bounds for axis 0 with size 28385
[bridge] ERROR: index 28385 is out of bounds for axis 0 with size 28385
[bridge] ERROR: index 28385 is out of bounds for axis 0 with size 28385
[bridge] ERROR: index 28385 is out of bounds for axis 0 with size 28385
[bridge] ERROR: index 28385 is out of bounds for axis 0 with size 28385
[bridge] ERROR: index 28385 is out of bounds for axis 0 with size 28385
[bridge] ERROR: index 28385 is out of bounds for axis 0 with size 28385
[bridge] ERROR: index 28385 is out of bounds for axis 0 with size 28385
[bridge] ERROR: index 28385 is out of bounds for axis 0 with size 28385
[bridge] ERROR: index 28385 is out of bounds for axis 0 with size 28385
[bridge] ERROR: index 28385 is out of bounds for axis 0 with size 28385
[bridge] ERROR: index 28385 is out of bounds for axis 0 with size 28385
[bridge] ERROR: index 28385 is out of bounds for axis 0 with size 28385
[bridge] ERROR: index 28385 is out of bounds for axis 0 with size 28385
[bridge] ERROR: index 28385 is out of bounds for axis 0 with size 28385
[bridge] ERROR: index 28385 is out of bounds for axis 0 with size 28385
[bridge] ERROR: index 28385 is out of bounds for axis 0 with size 28385
[bridge] ERROR: index 28385 is out of bounds for axis 0 with size 28385
[bridge] ERROR: index 28385 is out of bounds for axis 0 with size 28385
[bridge] ERROR: index 28385 is out of bounds for axis 0 with size 28385
[bridge] ERROR: index 28385 is out of bounds for axis 0 with size 28385
[bridge] ERROR: index 28385 is out of bounds for axis 0 with size 28385
[bridge] ERROR: index 28385 is out of bounds for axis 0 with size 28385
[bridge] ERROR: index 28385 is out of bounds for axis 0 with size 28385
[bridge] ERROR: index 28385 is out of bounds for axis 0 with size 28385
[bridge] ERROR: index 28385 is out of bounds for axis 0 with size 28385
[bridge] ERROR: index 28385 is out of bounds for axis 0 with size 28385
[bridge] ERROR: index 28385 is out of bounds for axis 0 with size 28385
[bridge] ERROR: index 28385 is out of bounds for axis 0 with size 28385
[bridge] ERROR: index 28385 is out of bounds for axis 0 with size 28385
[bridge] ERROR: index 28385 is out of bounds for axis 0 with size 28385
[bridge] ERROR: index 28385 is out of bounds for axis 0 with size 28385
[bridge] ERROR: index 28385 is out of bounds for axis 0 with size 28385
[bridge] ERROR: index 28385 is out of bounds for axis 0 with size 28385
[bridge] ERROR: index 28385 is out of bounds for axis 0 with size 28385
[bridge] ERROR: index 28385 is out of bounds for axis 0 with size 28385
[bridge] ERROR: index 28385 is out of bounds for axis 0 with size 28385
[bridge] ERROR: index 28385 is out of bounds for axis 0 with size 28385
[bridge] ERROR: index 28385 is out of bounds for axis 0 with size 28385
[bridge] ERROR: index 28385 is out of bounds for axis 0 with size 28385
[bridge] ERROR: index 28385 is out of bounds for axis 0 with size 28385
[bridge] ERROR: index 28385 is out of bounds for axis 0 with size 28385
[bridge] ERROR: index 28385 is out of bounds for axis 0 with size 28385
[bridge] ERROR: index 28385 is out of bounds for axis 0 with size 28385
[bridge] ERROR: index 28385 is out of bounds for axis 0 with size 28385
[bridge] ERROR: index 28385 is out of bounds for axis 0 with size 28385
[bridge] ERROR: index 28385 is out of bounds for axis 0 with size 28385
[bridge] ERROR: index 28385 is out of bounds for axis 0 with size 28385
[bridge] ERROR: index 28385 is out of bounds for axis 0 with size 28385
[bridge] ERROR: index 28385 is out of bounds for axis 0 with size 28385
[bridge] ERROR: index 28385 is out of bounds for axis 0 with size 28385
[bridge] ERROR: index 28385 is out of bounds for axis 0 with size 28385
[bridge] ERROR: index 28385 is out of bounds for axis 0 with size 28385
[bridge] ERROR: index 28385 is out of bounds for axis 0 with size 28385
[bridge] ERROR: index 28385 is out of bounds for axis 0 with size 28385
[bridge] ERROR: index 28385 is out of bounds for axis 0 with size 28385
[bridge] ERROR: index 28385 is out of bounds for axis 0 with size 28385
[bridge] ERROR: index 28385 is out of bounds for axis 0 with size 28385
[bridge] ERROR: index 28385 is out of bounds for axis 0 with size 28385
[bridge] ERROR: index 28385 is out of bounds for axis 0 with size 28385
[bridge] ERROR: index 28385 is out of bounds for axis 0 with size 28385
[bridge] ERROR: index 28385 is out of bounds for axis 0 with size 28385
[bridge] ERROR: index 28385 is out of bounds for axis 0 with size 28385
[bridge] ERROR: index 28385 is out of bounds for axis 0 with size 28385
[bridge] ERROR: index 28385 is out of bounds for axis 0 with size 28385
[bridge] ERROR: index 28385 is out of bounds for axis 0 with size 28385
[bridge] ERROR: index 28385 is out of bounds for axis 0 with size 28385
[bridge] ERROR: index 28385 is out of bounds for axis 0 with size 28385
[bridge] ERROR: index 28385 is out of bounds for axis 0 with size 28385
[bridge] ERROR: index 28385 is out of bounds for axis 0 with size 28385
[bridge] ERROR: index 28385 is out of bounds for axis 0 with size 28385
[bridge] ERROR: index 28385 is out of bounds for axis 0 with size 28385
[bridge] ERROR: index 28385 is out of bounds for axis 0 with size 28385
[bridge] ERROR: index 28385 is out of bounds for axis 0 with size 28385
[bridge] ERROR: index 28385 is out of bounds for axis 0 with size 28385
[bridge] ERROR: index 28385 is out of bounds for axis 0 with size 28385
[bridge] ERROR: index 28385 is out of bounds for axis 0 with size 28385
[bridge] ERROR: index 28385 is out of bounds for axis 0 with size 28385
[bridge] ERROR: index 28385 is out of bounds for axis 0 with size 28385
[bridge] ERROR: index 28385 is out of bounds for axis 0 with size 28385
[bridge] ERROR: index 28385 is out of bounds for axis 0 with size 28385
[bridge] ERROR: index 28385 is out of bounds for axis 0 with size 28385
[bridge] ERROR: index 28385 is out of bounds for axis 0 with size 28385
[bridge] ERROR: index 28385 is out of bounds for axis 0 with size 28385
[bridge] ERROR: index 28385 is out of bounds for axis 0 with size 28385
[bridge] ERROR: index 28385 is out of bounds for axis 0 with size 28385
[bridge] ERROR: index 28385 is out of bounds for axis 0 with size 28385
[bridge] ERROR: index 28385 is out of bounds for axis 0 with size 28385
[bridge] ERROR: index 28385 is out of bounds for axis 0 with size 28385
[bridge] ERROR: index 28385 is out of bounds for axis 0 with size 28385
[bridge] ERROR: index 28385 is out of bounds for axis 0 with size 28385
[bridge] ERROR: index 28385 is out of bounds for axis 0 with size 28385
[bridge] ERROR: index 28385 is out of bounds for axis 0 with size 28385
[bridge] ERROR: index 28385 is out of bounds for axis 0 with size 28385
[bridge] ERROR: index 28385 is out of bounds for axis 0 with size 28385
[bridge] ERROR: index 28385 is out of bounds for axis 0 with size 28385
[bridge] ERROR: index 28385 is out of bounds for axis 0 with size 28385
[bridge] ERROR: index 28385 is out of bounds for axis 0 with size 28385
[bridge] ERROR: index 28385 is out of bounds for axis 0 with size 28385
[bridge] ERROR: index 28385 is out of bounds for axis 0 with size 28385
[bridge] ERROR: index 28385 is out of bounds for axis 0 with size 28385
[bridge] ERROR: index 28385 is out of bounds for axis 0 with size 28385
[bridge] ERROR: index 28385 is out of bounds for axis 0 with size 28385
[bridge] ERROR: index 28385 is out of bounds for axis 0 with size 28385
[bridge] ERROR: index 28385 is out of bounds for axis 0 with size 28385
[bridge] ERROR: index 28385 is out of bounds for axis 0 with size 28385
[bridge] ERROR: index 28385 is out of bounds for axis 0 with size 28385
[bridge] ERROR: index 28385 is out of bounds for axis 0 with size 28385
[bridge] ERROR: index 28385 is out of bounds for axis 0 with size 28385
[bridge] ERROR: index 28385 is out of bounds for axis 0 with size 28385
[bridge] ERROR: index 28385 is out of bounds for axis 0 with size 28385
[bridge] ERROR: index 28385 is out of bounds for axis 0 with size 28385
[bridge] ERROR: index 28385 is out of bounds for axis 0 with size 28385
[bridge] ERROR: index 28385 is out of bounds for axis 0 with size 28385
[bridge] ERROR: index 28385 is out of bounds for axis 0 with size 28385
[bridge] ERROR: index 28385 is out of bounds for axis 0 with size 28385
[bridge] ERROR: index 28385 is out of bounds for axis 0 with size 28385
[bridge] ERROR: index 28385 is out of bounds for axis 0 with size 28385
[bridge] ERROR: index 28385 is out of bounds for axis 0 with size 28385
[bridge] ERROR: index 28385 is out of bounds for axis 0 with size 28385
[bridge] ERROR: index 28385 is out of bounds for axis 0 with size 28385
[bridge] ERROR: index 28385 is out of bounds for axis 0 with size 28385
[bridge] ERROR: index 28385 is out of bounds for axis 0 with size 28385
[bridge] ERROR: index 28385 is out of bounds for axis 0 with size 28385
[bridge] ERROR: index 28385 is out of bounds for axis 0 with size 28385
[bridge] ERROR: index 28385 is out of bounds for axis 0 with size 28385
[bridge] ERROR: index 28385 is out of bounds for axis 0 with size 28385
[bridge] ERROR: index 28385 is out of bounds for axis 0 with size 28385
[bridge] ERROR: index 28385 is out of bounds for axis 0 with size 28385
[bridge] ERROR: index 28385 is out of bounds for axis 0 with size 28385
[bridge] ERROR: index 28385 is out of bounds for axis 0 with size 28385
[bridge] ERROR: index 28385 is out of bounds for axis 0 with size 28385
[bridge] ERROR: index 28385 is out of bounds for axis 0 with size 28385
[bridge] ERROR: index 28385 is out of bounds for axis 0 with size 28385
[bridge] ERROR: index 28385 is out of bounds for axis 0 with size 28385
[bridge] ERROR: index 28385 is out of bounds for axis 0 with size 28385
[bridge] ERROR: index 28385 is out of bounds for axis 0 with size 28385
[bridge] ERROR: index 28385 is out of bounds for axis 0 with size 28385
[bridge] ERROR: index 28385 is out of bounds for axis 0 with size 28385
[bridge] ERROR: index 28385 is out of bounds for axis 0 with size 28385
[bridge] ERROR: index 28385 is out of bounds for axis 0 with size 28385
[bridge] ERROR: index 28385 is out of bounds for axis 0 with size 28385
[bridge] ERROR: index 28385 is out of bounds for axis 0 with size 28385
[bridge] ERROR: index 28385 is out of bounds for axis 0 with size 28385
[bridge] ERROR: index 28385 is out of bounds for axis 0 with size 28385
[bridge] ERROR: index 28385 is out of bounds for axis 0 with size 28385
[bridge] ERROR: index 28385 is out of bounds for axis 0 with size 28385
[bridge] ERROR: index 28385 is out of bounds for axis 0 with size 28385
[bridge] ERROR: index 28385 is out of bounds for axis 0 with size 28385
[bridge] ERROR: index 28385 is out of bounds for axis 0 with size 28385
[bridge] ERROR: index 28385 is out of bounds for axis 0 with size 28385
[bridge] ERROR: index 28385 is out of bounds for axis 0 with size 28385
[bridge] ERROR: index 28385 is out of bounds for axis 0 with size 28385
[bridge] ERROR: index 28385 is out of bounds for axis 0 with size 28385
[bridge] ERROR: index 28385 is out of bounds for axis 0 with size 28385
[bridge] ERROR: index 28385 is out of bounds for axis 0 with size 28385
[bridge] ERROR: index 28385 is out of bounds for axis 0 with size 28385
[bridge] ERROR: index 28385 is out of bounds for axis 0 with size 28385
[bridge] ERROR: index 28385 is out of bounds for axis 0 with size 28385
[bridge] ERROR: index 28385 is out of bounds for axis 0 with size 28385
[bridge] ERROR: index 28385 is out of bounds for axis 0 with size 28385
[bridge] ERROR: index 28385 is out of bounds for axis 0 with size 28385
[bridge] ERROR: index 28385 is out of bounds for axis 0 with size 28385
[bridge] ERROR: index 28385 is out of bounds for axis 0 with size 28385
[bridge] ERROR: index 28385 is out of bounds for axis 0 with size 28385
[bridge] ERROR: index 28385 is out of bounds for axis 0 with size 28385
[bridge] ERROR: index 28385 is out of bounds for axis 0 with size 28385
[bridge] ERROR: index 28385 is out of bounds for axis 0 with size 28385
[bridge] ERROR: index 28385 is out of bounds for axis 0 with size 28385
[bridge] ERROR: index 28385 is out of bounds for axis 0 with size 28385
[bridge] ERROR: index 28385 is out of bounds for axis 0 with size 28385
[bridge] ERROR: index 28385 is out of bounds for axis 0 with size 28385
[bridge] ERROR: index 28385 is out of bounds for axis 0 with size 28385
[bridge] ERROR: index 28385 is out of bounds for axis 0 with size 28385
[bridge] ERROR: index 28385 is out of bounds for axis 0 with size 28385
[bridge] ERROR: index 28385 is out of bounds for axis 0 with size 28385
[bridge] ERROR: index 28385 is out of bounds for axis 0 with size 28385
[bridge] ERROR: index 28385 is out of bounds for axis 0 with size 28385
[bridge] ERROR: index 28385 is out of bounds for axis 0 with size 28385
[bridge] ERROR: index 28385 is out of bounds for axis 0 with size 28385
[bridge] ERROR: index 28385 is out of bounds for axis 0 with size 28385
[bridge] ERROR: index 28385 is out of bounds for axis 0 with size 28385
[bridge] ERROR: index 28385 is out of bounds for axis 0 with size 28385
[bridge] ERROR: index 28385 is out of bounds for axis 0 with size 28385
[bridge] ERROR: index 28385 is out of bounds for axis 0 with size 28385
[bridge] ERROR: index 28385 is out of bounds for axis 0 with size 28385
[bridge] ERROR: index 28385 is out of bounds for axis 0 with size 28385
[bridge] ERROR: index 28385 is out of bounds for axis 0 with size 28385
[bridge] ERROR: index 28385 is out of bounds for axis 0 with size 28385
[bridge] ERROR: index 28385 is out of bounds for axis 0 with size 28385
[bridge] ERROR: index 28385 is out of bounds for axis 0 with size 28385
[bridge] ERROR: index 28385 is out of bounds for axis 0 with size 28385
[bridge] ERROR: index 28385 is out of bounds for axis 0 with size 28385
[bridge] ERROR: index 28385 is out of bounds for axis 0 with size 28385
[bridge] ERROR: index 28385 is out of bounds for axis 0 with size 28385
[bridge] ERROR: index 28385 is out of bounds for axis 0 with size 28385
[bridge] ERROR: index 28385 is out of bounds for axis 0 with size 28385
[bridge] ERROR: index 28385 is out of bounds for axis 0 with size 28385
[bridge] ERROR: index 28385 is out of bounds for axis 0 with size 28385
[bridge] ERROR: index 28385 is out of bounds for axis 0 with size 28385
[bridge] ERROR: index 28385 is out of bounds for axis 0 with size 28385
[bridge] ERROR: index 28385 is out of bounds for axis 0 with size 28385
[bridge] ERROR: index 28385 is out of bounds for axis 0 with size 28385
[bridge] ERROR: index 28385 is out of bounds for axis 0 with size 28385
[bridge] ERROR: index 28385 is out of bounds for axis 0 with size 28385
[bridge] ERROR: index 28385 is out of bounds for axis 0 with size 28385
[bridge] ERROR: index 28385 is out of bounds for axis 0 with size 28385
[bridge] ERROR: index 28385 is out of bounds for axis 0 with size 28385
[bridge] ERROR: index 28385 is out of bounds for axis 0 with size 28385
[bridge] ERROR: index 28385 is out of bounds for axis 0 with size 28385
[bridge] ERROR: index 28385 is out of bounds for axis 0 with size 28385
[bridge] ERROR: index 28385 is out of bounds for axis 0 with size 28385
[bridge] ERROR: index 28385 is out of bounds for axis 0 with size 28385
[bridge] ERROR: index 28385 is out of bounds for axis 0 with size 28385
[bridge] ERROR: index 28385 is out of bounds for axis 0 with size 28385
[bridge] ERROR: index 28385 is out of bounds for axis 0 with size 28385
[bridge] ERROR: index 28385 is out of bounds for axis 0 with size 28385
[bridge] ERROR: index 28385 is out of bounds for axis 0 with size 28385
[bridge] ERROR: index 28385 is out of bounds for axis 0 with size 28385
[bridge] ERROR: index 28385 is out of bounds for axis 0 with size 28385
[bridge] ERROR: index 28385 is out of bounds for axis 0 with size 28385
[bridge] ERROR: index 28385 is out of bounds for axis 0 with size 28385
[bridge] ERROR: index 28385 is out of bounds for axis 0 with size 28385
[bridge] ERROR: index 28385 is out of bounds for axis 0 with size 28385
[bridge] ERROR: index 28385 is out of bounds for axis 0 with size 28385
[bridge] ERROR: index 28385 is out of bounds for axis 0 with size 28385
[bridge] ERROR: index 28385 is out of bounds for axis 0 with size 28385
[bridge] ERROR: index 28385 is out of bounds for axis 0 with size 28385
[bridge] ERROR: index 28385 is out of bounds for axis 0 with size 28385
[bridge] ERROR: index 28385 is out of bounds for axis 0 with size 28385
[bridge] ERROR: index 28385 is out of bounds for axis 0 with size 28385
[bridge] ERROR: index 28385 is out of bounds for axis 0 with size 28385
[bridge] ERROR: index 28385 is out of bounds for axis 0 with size 28385
[bridge] ERROR: index 28385 is out of bounds for axis 0 with size 28385
[bridge] ERROR: index 28385 is out of bounds for axis 0 with size 28385
[bridge] ERROR: index 28385 is out of bounds for axis 0 with size 28385
[bridge] ERROR: index 28385 is out of bounds for axis 0 with size 28385
[bridge] ERROR: index 28385 is out of bounds for axis 0 with size 28385
[bridge] ERROR: index 28385 is out of bounds for axis 0 with size 28385
[bridge] ERROR: index 28385 is out of bounds for axis 0 with size 28385
[bridge] ERROR: index 28385 is out of bounds for axis 0 with size 28385
[bridge] ERROR: index 28385 is out of bounds for axis 0 with size 28385
[bridge] ERROR: index 28385 is out of bounds for axis 0 with size 28385
[bridge] ERROR: index 28385 is out of bounds for axis 0 with size 28385
[bridge] ERROR: index 28385 is out of bounds for axis 0 with size 28385
[bridge] ERROR: index 28385 is out of bounds for axis 0 with size 28385
[bridge] ERROR: index 28385 is out of bounds for axis 0 with size 28385
[bridge] ERROR: index 28385 is out of bounds for axis 0 with size 28385
[bridge] ERROR: index 28385 is out of bounds for axis 0 with size 28385
[bridge] ERROR: index 28385 is out of bounds for axis 0 with size 28385
[bridge] ERROR: index 28385 is out of bounds for axis 0 with size 28385
[bridge] ERROR: index 28385 is out of bounds for axis 0 with size 28385
[bridge] ERROR: index 28385 is out of bounds for axis 0 with size 28385
[bridge] ERROR: index 28385 is out of bounds for axis 0 with size 28385
[bridge] ERROR: index 28385 is out of bounds for axis 0 with size 28385
[bridge] ERROR: index 28385 is out of bounds for axis 0 with size 28385
[bridge] ERROR: index 28385 is out of bounds for axis 0 with size 28385
[bridge] ERROR: index 28385 is out of bounds for axis 0 with size 28385
[bridge] ERROR: index 28385 is out of bounds for axis 0 with size 28385
[bridge] ERROR: index 28385 is out of bounds for axis 0 with size 28385
[bridge] ERROR: index 28385 is out of bounds for axis 0 with size 28385
[bridge] ERROR: index 28385 is out of bounds for axis 0 with size 28385
[bridge] ERROR: index 28385 is out of bounds for axis 0 with size 28385
[bridge] ERROR: index 28385 is out of bounds for axis 0 with size 28385
[bridge] ERROR: index 28385 is out of bounds for axis 0 with size 28385
[bridge] ERROR: index 28385 is out of bounds for axis 0 with size 28385
[bridge] ERROR: index 28385 is out of bounds for axis 0 with size 28385
[bridge] ERROR: index 28385 is out of bounds for axis 0 with size 28385
[bridge] ERROR: index 28385 is out of bounds for axis 0 with size 28385
[bridge] ERROR: index 28385 is out of bounds for axis 0 with size 28385
[bridge] ERROR: index 28385 is out of bounds for axis 0 with size 28385
[bridge] ERROR: index 28385 is out of bounds for axis 0 with size 28385
[bridge] ERROR: index 28385 is out of bounds for axis 0 with size 28385
[bridge] ERROR: index 28385 is out of bounds for axis 0 with size 28385
[bridge] ERROR: index 28385 is out of bounds for axis 0 with size 28385
[bridge] ERROR: index 28385 is out of bounds for axis 0 with size 28385
[bridge] ERROR: index 28385 is out of bounds for axis 0 with size 28385
[bridge] ERROR: index 28385 is out of bounds for axis 0 with size 28385
[bridge] ERROR: index 28385 is out of bounds for axis 0 with size 28385
[bridge] ERROR: index 28385 is out of bounds for axis 0 with size 28385
[bridge] ERROR: index 28385 is out of bounds for axis 0 with size 28385
[bridge] ERROR: index 28385 is out of bounds for axis 0 with size 28385
[bridge] ERROR: index 28385 is out of bounds for axis 0 with size 28385
[bridge] ERROR: index 28385 is out of bounds for axis 0 with size 28385
[bridge] ERROR: index 28385 is out of bounds for axis 0 with size 28385
[bridge] ERROR: index 28385 is out of bounds for axis 0 with size 28385
[bridge] ERROR: index 28385 is out of bounds for axis 0 with size 28385
[bridge] ERROR: index 28385 is out of bounds for axis 0 with size 28385
[bridge] ERROR: index 28385 is out of bounds for axis 0 with size 28385
[bridge] ERROR: index 28385 is out of bounds for axis 0 with size 28385
[bridge] ERROR: index 28385 is out of bounds for axis 0 with size 28385
[bridge] ERROR: index 28385 is out of bounds for axis 0 with size 28385
[bridge] ERROR: index 28385 is out of bounds for axis 0 with size 28385
[bridge] ERROR: index 28385 is out of bounds for axis 0 with size 28385
[bridge] ERROR: index 28385 is out of bounds for axis 0 with size 28385
[bridge] ERROR: index 28385 is out of bounds for axis 0 with size 28385
[bridge] ERROR: index 28385 is out of bounds for axis 0 with size 28385
[bridge] ERROR: index 28385 is out of bounds for axis 0 with size 28385
[bridge] ERROR: index 28385 is out of bounds for axis 0 with size 28385
[bridge] ERROR: index 28385 is out of bounds for axis 0 with size 28385
[bridge] ERROR: index 28385 is out of bounds for axis 0 with size 28385
[bridge] ERROR: index 28385 is out of bounds for axis 0 with size 28385
[bridge] ERROR: index 28385 is out of bounds for axis 0 with size 28385
[bridge] ERROR: index 28385 is out of bounds for axis 0 with size 28385
[bridge] ERROR: index 28385 is out of bounds for axis 0 with size 28385
[bridge] ERROR: index 28385 is out of bounds for axis 0 with size 28385
[bridge] ERROR: index 28385 is out of bounds for axis 0 with size 28385
[bridge] ERROR: index 28385 is out of bounds for axis 0 with size 28385
[bridge] ERROR: index 28385 is out of bounds for axis 0 with size 28385
[bridge] ERROR: index 28385 is out of bounds for axis 0 with size 28385
[bridge] ERROR: index 28385 is out of bounds for axis 0 with size 28385
[bridge] ERROR: index 28385 is out of bounds for axis 0 with size 28385
[bridge] ERROR: index 28385 is out of bounds for axis 0 with size 28385
[bridge] ERROR: index 28385 is out of bounds for axis 0 with size 28385
[bridge] ERROR: index 28385 is out of bounds for axis 0 with size 28385
[bridge] ERROR: index 28385 is out of bounds for axis 0 with size 28385
[bridge] ERROR: index 28385 is out of bounds for axis 0 with size 28385
[bridge] ERROR: index 28385 is out of bounds for axis 0 with size 28385
[bridge] ERROR: index 28385 is out of bounds for axis 0 with size 28385
[bridge] ERROR: index 28385 is out of bounds for axis 0 with size 28385
[bridge] ERROR: index 28385 is out of bounds for axis 0 with size 28385
[bridge] ERROR: index 28385 is out of bounds for axis 0 with size 28385
[bridge] ERROR: index 28385 is out of bounds for axis 0 with size 28385
[bridge] ERROR: index 28385 is out of bounds for axis 0 with size 28385
[bridge] ERROR: index 28385 is out of bounds for axis 0 with size 28385
[bridge] ERROR: index 28385 is out of bounds for axis 0 with size 28385
[bridge] ERROR: index 28385 is out of bounds for axis 0 with size 28385
[bridge] ERROR: index 28385 is out of bounds for axis 0 with size 28385
[bridge] ERROR: index 28385 is out of bounds for axis 0 with size 28385
[bridge] ERROR: index 28385 is out of bounds for axis 0 with size 28385
[bridge] ERROR: index 28385 is out of bounds for axis 0 with size 28385
[bridge] ERROR: index 28385 is out of bounds for axis 0 with size 28385
[bridge] ERROR: index 28385 is out of bounds for axis 0 with size 28385
[bridge] ERROR: index 28385 is out of bounds for axis 0 with size 28385
[bridge] ERROR: index 28385 is out of bounds for axis 0 with size 28385
[bridge] ERROR: index 28385 is out of bounds for axis 0 with size 28385
[bridge] ERROR: index 28385 is out of bounds for axis 0 with size 28385
[bridge] ERROR: index 28385 is out of bounds for axis 0 with size 28385
[bridge] ERROR: index 28385 is out of bounds for axis 0 with size 28385
[bridge] ERROR: index 28385 is out of bounds for axis 0 with size 28385
[bridge] ERROR: index 28385 is out of bounds for axis 0 with size 28385
[bridge] ERROR: index 28385 is out of bounds for axis 0 with size 28385
[bridge] ERROR: index 28385 is out of bounds for axis 0 with size 28385
[bridge] ERROR: index 28385 is out of bounds for axis 0 with size 28385
[bridge] ERROR: index 28385 is out of bounds for axis 0 with size 28385
[bridge] ERROR: index 28385 is out of bounds for axis 0 with size 28385
[bridge] ERROR: index 28385 is out of bounds for axis 0 with size 28385
[bridge] ERROR: index 28385 is out of bounds for axis 0 with size 28385
[bridge] ERROR: index 28385 is out of bounds for axis 0 with size 28385
[bridge] ERROR: index 28385 is out of bounds for axis 0 with size 28385
[bridge] ERROR: index 28385 is out of bounds for axis 0 with size 28385
[bridge] ERROR: index 28385 is out of bounds for axis 0 with size 28385
[bridge] ERROR: index 28385 is out of bounds for axis 0 with size 28385
[bridge] ERROR: index 28385 is out of bounds for axis 0 with size 28385
[bridge] ERROR: index 28385 is out of bounds for axis 0 with size 28385
[bridge] ERROR: index 28385 is out of bounds for axis 0 with size 28385
[bridge] ERROR: index 28385 is out of bounds for axis 0 with size 28385
[bridge] ERROR: index 28385 is out of bounds for axis 0 with size 28385
[bridge] ERROR: index 28385 is out of bounds for axis 0 with size 28385
[bridge] ERROR: index 28385 is out of bounds for axis 0 with size 28385
[bridge] ERROR: index 28385 is out of bounds for axis 0 with size 28385
[bridge] ERROR: index 28385 is out of bounds for axis 0 with size 28385
[bridge] ERROR: index 28385 is out of bounds for axis 0 with size 28385
[bridge] ERROR: index 28385 is out of bounds for axis 0 with size 28385
[bridge] ERROR: index 28385 is out of bounds for axis 0 with size 28385
[bridge] ERROR: index 28385 is out of bounds for axis 0 with size 28385
[bridge] ERROR: index 28385 is out of bounds for axis 0 with size 28385
[bridge] ERROR: index 28385 is out of bounds for axis 0 with size 28385
[bridge] ERROR: index 28385 is out of bounds for axis 0 with size 28385
[bridge] ERROR: index 28385 is out of bounds for axis 0 with size 28385
[bridge] ERROR: index 28385 is out of bounds for axis 0 with size 28385
[bridge] ERROR: index 28385 is out of bounds for axis 0 with size 28385
[bridge] ERROR: index 28385 is out of bounds for axis 0 with size 28385
[bridge] ERROR: index 28385 is out of bounds for axis 0 with size 28385
[bridge] ERROR: index 28385 is out of bounds for axis 0 with size 28385
[bridge] ERROR: index 28385 is out of bounds for axis 0 with size 28385
[bridge] ERROR: index 28385 is out of bounds for axis 0 with size 28385
[bridge] ERROR: index 28385 is out of bounds for axis 0 with size 28385
[bridge] ERROR: index 28385 is out of bounds for axis 0 with size 28385
[bridge] ERROR: index 28385 is out of bounds for axis 0 with size 28385
[bridge] ERROR: index 28385 is out of bounds for axis 0 with size 28385
[bridge] ERROR: index 28385 is out of bounds for axis 0 with size 28385
[bridge] ERROR: index 28385 is out of bounds for axis 0 with size 28385
[bridge] ERROR: index 28385 is out of bounds for axis 0 with size 28385
[bridge] ERROR: index 28385 is out of bounds for axis 0 with size 28385
[bridge] ERROR: index 28385 is out of bounds for axis 0 with size 28385
[bridge] ERROR: index 28385 is out of bounds for axis 0 with size 28385
[bridge] ERROR: index 28385 is out of bounds for axis 0 with size 28385
[bridge] ERROR: index 28385 is out of bounds for axis 0 with size 28385
[bridge] ERROR: index 28385 is out of bounds for axis 0 with size 28385
[bridge] ERROR: index 28385 is out of bounds for axis 0 with size 28385
[bridge] ERROR: index 28385 is out of bounds for axis 0 with size 28385
[bridge] ERROR: index 28385 is out of bounds for axis 0 with size 28385
[bridge] ERROR: index 28385 is out of bounds for axis 0 with size 28385
[bridge] ERROR: index 28385 is out of bounds for axis 0 with size 28385
[bridge] ERROR: index 28385 is out of bounds for axis 0 with size 28385
[bridge] ERROR: index 28385 is out of bounds for axis 0 with size 28385
[bridge] ERROR: index 28385 is out of bounds for axis 0 with size 28385
[bridge] ERROR: index 28385 is out of bounds for axis 0 with size 28385
[bridge] ERROR: index 28385 is out of bounds for axis 0 with size 28385
[bridge] ERROR: index 28385 is out of bounds for axis 0 with size 28385
[bridge] ERROR: index 28385 is out of bounds for axis 0 with size 28385
[bridge] ERROR: index 28385 is out of bounds for axis 0 with size 28385
[bridge] ERROR: index 28385 is out of bounds for axis 0 with size 28385
[bridge] ERROR: index 28385 is out of bounds for axis 0 with size 28385
[bridge] ERROR: index 28385 is out of bounds for axis 0 with size 28385
[bridge] ERROR: index 28385 is out of bounds for axis 0 with size 28385
[bridge] ERROR: index 28385 is out of bounds for axis 0 with size 28385
[bridge] ERROR: index 28385 is out of bounds for axis 0 with size 28385
[bridge] ERROR: index 28385 is out of bounds for axis 0 with size 28385
[bridge] ERROR: index 28385 is out of bounds for axis 0 with size 28385
[bridge] ERROR: index 28385 is out of bounds for axis 0 with size 28385
[bridge] ERROR: index 28385 is out of bounds for axis 0 with size 28385
[bridge] ERROR: index 28385 is out of bounds for axis 0 with size 28385
[bridge] ERROR: index 28385 is out of bounds for axis 0 with size 28385
[bridge] ERROR: index 28385 is out of bounds for axis 0 with size 28385
[bridge] ERROR: index 28385 is out of bounds for axis 0 with size 28385
[bridge] ERROR: index 28385 is out of bounds for axis 0 with size 28385
[bridge] ERROR: index 28385 is out of bounds for axis 0 with size 28385
[bridge] ERROR: index 28385 is out of bounds for axis 0 with size 28385
[bridge] ERROR: index 28385 is out of bounds for axis 0 with size 28385
[bridge] ERROR: index 28385 is out of bounds for axis 0 with size 28385
[bridge] ERROR: index 28385 is out of bounds for axis 0 with size 28385
[bridge] ERROR: index 28385 is out of bounds for axis 0 with size 28385
[bridge] ERROR: index 28385 is out of bounds for axis 0 with size 28385
[bridge] ERROR: index 28385 is out of bounds for axis 0 with size 28385
[bridge] ERROR: index 28385 is out of bounds for axis 0 with size 28385
[bridge] ERROR: index 28385 is out of bounds for axis 0 with size 28385
[bridge] ERROR: index 28385 is out of bounds for axis 0 with size 28385
[bridge] ERROR: index 28385 is out of bounds for axis 0 with size 28385
[bridge] ERROR: index 28385 is out of bounds for axis 0 with size 28385
[bridge] ERROR: index 28385 is out of bounds for axis 0 with size 28385
[bridge] ERROR: index 28385 is out of bounds for axis 0 with size 28385
[bridge] ERROR: index 28385 is out of bounds for axis 0 with size 28385
[bridge] ERROR: index 28385 is out of bounds for axis 0 with size 28385
[bridge] ERROR: index 28385 is out of bounds for axis 0 with size 28385
[bridge] ERROR: index 28385 is out of bounds for axis 0 with size 28385
[bridge] ERROR: index 28385 is out of bounds for axis 0 with size 28385
[bridge] ERROR: index 28385 is out of bounds for axis 0 with size 28385
[bridge] ERROR: index 28385 is out of bounds for axis 0 with size 28385
[bridge] ERROR: index 28385 is out of bounds for axis 0 with size 28385
[bridge] ERROR: index 28385 is out of bounds for axis 0 with size 28385
[bridge] ERROR: index 28385 is out of bounds for axis 0 with size 28385
[bridge] ERROR: index 28385 is out of bounds for axis 0 with size 28385
[bridge] ERROR: index 28385 is out of bounds for axis 0 with size 28385
[bridge] ERROR: index 28385 is out of bounds for axis 0 with size 28385
[bridge] ERROR: index 28385 is out of bounds for axis 0 with size 28385
[bridge] ERROR: index 28385 is out of bounds for axis 0 with size 28385
[bridge] ERROR: index 28385 is out of bounds for axis 0 with size 28385
[bridge] ERROR: index 28385 is out of bounds for axis 0 with size 28385
[bridge] ERROR: index 28385 is out of bounds for axis 0 with size 28385
[bridge] ERROR: index 28385 is out of bounds for axis 0 with size 28385
[bridge] ERROR: index 28385 is out of bounds for axis 0 with size 28385
[bridge] ERROR: index 28385 is out of bounds for axis 0 with size 28385
[bridge] ERROR: index 28385 is out of bounds for axis 0 with size 28385
[bridge] ERROR: index 28385 is out of bounds for axis 0 with size 28385
[bridge] ERROR: index 28385 is out of bounds for axis 0 with size 28385
[bridge] ERROR: index 28385 is out of bounds for axis 0 with size 28385
[bridge] ERROR: index 28385 is out of bounds for axis 0 with size 28385
[bridge] ERROR: index 28385 is out of bounds for axis 0 with size 28385
[bridge] ERROR: index 28385 is out of bounds for axis 0 with size 28385
[bridge] ERROR: index 28385 is out of bounds for axis 0 with size 28385
[bridge] ERROR: index 28385 is out of bounds for axis 0 with size 28385
[bridge] ERROR: index 28385 is out of bounds for axis 0 with size 28385
[bridge] ERROR: index 28385 is out of bounds for axis 0 with size 28385
[bridge] ERROR: index 28385 is out of bounds for axis 0 with size 28385
[bridge] ERROR: index 28385 is out of bounds for axis 0 with size 28385
[bridge] ERROR: index 28385 is out of bounds for axis 0 with size 28385
[bridge] ERROR: index 28385 is out of bounds for axis 0 with size 28385
[bridge] ERROR: index 28385 is out of bounds for axis 0 with size 28385
[bridge] ERROR: index 28385 is out of bounds for axis 0 with size 28385
[bridge] ERROR: index 28385 is out of bounds for axis 0 with size 28385
[bridge] ERROR: index 28385 is out of bounds for axis 0 with size 28385
[bridge] ERROR: index 28385 is out of bounds for axis 0 with size 28385
[bridge] ERROR: index 28385 is out of bounds for axis 0 with size 28385
[bridge] ERROR: index 28385 is out of bounds for axis 0 with size 28385
[bridge] ERROR: index 28385 is out of bounds for axis 0 with size 28385
[bridge] ERROR: index 28385 is out of bounds for axis 0 with size 28385
[bridge] ERROR: index 28385 is out of bounds for axis 0 with size 28385
[bridge] ERROR: index 28385 is out of bounds for axis 0 with size 28385
[bridge] ERROR: index 28385 is out of bounds for axis 0 with size 28385
[bridge] ERROR: index 28385 is out of bounds for axis 0 with size 28385
[bridge] ERROR: index 28385 is out of bounds for axis 0 with size 28385
[bridge] ERROR: index 28385 is out of bounds for axis 0 with size 28385
[bridge] ERROR: index 28385 is out of bounds for axis 0 with size 28385
[bridge] ERROR: index 28385 is out of bounds for axis 0 with size 28385
[bridge] ERROR: index 28385 is out of bounds for axis 0 with size 28385
[bridge] ERROR: index 28385 is out of bounds for axis 0 with size 28385
[bridge] ERROR: index 28385 is out of bounds for axis 0 with size 28385
[bridge] ERROR: index 28385 is out of bounds for axis 0 with size 28385
[bridge] ERROR: index 28385 is out of bounds for axis 0 with size 28385
[bridge] ERROR: index 28385 is out of bounds for axis 0 with size 28385
[bridge] ERROR: index 28385 is out of bounds for axis 0 with size 28385
[bridge] ERROR: index 28385 is out of bounds for axis 0 with size 28385
[bridge] ERROR: index 28385 is out of bounds for axis 0 with size 28385
[bridge] ERROR: index 28385 is out of bounds for axis 0 with size 28385
[bridge] ERROR: index 28385 is out of bounds for axis 0 with size 28385
[bridge] ERROR: index 28385 is out of bounds for axis 0 with size 28385
[bridge] ERROR: index 28385 is out of bounds for axis 0 with size 28385
[bridge] ERROR: index 28385 is out of bounds for axis 0 with size 28385
[bridge] ERROR: index 28385 is out of bounds for axis 0 with size 28385
[bridge] ERROR: index 28385 is out of bounds for axis 0 with size 28385
[bridge] ERROR: index 28385 is out of bounds for axis 0 with size 28385
[bridge] ERROR: index 28385 is out of bounds for axis 0 with size 28385
[bridge] ERROR: index 28385 is out of bounds for axis 0 with size 28385
[bridge] ERROR: index 28385 is out of bounds for axis 0 with size 28385
[bridge] ERROR: index 28385 is out of bounds for axis 0 with size 28385
[bridge] ERROR: index 28385 is out of bounds for axis 0 with size 28385
[bridge] ERROR: index 28385 is out of bounds for axis 0 with size 28385
[bridge] ERROR: index 28385 is out of bounds for axis 0 with size 28385
[bridge] ERROR: index 28385 is out of bounds for axis 0 with size 28385
[bridge] ERROR: index 28385 is out of bounds for axis 0 with size 28385
[bridge] ERROR: index 28385 is out of bounds for axis 0 with size 28385
[bridge] ERROR: index 28385 is out of bounds for axis 0 with size 28385
[bridge] ERROR: index 28385 is out of bounds for axis 0 with size 28385
[bridge] ERROR: index 28385 is out of bounds for axis 0 with size 28385
[bridge] ERROR: index 28385 is out of bounds for axis 0 with size 28385
[bridge] ERROR: index 28385 is out of bounds for axis 0 with size 28385
[bridge] ERROR: index 28385 is out of bounds for axis 0 with size 28385
[bridge] ERROR: index 28385 is out of bounds for axis 0 with size 28385
[bridge] ERROR: index 28385 is out of bounds for axis 0 with size 28385
[bridge] ERROR: index 28385 is out of bounds for axis 0 with size 28385
[bridge] ERROR: index 28385 is out of bounds for axis 0 with size 28385
[bridge] ERROR: index 28385 is out of bounds for axis 0 with size 28385
[bridge] ERROR: index 28385 is out of bounds for axis 0 with size 28385
[bridge] ERROR: index 28385 is out of bounds for axis 0 with size 28385
[bridge] ERROR: index 28385 is out of bounds for axis 0 with size 28385
[bridge] ERROR: index 28385 is out of bounds for axis 0 with size 28385
[bridge] ERROR: index 28385 is out of bounds for axis 0 with size 28385
[bridge] ERROR: index 28385 is out of bounds for axis 0 with size 28385
[bridge] ERROR: index 28385 is out of bounds for axis 0 with size 28385
[bridge] ERROR: index 28385 is out of bounds for axis 0 with size 28385
[bridge] ERROR: index 28385 is out of bounds for axis 0 with size 28385
[bridge] ERROR: index 28385 is out of bounds for axis 0 with size 28385
[bridge] ERROR: index 28385 is out of bounds for axis 0 with size 28385
[bridge] ERROR: index 28385 is out of bounds for axis 0 with size 28385
[bridge] ERROR: index 28385 is out of bounds for axis 0 with size 28385
[bridge] ERROR: index 28385 is out of bounds for axis 0 with size 28385
[bridge] ERROR: index 28385 is out of bounds for axis 0 with size 28385
[bridge] ERROR: index 28385 is out of bounds for axis 0 with size 28385
[bridge] ERROR: index 28385 is out of bounds for axis 0 with size 28385
[bridge] ERROR: index 28385 is out of bounds for axis 0 with size 28385
[bridge] ERROR: index 28385 is out of bounds for axis 0 with size 28385
[bridge] ERROR: index 28385 is out of bounds for axis 0 with size 28385
[bridge] ERROR: index 28385 is out of bounds for axis 0 with size 28385
[bridge] ERROR: index 28385 is out of bounds for axis 0 with size 28385
[bridge] ERROR: index 28385 is out of bounds for axis 0 with size 28385
[bridge] ERROR: index 28385 is out of bounds for axis 0 with size 28385
[bridge] ERROR: index 28385 is out of bounds for axis 0 with size 28385
[bridge] ERROR: index 28385 is out of bounds for axis 0 with size 28385
[bridge] ERROR: index 28385 is out of bounds for axis 0 with size 28385
[bridge] ERROR: index 28385 is out of bounds for axis 0 with size 28385
[bridge] ERROR: index 28385 is out of bounds for axis 0 with size 28385
[bridge] ERROR: index 28385 is out of bounds for axis 0 with size 28385
[bridge] ERROR: index 28385 is out of bounds for axis 0 with size 28385
[bridge] ERROR: index 28385 is out of bounds for axis 0 with size 28385
[bridge] ERROR: index 28385 is out of bounds for axis 0 with size 28385
[bridge] ERROR: index 28385 is out of bounds for axis 0 with size 28385
[bridge] ERROR: index 28385 is out of bounds for axis 0 with size 28385
[bridge] ERROR: index 28385 is out of bounds for axis 0 with size 28385
[bridge] ERROR: index 28385 is out of bounds for axis 0 with size 28385
[bridge] ERROR: index 28385 is out of bounds for axis 0 with size 28385
[bridge] ERROR: index 28385 is out of bounds for axis 0 with size 28385
[bridge] ERROR: index 28385 is out of bounds for axis 0 with size 28385
[bridge] ERROR: index 28385 is out of bounds for axis 0 with size 28385
[bridge] ERROR: index 28385 is out of bounds for axis 0 with size 28385
[bridge] ERROR: index 28385 is out of bounds for axis 0 with size 28385
[bridge] ERROR: index 28385 is out of bounds for axis 0 with size 28385
[bridge] ERROR: index 28385 is out of bounds for axis 0 with size 28385
[bridge] ERROR: index 28385 is out of bounds for axis 0 with size 28385
[bridge] ERROR: index 28385 is out of bounds for axis 0 with size 28385
[bridge] ERROR: index 28385 is out of bounds for axis 0 with size 28385
[bridge] ERROR: index 28385 is out of bounds for axis 0 with size 28385
[bridge] ERROR: index 28385 is out of bounds for axis 0 with size 28385
[bridge] ERROR: index 28385 is out of bounds for axis 0 with size 28385
[bridge] ERROR: index 28385 is out of bounds for axis 0 with size 28385
[bridge] ERROR: index 28385 is out of bounds for axis 0 with size 28385
[bridge] ERROR: index 28385 is out of bounds for axis 0 with size 28385
[bridge] ERROR: index 28385 is out of bounds for axis 0 with size 28385
[bridge] ERROR: index 28385 is out of bounds for axis 0 with size 28385
[bridge] ERROR: index 28385 is out of bounds for axis 0 with size 28385
[bridge] ERROR: index 28385 is out of bounds for axis 0 with size 28385
[bridge] ERROR: index 28385 is out of bounds for axis 0 with size 28385
[bridge] ERROR: index 28385 is out of bounds for axis 0 with size 28385
[bridge] ERROR: index 28385 is out of bounds for axis 0 with size 28385
[bridge] ERROR: index 28385 is out of bounds for axis 0 with size 28385
[bridge] ERROR: index 28385 is out of bounds for axis 0 with size 28385
[bridge] ERROR: index 28385 is out of bounds for axis 0 with size 28385
[bridge] ERROR: index 28385 is out of bounds for axis 0 with size 28385
[bridge] ERROR: index 28385 is out of bounds for axis 0 with size 28385
[bridge] ERROR: index 28385 is out of bounds for axis 0 with size 28385
[bridge] ERROR: index 28385 is out of bounds for axis 0 with size 28385
[bridge] ERROR: index 28385 is out of bounds for axis 0 with size 28385
[bridge] ERROR: index 28385 is out of bounds for axis 0 with size 28385
[bridge] ERROR: index 28385 is out of bounds for axis 0 with size 28385
[bridge] ERROR: index 28385 is out of bounds for axis 0 with size 28385
[bridge] ERROR: index 28385 is out of bounds for axis 0 with size 28385
[bridge] ERROR: index 28385 is out of bounds for axis 0 with size 28385
[bridge] ERROR: index 28385 is out of bounds for axis 0 with size 28385
[bridge] ERROR: index 28385 is out of bounds for axis 0 with size 28385
[bridge] ERROR: index 28385 is out of bounds for axis 0 with size 28385
[bridge] ERROR: index 28385 is out of bounds for axis 0 with size 28385
[bridge] ERROR: index 28385 is out of bounds for axis 0 with size 28385
[bridge] ERROR: index 28385 is out of bounds for axis 0 with size 28385
[bridge] ERROR: index 28385 is out of bounds for axis 0 with size 28385
[bridge] ERROR: index 28385 is out of bounds for axis 0 with size 28385
[bridge] ERROR: index 28385 is out of bounds for axis 0 with size 28385
[bridge] ERROR: index 28385 is out of bounds for axis 0 with size 28385
[bridge] ERROR: index 28385 is out of bounds for axis 0 with size 28385
[bridge] ERROR: index 28385 is out of bounds for axis 0 with size 28385
[bridge] ERROR: index 28385 is out of bounds for axis 0 with size 28385
[bridge] ERROR: index 28385 is out of bounds for axis 0 with size 28385
[bridge] ERROR: index 28385 is out of bounds for axis 0 with size 28385
[bridge] ERROR: index 28385 is out of bounds for axis 0 with size 28385
[bridge] ERROR: index 28385 is out of bounds for axis 0 with size 28385
[bridge] ERROR: index 28385 is out of bounds for axis 0 with size 28385
[bridge] ERROR: index 28385 is out of bounds for axis 0 with size 28385
[bridge] ERROR: index 28385 is out of bounds for axis 0 with size 28385
[bridge] ERROR: index 28385 is out of bounds for axis 0 with size 28385
[bridge] ERROR: index 28385 is out of bounds for axis 0 with size 28385
[bridge] ERROR: index 28385 is out of bounds for axis 0 with size 28385
[bridge] ERROR: index 28385 is out of bounds for axis 0 with size 28385
[bridge] ERROR: index 28385 is out of bounds for axis 0 with size 28385
[bridge] ERROR: index 28385 is out of bounds for axis 0 with size 28385
[bridge] ERROR: index 28385 is out of bounds for axis 0 with size 28385
[bridge] ERROR: index 28385 is out of bounds for axis 0 with size 28385
[bridge] ERROR: index 28385 is out of bounds for axis 0 with size 28385
[bridge] ERROR: index 28385 is out of bounds for axis 0 with size 28385
[bridge] ERROR: index 28385 is out of bounds for axis 0 with size 28385
[bridge] ERROR: index 28385 is out of bounds for axis 0 with size 28385
[bridge] ERROR: index 28385 is out of bounds for axis 0 with size 28385
[bridge] ERROR: index 28385 is out of bounds for axis 0 with size 28385
[bridge] ERROR: index 28385 is out of bounds for axis 0 with size 28385
[bridge] ERROR: index 28385 is out of bounds for axis 0 with size 28385
[bridge] ERROR: index 28385 is out of bounds for axis 0 with size 28385
[bridge] ERROR: index 28385 is out of bounds for axis 0 with size 28385

--- start 2026-07-23T07:04:45+07:00 ---
[bridge] live monitor=http://127.0.0.1:8765
[bridge] dir=C:\Work\ThuyenRepo\EdgeMiner2\mt5\bridge model=tm_best_3m_64e3f742
[bridge] history bars=28389
[bridge] bar=2026.07.23 02:00 action=FLAT reason=no_signal strat=Forge RR2 hybrid 4L2S price+bb #986E
[bridge] bar=2026.07.23 03:00 action=FLAT reason=no_signal strat=Forge RR2 hybrid 4L2S price+bb #986E
[bridge] bar=2026.07.23 04:00 action=FLAT reason=no_signal strat=Forge RR2 hybrid 4L2S price+bb #986E
[bridge] bar=2026.07.23 05:00 action=FLAT reason=no_signal strat=Forge RR2 hybrid 4L2S price+bb #986E
[bridge] bar=2026.07.23 06:00 action=FLAT reason=no_signal strat=Forge RR2 hybrid 4L2S price+bb #986E
[bridge] bar=2026.07.23 07:00 action=FLAT reason=no_signal strat=Forge RR2 hybrid 4L2S price+bb #986E
[bridge] ERROR: index 28394 is out of bounds for axis 0 with size 28390
[bridge] ERROR: index 28394 is out of bounds for axis 0 with size 28390
[bridge] ERROR: index 28394 is out of bounds for axis 0 with size 28390
[bridge] ERROR: index 28394 is out of bounds for axis 0 with size 28390
[bridge] ERROR: index 28394 is out of bounds for axis 0 with size 28390
[bridge] ERROR: index 28394 is out of bounds for axis 0 with size 28390
[bridge] ERROR: index 28394 is out of bounds for axis 0 with size 28390
[bridge] ERROR: index 28394 is out of bounds for axis 0 with size 28390
[bridge] ERROR: index 28394 is out of bounds for axis 0 with size 28390
[bridge] ERROR: index 28394 is out of bounds for axis 0 with size 28390
[bridge] ERROR: index 28394 is out of bounds for axis 0 with size 28390
[bridge] ERROR: index 28394 is out of bounds for axis 0 with size 28390
[bridge] ERROR: index 28394 is out of bounds for axis 0 with size 28390
[bridge] ERROR: index 28394 is out of bounds for axis 0 with size 28390
[bridge] ERROR: index 28394 is out of bounds for axis 0 with size 28390
[bridge] ERROR: index 28394 is out of bounds for axis 0 with size 28390
[bridge] ERROR: index 28394 is out of bounds for axis 0 with size 28390
[bridge] ERROR: index 28394 is out of bounds for axis 0 with size 28390
[bridge] ERROR: index 28394 is out of bounds for axis 0 with size 28390
[bridge] ERROR: index 28394 is out of bounds for axis 0 with size 28390
[bridge] ERROR: index 28394 is out of bounds for axis 0 with size 28390
[bridge] ERROR: index 28394 is out of bounds for axis 0 with size 28390
[bridge] ERROR: index 28394 is out of bounds for axis 0 with size 28390
[bridge] ERROR: index 28394 is out of bounds for axis 0 with size 28390
[bridge] ERROR: index 28394 is out of bounds for axis 0 with size 28390
[bridge] ERROR: index 28394 is out of bounds for axis 0 with size 28390
[bridge] ERROR: index 28394 is out of bounds for axis 0 with size 28390
[bridge] ERROR: index 28394 is out of bounds for axis 0 with size 28390
[bridge] ERROR: index 28394 is out of bounds for axis 0 with size 28390
[bridge] ERROR: index 28394 is out of bounds for axis 0 with size 28390
[bridge] ERROR: index 28394 is out of bounds for axis 0 with size 28390
[bridge] ERROR: index 28394 is out of bounds for axis 0 with size 28390
[bridge] ERROR: index 28394 is out of bounds for axis 0 with size 28390
[bridge] ERROR: index 28394 is out of bounds for axis 0 with size 28390
[bridge] ERROR: index 28394 is out of bounds for axis 0 with size 28390
[bridge] ERROR: index 28394 is out of bounds for axis 0 with size 28390
[bridge] ERROR: index 28394 is out of bounds for axis 0 with size 28390
[bridge] ERROR: index 28394 is out of bounds for axis 0 with size 28390
[bridge] ERROR: index 28394 is out of bounds for axis 0 with size 28390
[bridge] ERROR: index 28394 is out of bounds for axis 0 with size 28390
[bridge] ERROR: index 28394 is out of bounds for axis 0 with size 28390
[bridge] ERROR: index 28394 is out of bounds for axis 0 with size 28390
[bridge] ERROR: index 28394 is out of bounds for axis 0 with size 28390
[bridge] ERROR: index 28394 is out of bounds for axis 0 with size 28390
[bridge] ERROR: index 28394 is out of bounds for axis 0 with size 28390
[bridge] ERROR: index 28394 is out of bounds for axis 0 with size 28390
[bridge] ERROR: index 28394 is out of bounds for axis 0 with size 28390
[bridge] ERROR: index 28394 is out of bounds for axis 0 with size 28390
[bridge] ERROR: index 28394 is out of bounds for axis 0 with size 28390
[bridge] ERROR: index 28394 is out of bounds for axis 0 with size 28390
[bridge] ERROR: index 28394 is out of bounds for axis 0 with size 28390
[bridge] ERROR: index 28394 is out of bounds for axis 0 with size 28390
[bridge] ERROR: index 28394 is out of bounds for axis 0 with size 28390
[bridge] ERROR: index 28394 is out of bounds for axis 0 with size 28390
[bridge] ERROR: index 28394 is out of bounds for axis 0 with size 28390
[bridge] ERROR: index 28394 is out of bounds for axis 0 with size 28390
[bridge] ERROR: index 28394 is out of bounds for axis 0 with size 28390
[bridge] ERROR: index 28394 is out of bounds for axis 0 with size 28390
[bridge] ERROR: index 28394 is out of bounds for axis 0 with size 28390
[bridge] ERROR: index 28394 is out of bounds for axis 0 with size 28390
[bridge] ERROR: index 28394 is out of bounds for axis 0 with size 28390
[bridge] ERROR: index 28394 is out of bounds for axis 0 with size 28390
[bridge] ERROR: index 28394 is out of bounds for axis 0 with size 28390
[bridge] ERROR: index 28394 is out of bounds for axis 0 with size 28390
[bridge] ERROR: index 28394 is out of bounds for axis 0 with size 28390
[bridge] ERROR: index 28394 is out of bounds for axis 0 with size 28390
[bridge] ERROR: index 28394 is out of bounds for axis 0 with size 28390
[bridge] ERROR: index 28394 is out of bounds for axis 0 with size 28390
[bridge] ERROR: index 28394 is out of bounds for axis 0 with size 28390
[bridge] ERROR: index 28394 is out of bounds for axis 0 with size 28390
[bridge] ERROR: index 28394 is out of bounds for axis 0 with size 28390
[bridge] ERROR: index 28394 is out of bounds for axis 0 with size 28390
[bridge] ERROR: index 28394 is out of bounds for axis 0 with size 28390
[bridge] ERROR: index 28394 is out of bounds for axis 0 with size 28390
[bridge] ERROR: index 28394 is out of bounds for axis 0 with size 28390
[bridge] ERROR: index 28394 is out of bounds for axis 0 with size 28390
[bridge] ERROR: index 28394 is out of bounds for axis 0 with size 28390
[bridge] ERROR: index 28394 is out of bounds for axis 0 with size 28390
[bridge] ERROR: index 28394 is out of bounds for axis 0 with size 28390
[bridge] ERROR: index 28394 is out of bounds for axis 0 with size 28390
[bridge] ERROR: index 28394 is out of bounds for axis 0 with size 28390
[bridge] ERROR: index 28394 is out of bounds for axis 0 with size 28390
[bridge] ERROR: index 28394 is out of bounds for axis 0 with size 28390
[bridge] ERROR: index 28394 is out of bounds for axis 0 with size 28390
[bridge] ERROR: index 28394 is out of bounds for axis 0 with size 28390
[bridge] ERROR: index 28394 is out of bounds for axis 0 with size 28390
[bridge] ERROR: index 28394 is out of bounds for axis 0 with size 28390
[bridge] ERROR: index 28394 is out of bounds for axis 0 with size 28390
[bridge] ERROR: index 28394 is out of bounds for axis 0 with size 28390
[bridge] ERROR: index 28394 is out of bounds for axis 0 with size 28390
[bridge] ERROR: index 28394 is out of bounds for axis 0 with size 28390
[bridge] ERROR: index 28394 is out of bounds for axis 0 with size 28390
[bridge] ERROR: index 28394 is out of bounds for axis 0 with size 28390
[bridge] ERROR: index 28394 is out of bounds for axis 0 with size 28390
[bridge] ERROR: index 28394 is out of bounds for axis 0 with size 28390
[bridge] ERROR: index 28394 is out of bounds for axis 0 with size 28390
[bridge] ERROR: index 28394 is out of bounds for axis 0 with size 28390
[bridge] ERROR: index 28394 is out of bounds for axis 0 with size 28390
[bridge] ERROR: index 28394 is out of bounds for axis 0 with size 28390
[bridge] ERROR: index 28394 is out of bounds for axis 0 with size 28390
[bridge] ERROR: index 28394 is out of bounds for axis 0 with size 28390
[bridge] ERROR: index 28394 is out of bounds for axis 0 with size 28390
[bridge] ERROR: index 28394 is out of bounds for axis 0 with size 28390
[bridge] ERROR: index 28394 is out of bounds for axis 0 with size 28390
[bridge] ERROR: index 28394 is out of bounds for axis 0 with size 28390
[bridge] ERROR: index 28394 is out of bounds for axis 0 with size 28390
[bridge] ERROR: index 28394 is out of bounds for axis 0 with size 28390
[bridge] ERROR: index 28394 is out of bounds for axis 0 with size 28390
[bridge] ERROR: index 28394 is out of bounds for axis 0 with size 28390
[bridge] ERROR: index 28394 is out of bounds for axis 0 with size 28390
[bridge] ERROR: index 28394 is out of bounds for axis 0 with size 28390
[bridge] ERROR: index 28394 is out of bounds for axis 0 with size 28390
[bridge] ERROR: index 28394 is out of bounds for axis 0 with size 28390
[bridge] ERROR: index 28394 is out of bounds for axis 0 with size 28390
[bridge] ERROR: index 28394 is out of bounds for axis 0 with size 28390
[bridge] ERROR: index 28394 is out of bounds for axis 0 with size 28390
[bridge] ERROR: index 28394 is out of bounds for axis 0 with size 28390
[bridge] ERROR: index 28394 is out of bounds for axis 0 with size 28390
[bridge] ERROR: index 28394 is out of bounds for axis 0 with size 28390
[bridge] ERROR: index 28394 is out of bounds for axis 0 with size 28390
[bridge] ERROR: index 28394 is out of bounds for axis 0 with size 28390
[bridge] ERROR: index 28394 is out of bounds for axis 0 with size 28390
[bridge] ERROR: index 28394 is out of bounds for axis 0 with size 28390
[bridge] ERROR: index 28394 is out of bounds for axis 0 with size 28390
[bridge] ERROR: index 28394 is out of bounds for axis 0 with size 28390
[bridge] ERROR: index 28394 is out of bounds for axis 0 with size 28390
[bridge] ERROR: index 28394 is out of bounds for axis 0 with size 28390
[bridge] ERROR: index 28394 is out of bounds for axis 0 with size 28390
[bridge] ERROR: index 28394 is out of bounds for axis 0 with size 28390
[bridge] ERROR: index 28394 is out of bounds for axis 0 with size 28390
[bridge] ERROR: index 28394 is out of bounds for axis 0 with size 28390
[bridge] ERROR: index 28394 is out of bounds for axis 0 with size 28390
[bridge] ERROR: index 28394 is out of bounds for axis 0 with size 28390
[bridge] ERROR: index 28394 is out of bounds for axis 0 with size 28390
[bridge] ERROR: index 28394 is out of bounds for axis 0 with size 28390
[bridge] ERROR: index 28394 is out of bounds for axis 0 with size 28390
[bridge] ERROR: index 28394 is out of bounds for axis 0 with size 28390
[bridge] ERROR: index 28394 is out of bounds for axis 0 with size 28390
[bridge] ERROR: index 28394 is out of bounds for axis 0 with size 28390
[bridge] ERROR: index 28394 is out of bounds for axis 0 with size 28390
[bridge] ERROR: index 28394 is out of bounds for axis 0 with size 28390
[bridge] ERROR: index 28394 is out of bounds for axis 0 with size 28390
[bridge] ERROR: index 28394 is out of bounds for axis 0 with size 28390
[bridge] ERROR: index 28394 is out of bounds for axis 0 with size 28390
[bridge] ERROR: index 28394 is out of bounds for axis 0 with size 28390
[bridge] ERROR: index 28394 is out of bounds for axis 0 with size 28390
[bridge] ERROR: index 28394 is out of bounds for axis 0 with size 28390
[bridge] ERROR: index 28394 is out of bounds for axis 0 with size 28390
[bridge] ERROR: index 28394 is out of bounds for axis 0 with size 28390
[bridge] ERROR: index 28394 is out of bounds for axis 0 with size 28390
[bridge] ERROR: index 28394 is out of bounds for axis 0 with size 28390
[bridge] ERROR: index 28394 is out of bounds for axis 0 with size 28390
[bridge] ERROR: index 28394 is out of bounds for axis 0 with size 28390
[bridge] ERROR: index 28394 is out of bounds for axis 0 with size 28390
[bridge] ERROR: index 28394 is out of bounds for axis 0 with size 28390
[bridge] ERROR: index 28394 is out of bounds for axis 0 with size 28390
[bridge] ERROR: index 28394 is out of bounds for axis 0 with size 28390
[bridge] ERROR: index 28394 is out of bounds for axis 0 with size 28390
[bridge] ERROR: index 28394 is out of bounds for axis 0 with size 28390
[bridge] ERROR: index 28394 is out of bounds for axis 0 with size 28390
[bridge] ERROR: index 28394 is out of bounds for axis 0 with size 28390
[bridge] ERROR: index 28394 is out of bounds for axis 0 with size 28390
[bridge] ERROR: index 28394 is out of bounds for axis 0 with size 28390
[bridge] ERROR: index 28394 is out of bounds for axis 0 with size 28390
[bridge] ERROR: index 28394 is out of bounds for axis 0 with size 28390
[bridge] ERROR: index 28394 is out of bounds for axis 0 with size 28390
[bridge] ERROR: index 28394 is out of bounds for axis 0 with size 28390
[bridge] ERROR: index 28394 is out of bounds for axis 0 with size 28390
[bridge] ERROR: index 28394 is out of bounds for axis 0 with size 28390
[bridge] ERROR: index 28394 is out of bounds for axis 0 with size 28390
[bridge] ERROR: index 28394 is out of bounds for axis 0 with size 28390
[bridge] ERROR: index 28394 is out of bounds for axis 0 with size 28390
[bridge] ERROR: index 28394 is out of bounds for axis 0 with size 28390
[bridge] ERROR: index 28394 is out of bounds for axis 0 with size 28390
[bridge] ERROR: index 28394 is out of bounds for axis 0 with size 28390
[bridge] ERROR: index 28394 is out of bounds for axis 0 with size 28390
[bridge] ERROR: index 28394 is out of bounds for axis 0 with size 28390
[bridge] ERROR: index 28394 is out of bounds for axis 0 with size 28390
[bridge] ERROR: index 28394 is out of bounds for axis 0 with size 28390
[bridge] ERROR: index 28394 is out of bounds for axis 0 with size 28390
[bridge] ERROR: index 28394 is out of bounds for axis 0 with size 28390
[bridge] ERROR: index 28394 is out of bounds for axis 0 with size 28390
[bridge] ERROR: index 28394 is out of bounds for axis 0 with size 28390
[bridge] ERROR: index 28394 is out of bounds for axis 0 with size 28390
[bridge] ERROR: index 28394 is out of bounds for axis 0 with size 28390
[bridge] ERROR: index 28394 is out of bounds for axis 0 with size 28390
[bridge] ERROR: index 28394 is out of bounds for axis 0 with size 28390
[bridge] ERROR: index 28394 is out of bounds for axis 0 with size 28390
[bridge] ERROR: index 28394 is out of bounds for axis 0 with size 28390
[bridge] ERROR: index 28394 is out of bounds for axis 0 with size 28390
[bridge] ERROR: index 28394 is out of bounds for axis 0 with size 28390
[bridge] ERROR: index 28394 is out of bounds for axis 0 with size 28390
[bridge] ERROR: index 28394 is out of bounds for axis 0 with size 28390
[bridge] ERROR: index 28394 is out of bounds for axis 0 with size 28390
[bridge] ERROR: index 28394 is out of bounds for axis 0 with size 28390
[bridge] ERROR: index 28394 is out of bounds for axis 0 with size 28390
[bridge] ERROR: index 28394 is out of bounds for axis 0 with size 28390
[bridge] ERROR: index 28394 is out of bounds for axis 0 with size 28390
[bridge] ERROR: index 28394 is out of bounds for axis 0 with size 28390
[bridge] ERROR: index 28394 is out of bounds for axis 0 with size 28390
[bridge] ERROR: index 28394 is out of bounds for axis 0 with size 28390
[bridge] ERROR: index 28394 is out of bounds for axis 0 with size 28390
[bridge] ERROR: index 28394 is out of bounds for axis 0 with size 28390
[bridge] ERROR: index 28394 is out of bounds for axis 0 with size 28390
[bridge] ERROR: index 28394 is out of bounds for axis 0 with size 28390
[bridge] ERROR: index 28394 is out of bounds for axis 0 with size 28390
[bridge] ERROR: index 28394 is out of bounds for axis 0 with size 28390
[bridge] ERROR: index 28394 is out of bounds for axis 0 with size 28390
[bridge] ERROR: index 28394 is out of bounds for axis 0 with size 28390
[bridge] ERROR: index 28394 is out of bounds for axis 0 with size 28390
[bridge] ERROR: index 28394 is out of bounds for axis 0 with size 28390
[bridge] ERROR: index 28394 is out of bounds for axis 0 with size 28390
[bridge] ERROR: index 28394 is out of bounds for axis 0 with size 28390
[bridge] ERROR: index 28394 is out of bounds for axis 0 with size 28390
[bridge] ERROR: index 28394 is out of bounds for axis 0 with size 28390
[bridge] ERROR: index 28394 is out of bounds for axis 0 with size 28390
[bridge] ERROR: index 28394 is out of bounds for axis 0 with size 28390
[bridge] ERROR: index 28394 is out of bounds for axis 0 with size 28390
[bridge] ERROR: index 28394 is out of bounds for axis 0 with size 28390
[bridge] ERROR: index 28394 is out of bounds for axis 0 with size 28390
[bridge] ERROR: index 28394 is out of bounds for axis 0 with size 28390
[bridge] ERROR: index 28394 is out of bounds for axis 0 with size 28390
[bridge] ERROR: index 28394 is out of bounds for axis 0 with size 28390
[bridge] ERROR: index 28394 is out of bounds for axis 0 with size 28390
[bridge] ERROR: index 28394 is out of bounds for axis 0 with size 28390
[bridge] ERROR: index 28394 is out of bounds for axis 0 with size 28390
[bridge] ERROR: index 28394 is out of bounds for axis 0 with size 28390
[bridge] ERROR: index 28394 is out of bounds for axis 0 with size 28390
[bridge] ERROR: index 28394 is out of bounds for axis 0 with size 28390
[bridge] ERROR: index 28394 is out of bounds for axis 0 with size 28390
[bridge] ERROR: index 28394 is out of bounds for axis 0 with size 28390
[bridge] ERROR: index 28394 is out of bounds for axis 0 with size 28390
[bridge] ERROR: index 28394 is out of bounds for axis 0 with size 28390
[bridge] ERROR: index 28394 is out of bounds for axis 0 with size 28390
[bridge] ERROR: index 28394 is out of bounds for axis 0 with size 28390
[bridge] ERROR: index 28394 is out of bounds for axis 0 with size 28390
[bridge] ERROR: index 28394 is out of bounds for axis 0 with size 28390
[bridge] ERROR: index 28394 is out of bounds for axis 0 with size 28390
[bridge] ERROR: index 28394 is out of bounds for axis 0 with size 28390
[bridge] ERROR: index 28394 is out of bounds for axis 0 with size 28390
[bridge] ERROR: index 28394 is out of bounds for axis 0 with size 28390
[bridge] ERROR: index 28394 is out of bounds for axis 0 with size 28390
[bridge] ERROR: index 28394 is out of bounds for axis 0 with size 28390
[bridge] ERROR: index 28394 is out of bounds for axis 0 with size 28390
[bridge] ERROR: index 28394 is out of bounds for axis 0 with size 28390
[bridge] ERROR: index 28394 is out of bounds for axis 0 with size 28390
[bridge] ERROR: index 28394 is out of bounds for axis 0 with size 28390
[bridge] ERROR: index 28394 is out of bounds for axis 0 with size 28390
[bridge] ERROR: index 28394 is out of bounds for axis 0 with size 28390
[bridge] ERROR: index 28394 is out of bounds for axis 0 with size 28390
[bridge] ERROR: index 28394 is out of bounds for axis 0 with size 28390
[bridge] ERROR: index 28394 is out of bounds for axis 0 with size 28390
[bridge] ERROR: index 28394 is out of bounds for axis 0 with size 28390
[bridge] ERROR: index 28394 is out of bounds for axis 0 with size 28390
[bridge] ERROR: index 28394 is out of bounds for axis 0 with size 28390
[bridge] ERROR: index 28394 is out of bounds for axis 0 with size 28390
[bridge] ERROR: index 28394 is out of bounds for axis 0 with size 28390
[bridge] ERROR: index 28394 is out of bounds for axis 0 with size 28390
[bridge] ERROR: index 28394 is out of bounds for axis 0 with size 28390
[bridge] ERROR: index 28394 is out of bounds for axis 0 with size 28390
[bridge] ERROR: index 28394 is out of bounds for axis 0 with size 28390
[bridge] ERROR: index 28394 is out of bounds for axis 0 with size 28390
[bridge] ERROR: index 28394 is out of bounds for axis 0 with size 28390
[bridge] ERROR: index 28394 is out of bounds for axis 0 with size 28390
[bridge] ERROR: index 28394 is out of bounds for axis 0 with size 28390
[bridge] ERROR: index 28394 is out of bounds for axis 0 with size 28390
[bridge] ERROR: index 28394 is out of bounds for axis 0 with size 28390
[bridge] ERROR: index 28394 is out of bounds for axis 0 with size 28390
[bridge] ERROR: index 28394 is out of bounds for axis 0 with size 28390
[bridge] ERROR: index 28394 is out of bounds for axis 0 with size 28390
[bridge] ERROR: index 28394 is out of bounds for axis 0 with size 28390
[bridge] ERROR: index 28394 is out of bounds for axis 0 with size 28390
[bridge] ERROR: index 28394 is out of bounds for axis 0 with size 28390
[bridge] ERROR: index 28394 is out of bounds for axis 0 with size 28390
[bridge] ERROR: index 28394 is out of bounds for axis 0 with size 28390
[bridge] ERROR: index 28394 is out of bounds for axis 0 with size 28390
[bridge] ERROR: index 28394 is out of bounds for axis 0 with size 28390
[bridge] ERROR: index 28394 is out of bounds for axis 0 with size 28390
[bridge] ERROR: index 28394 is out of bounds for axis 0 with size 28390
[bridge] ERROR: index 28394 is out of bounds for axis 0 with size 28390
[bridge] ERROR: index 28394 is out of bounds for axis 0 with size 28390
[bridge] ERROR: index 28394 is out of bounds for axis 0 with size 28390
[bridge] ERROR: index 28394 is out of bounds for axis 0 with size 28390
[bridge] ERROR: index 28394 is out of bounds for axis 0 with size 28390
[bridge] ERROR: index 28394 is out of bounds for axis 0 with size 28390
[bridge] ERROR: index 28394 is out of bounds for axis 0 with size 28390
[bridge] ERROR: index 28394 is out of bounds for axis 0 with size 28390
[bridge] ERROR: index 28394 is out of bounds for axis 0 with size 28390
[bridge] ERROR: index 28394 is out of bounds for axis 0 with size 28390
[bridge] ERROR: index 28394 is out of bounds for axis 0 with size 28390
[bridge] ERROR: index 28394 is out of bounds for axis 0 with size 28390
[bridge] ERROR: index 28394 is out of bounds for axis 0 with size 28390
[bridge] ERROR: index 28394 is out of bounds for axis 0 with size 28390
[bridge] ERROR: index 28394 is out of bounds for axis 0 with size 28390
[bridge] ERROR: index 28394 is out of bounds for axis 0 with size 28390
[bridge] ERROR: index 28394 is out of bounds for axis 0 with size 28390
[bridge] ERROR: index 28394 is out of bounds for axis 0 with size 28390
[bridge] ERROR: index 28394 is out of bounds for axis 0 with size 28390
[bridge] ERROR: index 28394 is out of bounds for axis 0 with size 28390
[bridge] ERROR: index 28394 is out of bounds for axis 0 with size 28390
[bridge] ERROR: index 28394 is out of bounds for axis 0 with size 28390
[bridge] ERROR: index 28394 is out of bounds for axis 0 with size 28390
[bridge] ERROR: index 28394 is out of bounds for axis 0 with size 28390
[bridge] ERROR: index 28394 is out of bounds for axis 0 with size 28390
[bridge] ERROR: index 28394 is out of bounds for axis 0 with size 28390
[bridge] ERROR: index 28394 is out of bounds for axis 0 with size 28390
[bridge] ERROR: index 28394 is out of bounds for axis 0 with size 28390
[bridge] ERROR: index 28394 is out of bounds for axis 0 with size 28390
[bridge] ERROR: index 28394 is out of bounds for axis 0 with size 28390
[bridge] ERROR: index 28394 is out of bounds for axis 0 with size 28390
[bridge] ERROR: index 28394 is out of bounds for axis 0 with size 28390
[bridge] ERROR: index 28394 is out of bounds for axis 0 with size 28390
[bridge] ERROR: index 28394 is out of bounds for axis 0 with size 28390
[bridge] ERROR: index 28394 is out of bounds for axis 0 with size 28390
[bridge] ERROR: index 28394 is out of bounds for axis 0 with size 28390
[bridge] ERROR: index 28394 is out of bounds for axis 0 with size 28390
[bridge] ERROR: index 28394 is out of bounds for axis 0 with size 28390
[bridge] ERROR: index 28394 is out of bounds for axis 0 with size 28390
[bridge] ERROR: index 28394 is out of bounds for axis 0 with size 28390
[bridge] ERROR: index 28394 is out of bounds for axis 0 with size 28390
[bridge] ERROR: index 28394 is out of bounds for axis 0 with size 28390
[bridge] ERROR: index 28394 is out of bounds for axis 0 with size 28390
[bridge] ERROR: index 28394 is out of bounds for axis 0 with size 28390
[bridge] ERROR: index 28394 is out of bounds for axis 0 with size 28390
[bridge] ERROR: index 28394 is out of bounds for axis 0 with size 28390
[bridge] ERROR: index 28394 is out of bounds for axis 0 with size 28390
[bridge] ERROR: index 28394 is out of bounds for axis 0 with size 28390
[bridge] ERROR: index 28394 is out of bounds for axis 0 with size 28390
[bridge] ERROR: index 28394 is out of bounds for axis 0 with size 28390
[bridge] ERROR: index 28394 is out of bounds for axis 0 with size 28390
[bridge] ERROR: index 28394 is out of bounds for axis 0 with size 28390
[bridge] ERROR: index 28394 is out of bounds for axis 0 with size 28390
[bridge] ERROR: index 28394 is out of bounds for axis 0 with size 28390
[bridge] ERROR: index 28394 is out of bounds for axis 0 with size 28390
[bridge] ERROR: index 28394 is out of bounds for axis 0 with size 28390
[bridge] ERROR: index 28394 is out of bounds for axis 0 with size 28390
[bridge] ERROR: index 28394 is out of bounds for axis 0 with size 28390
[bridge] ERROR: index 28394 is out of bounds for axis 0 with size 28390
[bridge] ERROR: index 28394 is out of bounds for axis 0 with size 28390
[bridge] ERROR: index 28394 is out of bounds for axis 0 with size 28390
[bridge] ERROR: index 28394 is out of bounds for axis 0 with size 28390
[bridge] ERROR: index 28394 is out of bounds for axis 0 with size 28390
[bridge] ERROR: index 28394 is out of bounds for axis 0 with size 28390
[bridge] ERROR: index 28394 is out of bounds for axis 0 with size 28390
[bridge] ERROR: index 28394 is out of bounds for axis 0 with size 28390
[bridge] ERROR: index 28394 is out of bounds for axis 0 with size 28390
[bridge] ERROR: index 28394 is out of bounds for axis 0 with size 28390
[bridge] ERROR: index 28394 is out of bounds for axis 0 with size 28390
[bridge] ERROR: index 28394 is out of bounds for axis 0 with size 28390
[bridge] ERROR: index 28394 is out of bounds for axis 0 with size 28390
[bridge] ERROR: index 28394 is out of bounds for axis 0 with size 28390
[bridge] ERROR: index 28394 is out of bounds for axis 0 with size 28390
[bridge] ERROR: index 28394 is out of bounds for axis 0 with size 28390
[bridge] ERROR: index 28394 is out of bounds for axis 0 with size 28390
[bridge] ERROR: index 28394 is out of bounds for axis 0 with size 28390
[bridge] ERROR: index 28394 is out of bounds for axis 0 with size 28390
[bridge] ERROR: index 28394 is out of bounds for axis 0 with size 28390
[bridge] ERROR: index 28394 is out of bounds for axis 0 with size 28390
[bridge] ERROR: index 28394 is out of bounds for axis 0 with size 28390
[bridge] ERROR: index 28394 is out of bounds for axis 0 with size 28390
[bridge] ERROR: index 28394 is out of bounds for axis 0 with size 28390
[bridge] ERROR: index 28394 is out of bounds for axis 0 with size 28390
[bridge] ERROR: index 28394 is out of bounds for axis 0 with size 28390
[bridge] ERROR: index 28394 is out of bounds for axis 0 with size 28390
[bridge] ERROR: index 28394 is out of bounds for axis 0 with size 28390
[bridge] ERROR: index 28394 is out of bounds for axis 0 with size 28390
[bridge] ERROR: index 28394 is out of bounds for axis 0 with size 28390
[bridge] ERROR: index 28394 is out of bounds for axis 0 with size 28390
[bridge] ERROR: index 28394 is out of bounds for axis 0 with size 28390
[bridge] ERROR: index 28394 is out of bounds for axis 0 with size 28390
[bridge] ERROR: index 28394 is out of bounds for axis 0 with size 28390
[bridge] ERROR: index 28394 is out of bounds for axis 0 with size 28390
[bridge] ERROR: index 28394 is out of bounds for axis 0 with size 28390
[bridge] ERROR: index 28394 is out of bounds for axis 0 with size 28390
[bridge] ERROR: index 28394 is out of bounds for axis 0 with size 28390
[bridge] ERROR: index 28394 is out of bounds for axis 0 with size 28390
[bridge] ERROR: index 28394 is out of bounds for axis 0 with size 28390
[bridge] ERROR: index 28394 is out of bounds for axis 0 with size 28390
[bridge] ERROR: index 28394 is out of bounds for axis 0 with size 28390
[bridge] ERROR: index 28394 is out of bounds for axis 0 with size 28390
[bridge] ERROR: index 28394 is out of bounds for axis 0 with size 28390
[bridge] ERROR: index 28394 is out of bounds for axis 0 with size 28390
[bridge] ERROR: index 28394 is out of bounds for axis 0 with size 28390
[bridge] ERROR: index 28394 is out of bounds for axis 0 with size 28390
[bridge] ERROR: index 28394 is out of bounds for axis 0 with size 28390
[bridge] ERROR: index 28394 is out of bounds for axis 0 with size 28390
[bridge] ERROR: index 28394 is out of bounds for axis 0 with size 28390
[bridge] ERROR: index 28394 is out of bounds for axis 0 with size 28390
[bridge] ERROR: index 28394 is out of bounds for axis 0 with size 28390
[bridge] ERROR: index 28394 is out of bounds for axis 0 with size 28390
[bridge] ERROR: index 28394 is out of bounds for axis 0 with size 28390
[bridge] ERROR: index 28394 is out of bounds for axis 0 with size 28390
[bridge] ERROR: index 28394 is out of bounds for axis 0 with size 28390
[bridge] ERROR: index 28394 is out of bounds for axis 0 with size 28390
[bridge] ERROR: index 28394 is out of bounds for axis 0 with size 28390
[bridge] ERROR: index 28394 is out of bounds for axis 0 with size 28390
[bridge] ERROR: index 28394 is out of bounds for axis 0 with size 28390
[bridge] ERROR: index 28394 is out of bounds for axis 0 with size 28390
[bridge] ERROR: index 28394 is out of bounds for axis 0 with size 28390
[bridge] ERROR: index 28394 is out of bounds for axis 0 with size 28390
[bridge] ERROR: index 28394 is out of bounds for axis 0 with size 28390
[bridge] ERROR: index 28394 is out of bounds for axis 0 with size 28390
[bridge] ERROR: index 28394 is out of bounds for axis 0 with size 28390
[bridge] ERROR: index 28394 is out of bounds for axis 0 with size 28390
[bridge] ERROR: index 28394 is out of bounds for axis 0 with size 28390
[bridge] ERROR: index 28394 is out of bounds for axis 0 with size 28390
[bridge] ERROR: index 28394 is out of bounds for axis 0 with size 28390
[bridge] ERROR: index 28394 is out of bounds for axis 0 with size 28390
[bridge] ERROR: index 28394 is out of bounds for axis 0 with size 28390
[bridge] ERROR: index 28394 is out of bounds for axis 0 with size 28390
[bridge] ERROR: index 28394 is out of bounds for axis 0 with size 28390
[bridge] ERROR: index 28394 is out of bounds for axis 0 with size 28390
[bridge] ERROR: index 28394 is out of bounds for axis 0 with size 28390
[bridge] ERROR: index 28394 is out of bounds for axis 0 with size 28390
[bridge] ERROR: index 28394 is out of bounds for axis 0 with size 28390
[bridge] ERROR: index 28394 is out of bounds for axis 0 with size 28390
[bridge] ERROR: index 28394 is out of bounds for axis 0 with size 28390
[bridge] ERROR: index 28394 is out of bounds for axis 0 with size 28390
[bridge] ERROR: index 28394 is out of bounds for axis 0 with size 28390
[bridge] ERROR: index 28394 is out of bounds for axis 0 with size 28390
[bridge] ERROR: index 28394 is out of bounds for axis 0 with size 28390
[bridge] ERROR: index 28394 is out of bounds for axis 0 with size 28390
[bridge] ERROR: index 28394 is out of bounds for axis 0 with size 28390
[bridge] ERROR: index 28394 is out of bounds for axis 0 with size 28390
[bridge] ERROR: index 28394 is out of bounds for axis 0 with size 28390
[bridge] ERROR: index 28394 is out of bounds for axis 0 with size 28390
[bridge] ERROR: index 28394 is out of bounds for axis 0 with size 28390
[bridge] ERROR: index 28394 is out of bounds for axis 0 with size 28390
[bridge] ERROR: index 28394 is out of bounds for axis 0 with size 28390
[bridge] ERROR: index 28394 is out of bounds for axis 0 with size 28390
[bridge] ERROR: index 28394 is out of bounds for axis 0 with size 28390
[bridge] ERROR: index 28394 is out of bounds for axis 0 with size 28390
[bridge] ERROR: index 28394 is out of bounds for axis 0 with size 28390
[bridge] ERROR: index 28394 is out of bounds for axis 0 with size 28390
[bridge] ERROR: index 28394 is out of bounds for axis 0 with size 28390
[bridge] ERROR: index 28394 is out of bounds for axis 0 with size 28390
[bridge] ERROR: index 28394 is out of bounds for axis 0 with size 28390
[bridge] ERROR: index 28394 is out of bounds for axis 0 with size 28390
[bridge] ERROR: index 28394 is out of bounds for axis 0 with size 28390
[bridge] ERROR: index 28394 is out of bounds for axis 0 with size 28390
[bridge] ERROR: index 28394 is out of bounds for axis 0 with size 28390
[bridge] ERROR: index 28394 is out of bounds for axis 0 with size 28390
[bridge] ERROR: index 28394 is out of bounds for axis 0 with size 28390
[bridge] ERROR: index 28394 is out of bounds for axis 0 with size 28390
[bridge] ERROR: index 28394 is out of bounds for axis 0 with size 28390
[bridge] ERROR: index 28394 is out of bounds for axis 0 with size 28390
[bridge] ERROR: index 28394 is out of bounds for axis 0 with size 28390
[bridge] ERROR: index 28394 is out of bounds for axis 0 with size 28390
[bridge] ERROR: index 28394 is out of bounds for axis 0 with size 28390
[bridge] ERROR: index 28394 is out of bounds for axis 0 with size 28390
[bridge] ERROR: index 28394 is out of bounds for axis 0 with size 28390
[bridge] ERROR: index 28394 is out of bounds for axis 0 with size 28390
[bridge] ERROR: index 28394 is out of bounds for axis 0 with size 28390
[bridge] ERROR: index 28394 is out of bounds for axis 0 with size 28390
[bridge] ERROR: index 28394 is out of bounds for axis 0 with size 28390
[bridge] ERROR: index 28394 is out of bounds for axis 0 with size 28390
[bridge] ERROR: index 28394 is out of bounds for axis 0 with size 28390
[bridge] ERROR: index 28394 is out of bounds for axis 0 with size 28390
[bridge] ERROR: index 28394 is out of bounds for axis 0 with size 28390
[bridge] ERROR: index 28394 is out of bounds for axis 0 with size 28390
[bridge] ERROR: index 28394 is out of bounds for axis 0 with size 28390
[bridge] ERROR: index 28394 is out of bounds for axis 0 with size 28390
[bridge] ERROR: index 28394 is out of bounds for axis 0 with size 28390
[bridge] ERROR: index 28394 is out of bounds for axis 0 with size 28390
[bridge] ERROR: index 28394 is out of bounds for axis 0 with size 28390
[bridge] ERROR: index 28394 is out of bounds for axis 0 with size 28390
[bridge] ERROR: index 28394 is out of bounds for axis 0 with size 28390
[bridge] ERROR: index 28394 is out of bounds for axis 0 with size 28390
[bridge] ERROR: index 28394 is out of bounds for axis 0 with size 28390
[bridge] ERROR: index 28394 is out of bounds for axis 0 with size 28390
[bridge] ERROR: index 28394 is out of bounds for axis 0 with size 28390
[bridge] ERROR: index 28394 is out of bounds for axis 0 with size 28390
[bridge] ERROR: index 28394 is out of bounds for axis 0 with size 28390
[bridge] ERROR: index 28394 is out of bounds for axis 0 with size 28390
[bridge] ERROR: index 28394 is out of bounds for axis 0 with size 28390
[bridge] ERROR: index 28394 is out of bounds for axis 0 with size 28390
[bridge] ERROR: index 28394 is out of bounds for axis 0 with size 28390
[bridge] ERROR: index 28394 is out of bounds for axis 0 with size 28390
[bridge] ERROR: index 28394 is out of bounds for axis 0 with size 28390
[bridge] ERROR: index 28394 is out of bounds for axis 0 with size 28390
[bridge] ERROR: index 28394 is out of bounds for axis 0 with size 28390
[bridge] ERROR: index 28394 is out of bounds for axis 0 with size 28390
[bridge] ERROR: index 28394 is out of bounds for axis 0 with size 28390
[bridge] ERROR: index 28394 is out of bounds for axis 0 with size 28390
[bridge] ERROR: index 28394 is out of bounds for axis 0 with size 28390
[bridge] ERROR: index 28394 is out of bounds for axis 0 with size 28390
[bridge] ERROR: index 28394 is out of bounds for axis 0 with size 28390
[bridge] ERROR: index 28394 is out of bounds for axis 0 with size 28390
[bridge] ERROR: index 28394 is out of bounds for axis 0 with size 28390
[bridge] ERROR: index 28394 is out of bounds for axis 0 with size 28390
[bridge] ERROR: index 28394 is out of bounds for axis 0 with size 28390
[bridge] ERROR: index 28394 is out of bounds for axis 0 with size 28390
[bridge] ERROR: index 28394 is out of bounds for axis 0 with size 28390
[bridge] ERROR: index 28394 is out of bounds for axis 0 with size 28390
[bridge] ERROR: index 28394 is out of bounds for axis 0 with size 28390
[bridge] ERROR: index 28394 is out of bounds for axis 0 with size 28390
[bridge] ERROR: index 28394 is out of bounds for axis 0 with size 28390
[bridge] ERROR: index 28394 is out of bounds for axis 0 with size 28390
[bridge] ERROR: index 28394 is out of bounds for axis 0 with size 28390
[bridge] ERROR: index 28394 is out of bounds for axis 0 with size 28390
[bridge] ERROR: index 28394 is out of bounds for axis 0 with size 28390
[bridge] ERROR: index 28394 is out of bounds for axis 0 with size 28390
[bridge] ERROR: index 28394 is out of bounds for axis 0 with size 28390
[bridge] ERROR: index 28394 is out of bounds for axis 0 with size 28390
[bridge] ERROR: index 28394 is out of bounds for axis 0 with size 28390
[bridge] ERROR: index 28394 is out of bounds for axis 0 with size 28390
[bridge] ERROR: index 28394 is out of bounds for axis 0 with size 28390
[bridge] ERROR: index 28394 is out of bounds for axis 0 with size 28390
[bridge] ERROR: index 28394 is out of bounds for axis 0 with size 28390
[bridge] ERROR: index 28394 is out of bounds for axis 0 with size 28390
[bridge] ERROR: index 28394 is out of bounds for axis 0 with size 28390
[bridge] ERROR: index 28394 is out of bounds for axis 0 with size 28390
[bridge] ERROR: index 28394 is out of bounds for axis 0 with size 28390
[bridge] ERROR: index 28394 is out of bounds for axis 0 with size 28390
[bridge] ERROR: index 28394 is out of bounds for axis 0 with size 28390
[bridge] ERROR: index 28394 is out of bounds for axis 0 with size 28390
[bridge] ERROR: index 28394 is out of bounds for axis 0 with size 28390
[bridge] ERROR: index 28394 is out of bounds for axis 0 with size 28390
[bridge] ERROR: index 28394 is out of bounds for axis 0 with size 28390
[bridge] ERROR: index 28394 is out of bounds for axis 0 with size 28390
[bridge] ERROR: index 28394 is out of bounds for axis 0 with size 28390
[bridge] ERROR: index 28394 is out of bounds for axis 0 with size 28390
[bridge] ERROR: index 28394 is out of bounds for axis 0 with size 28390
[bridge] ERROR: index 28394 is out of bounds for axis 0 with size 28390
[bridge] ERROR: index 28394 is out of bounds for axis 0 with size 28390
[bridge] ERROR: index 28394 is out of bounds for axis 0 with size 28390
[bridge] ERROR: index 28394 is out of bounds for axis 0 with size 28390
[bridge] ERROR: index 28394 is out of bounds for axis 0 with size 28390
[bridge] ERROR: index 28394 is out of bounds for axis 0 with size 28390
[bridge] ERROR: index 28394 is out of bounds for axis 0 with size 28390
[bridge] ERROR: index 28394 is out of bounds for axis 0 with size 28390
[bridge] ERROR: index 28394 is out of bounds for axis 0 with size 28390
[bridge] ERROR: index 28394 is out of bounds for axis 0 with size 28390
[bridge] ERROR: index 28394 is out of bounds for axis 0 with size 28390
[bridge] ERROR: index 28394 is out of bounds for axis 0 with size 28390
[bridge] ERROR: index 28394 is out of bounds for axis 0 with size 28390
[bridge] ERROR: index 28394 is out of bounds for axis 0 with size 28390
[bridge] ERROR: index 28394 is out of bounds for axis 0 with size 28390
[bridge] ERROR: index 28394 is out of bounds for axis 0 with size 28390
[bridge] ERROR: index 28394 is out of bounds for axis 0 with size 28390
[bridge] ERROR: index 28394 is out of bounds for axis 0 with size 28390
[bridge] ERROR: index 28394 is out of bounds for axis 0 with size 28390
[bridge] ERROR: index 28394 is out of bounds for axis 0 with size 28390
[bridge] ERROR: index 28394 is out of bounds for axis 0 with size 28390
[bridge] ERROR: index 28394 is out of bounds for axis 0 with size 28390
[bridge] ERROR: index 28394 is out of bounds for axis 0 with size 28390
[bridge] ERROR: index 28394 is out of bounds for axis 0 with size 28390
[bridge] ERROR: index 28394 is out of bounds for axis 0 with size 28390
[bridge] ERROR: index 28394 is out of bounds for axis 0 with size 28390
[bridge] ERROR: index 28394 is out of bounds for axis 0 with size 28390
[bridge] ERROR: index 28394 is out of bounds for axis 0 with size 28390
[bridge] ERROR: index 28394 is out of bounds for axis 0 with size 28390
[bridge] ERROR: index 28394 is out of bounds for axis 0 with size 28390
[bridge] ERROR: index 28394 is out of bounds for axis 0 with size 28390
[bridge] ERROR: index 28394 is out of bounds for axis 0 with size 28390
[bridge] ERROR: index 28394 is out of bounds for axis 0 with size 28390
[bridge] ERROR: index 28394 is out of bounds for axis 0 with size 28390
[bridge] ERROR: index 28394 is out of bounds for axis 0 with size 28390
[bridge] ERROR: index 28394 is out of bounds for axis 0 with size 28390
[bridge] ERROR: index 28394 is out of bounds for axis 0 with size 28390
[bridge] ERROR: index 28394 is out of bounds for axis 0 with size 28390
[bridge] ERROR: index 28394 is out of bounds for axis 0 with size 28390
[bridge] ERROR: index 28394 is out of bounds for axis 0 with size 28390
[bridge] ERROR: index 28394 is out of bounds for axis 0 with size 28390
[bridge] ERROR: index 28394 is out of bounds for axis 0 with size 28390
[bridge] ERROR: index 28394 is out of bounds for axis 0 with size 28390
[bridge] ERROR: index 28394 is out of bounds for axis 0 with size 28390
[bridge] ERROR: index 28394 is out of bounds for axis 0 with size 28390
[bridge] ERROR: index 28394 is out of bounds for axis 0 with size 28390
[bridge] ERROR: index 28394 is out of bounds for axis 0 with size 28390
[bridge] ERROR: index 28394 is out of bounds for axis 0 with size 28390
[bridge] ERROR: index 28394 is out of bounds for axis 0 with size 28390
[bridge] ERROR: index 28394 is out of bounds for axis 0 with size 28390
[bridge] ERROR: index 28394 is out of bounds for axis 0 with size 28390
[bridge] ERROR: index 28394 is out of bounds for axis 0 with size 28390
[bridge] ERROR: index 28394 is out of bounds for axis 0 with size 28390
[bridge] ERROR: index 28394 is out of bounds for axis 0 with size 28390
[bridge] ERROR: index 28394 is out of bounds for axis 0 with size 28390
[bridge] ERROR: index 28394 is out of bounds for axis 0 with size 28390
[bridge] ERROR: index 28394 is out of bounds for axis 0 with size 28390
[bridge] ERROR: index 28394 is out of bounds for axis 0 with size 28390
[bridge] ERROR: index 28394 is out of bounds for axis 0 with size 28390
[bridge] ERROR: index 28394 is out of bounds for axis 0 with size 28390
[bridge] ERROR: index 28394 is out of bounds for axis 0 with size 28390
[bridge] ERROR: index 28394 is out of bounds for axis 0 with size 28390
[bridge] ERROR: index 28394 is out of bounds for axis 0 with size 28390
[bridge] ERROR: index 28394 is out of bounds for axis 0 with size 28390
[bridge] ERROR: index 28394 is out of bounds for axis 0 with size 28390
[bridge] ERROR: index 28394 is out of bounds for axis 0 with size 28390
[bridge] ERROR: index 28394 is out of bounds for axis 0 with size 28390
[bridge] ERROR: index 28394 is out of bounds for axis 0 with size 28390
[bridge] ERROR: index 28394 is out of bounds for axis 0 with size 28390
[bridge] ERROR: index 28394 is out of bounds for axis 0 with size 28390
[bridge] ERROR: index 28394 is out of bounds for axis 0 with size 28390
[bridge] ERROR: index 28394 is out of bounds for axis 0 with size 28390
[bridge] ERROR: index 28394 is out of bounds for axis 0 with size 28390
[bridge] ERROR: index 28394 is out of bounds for axis 0 with size 28390
[bridge] ERROR: index 28394 is out of bounds for axis 0 with size 28390
[bridge] ERROR: index 28394 is out of bounds for axis 0 with size 28390
[bridge] ERROR: index 28394 is out of bounds for axis 0 with size 28390
[bridge] ERROR: index 28394 is out of bounds for axis 0 with size 28390
[bridge] ERROR: index 28394 is out of bounds for axis 0 with size 28390
[bridge] ERROR: index 28394 is out of bounds for axis 0 with size 28390
[bridge] ERROR: index 28394 is out of bounds for axis 0 with size 28390
[bridge] ERROR: index 28394 is out of bounds for axis 0 with size 28390
[bridge] ERROR: index 28394 is out of bounds for axis 0 with size 28390
[bridge] ERROR: index 28394 is out of bounds for axis 0 with size 28390
[bridge] ERROR: index 28394 is out of bounds for axis 0 with size 28390
[bridge] ERROR: index 28394 is out of bounds for axis 0 with size 28390
[bridge] ERROR: index 28394 is out of bounds for axis 0 with size 28390
[bridge] ERROR: index 28394 is out of bounds for axis 0 with size 28390
[bridge] ERROR: index 28394 is out of bounds for axis 0 with size 28390
[bridge] ERROR: index 28394 is out of bounds for axis 0 with size 28390
[bridge] ERROR: index 28394 is out of bounds for axis 0 with size 28390
[bridge] ERROR: index 28394 is out of bounds for axis 0 with size 28390
[bridge] ERROR: index 28394 is out of bounds for axis 0 with size 28390
[bridge] ERROR: index 28394 is out of bounds for axis 0 with size 28390
[bridge] ERROR: index 28394 is out of bounds for axis 0 with size 28390
[bridge] ERROR: index 28394 is out of bounds for axis 0 with size 28390
[bridge] ERROR: index 28394 is out of bounds for axis 0 with size 28390
[bridge] ERROR: index 28394 is out of bounds for axis 0 with size 28390
[bridge] ERROR: index 28394 is out of bounds for axis 0 with size 28390
[bridge] ERROR: index 28394 is out of bounds for axis 0 with size 28390
[bridge] ERROR: index 28394 is out of bounds for axis 0 with size 28390
[bridge] ERROR: index 28394 is out of bounds for axis 0 with size 28390
[bridge] ERROR: index 28394 is out of bounds for axis 0 with size 28390
[bridge] ERROR: index 28394 is out of bounds for axis 0 with size 28390
[bridge] ERROR: index 28394 is out of bounds for axis 0 with size 28390
[bridge] ERROR: index 28394 is out of bounds for axis 0 with size 28390
[bridge] ERROR: index 28394 is out of bounds for axis 0 with size 28390
[bridge] ERROR: index 28394 is out of bounds for axis 0 with size 28390
[bridge] ERROR: index 28394 is out of bounds for axis 0 with size 28390
[bridge] ERROR: index 28394 is out of bounds for axis 0 with size 28390
[bridge] ERROR: index 28394 is out of bounds for axis 0 with size 28390
[bridge] ERROR: index 28394 is out of bounds for axis 0 with size 28390
[bridge] ERROR: index 28394 is out of bounds for axis 0 with size 28390
[bridge] ERROR: index 28394 is out of bounds for axis 0 with size 28390
[bridge] ERROR: index 28394 is out of bounds for axis 0 with size 28390
[bridge] ERROR: index 28394 is out of bounds for axis 0 with size 28390
[bridge] ERROR: index 28394 is out of bounds for axis 0 with size 28390
[bridge] ERROR: index 28394 is out of bounds for axis 0 with size 28390
[bridge] ERROR: index 28394 is out of bounds for axis 0 with size 28390
[bridge] ERROR: index 28394 is out of bounds for axis 0 with size 28390
[bridge] ERROR: index 28394 is out of bounds for axis 0 with size 28390
[bridge] ERROR: index 28394 is out of bounds for axis 0 with size 28390
[bridge] ERROR: index 28394 is out of bounds for axis 0 with size 28390
[bridge] ERROR: index 28394 is out of bounds for axis 0 with size 28390
[bridge] ERROR: index 28394 is out of bounds for axis 0 with size 28390
[bridge] ERROR: index 28394 is out of bounds for axis 0 with size 28390
[bridge] ERROR: index 28394 is out of bounds for axis 0 with size 28390
[bridge] ERROR: index 28394 is out of bounds for axis 0 with size 28390
[bridge] ERROR: index 28394 is out of bounds for axis 0 with size 28390
[bridge] ERROR: index 28394 is out of bounds for axis 0 with size 28390
[bridge] ERROR: index 28394 is out of bounds for axis 0 with size 28390
[bridge] ERROR: index 28394 is out of bounds for axis 0 with size 28390
[bridge] ERROR: index 28394 is out of bounds for axis 0 with size 28390
[bridge] ERROR: index 28394 is out of bounds for axis 0 with size 28390
[bridge] ERROR: index 28394 is out of bounds for axis 0 with size 28390
[bridge] ERROR: index 28394 is out of bounds for axis 0 with size 28390
[bridge] ERROR: index 28394 is out of bounds for axis 0 with size 28390
[bridge] ERROR: index 28394 is out of bounds for axis 0 with size 28390
[bridge] ERROR: index 28394 is out of bounds for axis 0 with size 28390
[bridge] ERROR: index 28394 is out of bounds for axis 0 with size 28390
[bridge] ERROR: index 28394 is out of bounds for axis 0 with size 28390
[bridge] ERROR: index 28394 is out of bounds for axis 0 with size 28390
[bridge] ERROR: index 28394 is out of bounds for axis 0 with size 28390
[bridge] ERROR: index 28394 is out of bounds for axis 0 with size 28390
[bridge] ERROR: index 28394 is out of bounds for axis 0 with size 28390
[bridge] ERROR: index 28394 is out of bounds for axis 0 with size 28390
[bridge] ERROR: index 28394 is out of bounds for axis 0 with size 28390
[bridge] ERROR: index 28394 is out of bounds for axis 0 with size 28390
[bridge] ERROR: index 28394 is out of bounds for axis 0 with size 28390
[bridge] ERROR: index 28394 is out of bounds for axis 0 with size 28390
[bridge] ERROR: index 28394 is out of bounds for axis 0 with size 28390
[bridge] ERROR: index 28394 is out of bounds for axis 0 with size 28390
[bridge] ERROR: index 28394 is out of bounds for axis 0 with size 28390
[bridge] ERROR: index 28394 is out of bounds for axis 0 with size 28390
[bridge] ERROR: index 28394 is out of bounds for axis 0 with size 28390
[bridge] ERROR: index 28394 is out of bounds for axis 0 with size 28390
[bridge] ERROR: index 28394 is out of bounds for axis 0 with size 28390
[bridge] ERROR: index 28394 is out of bounds for axis 0 with size 28390
[bridge] ERROR: index 28394 is out of bounds for axis 0 with size 28390
[bridge] ERROR: index 28394 is out of bounds for axis 0 with size 28390
[bridge] ERROR: index 28394 is out of bounds for axis 0 with size 28390
[bridge] ERROR: index 28394 is out of bounds for axis 0 with size 28390
[bridge] ERROR: index 28394 is out of bounds for axis 0 with size 28390
[bridge] ERROR: index 28394 is out of bounds for axis 0 with size 28390
[bridge] ERROR: index 28394 is out of bounds for axis 0 with size 28390
[bridge] ERROR: index 28394 is out of bounds for axis 0 with size 28390
[bridge] ERROR: index 28394 is out of bounds for axis 0 with size 28390
[bridge] ERROR: index 28394 is out of bounds for axis 0 with size 28390
[bridge] ERROR: index 28394 is out of bounds for axis 0 with size 28390
[bridge] ERROR: index 28394 is out of bounds for axis 0 with size 28390
[bridge] ERROR: index 28394 is out of bounds for axis 0 with size 28390
[bridge] ERROR: index 28394 is out of bounds for axis 0 with size 28390
[bridge] ERROR: index 28394 is out of bounds for axis 0 with size 28390
[bridge] ERROR: index 28394 is out of bounds for axis 0 with size 28390
[bridge] ERROR: index 28394 is out of bounds for axis 0 with size 28390
[bridge] ERROR: index 28394 is out of bounds for axis 0 with size 28390
[bridge] ERROR: index 28394 is out of bounds for axis 0 with size 28390
[bridge] ERROR: index 28394 is out of bounds for axis 0 with size 28390
[bridge] ERROR: index 28394 is out of bounds for axis 0 with size 28390
[bridge] ERROR: index 28394 is out of bounds for axis 0 with size 28390
[bridge] ERROR: index 28394 is out of bounds for axis 0 with size 28390
[bridge] ERROR: index 28394 is out of bounds for axis 0 with size 28390
[bridge] ERROR: index 28394 is out of bounds for axis 0 with size 28390
[bridge] ERROR: index 28394 is out of bounds for axis 0 with size 28390
[bridge] ERROR: index 28394 is out of bounds for axis 0 with size 28390
[bridge] ERROR: index 28394 is out of bounds for axis 0 with size 28390
[bridge] ERROR: index 28394 is out of bounds for axis 0 with size 28390
[bridge] ERROR: index 28394 is out of bounds for axis 0 with size 28390
[bridge] ERROR: index 28394 is out of bounds for axis 0 with size 28390
[bridge] ERROR: index 28394 is out of bounds for axis 0 with size 28390
[bridge] ERROR: index 28394 is out of bounds for axis 0 with size 28390
[bridge] ERROR: index 28394 is out of bounds for axis 0 with size 28390
[bridge] ERROR: index 28394 is out of bounds for axis 0 with size 28390
[bridge] ERROR: index 28394 is out of bounds for axis 0 with size 28390
[bridge] ERROR: index 28394 is out of bounds for axis 0 with size 28390
[bridge] ERROR: index 28394 is out of bounds for axis 0 with size 28390
[bridge] ERROR: index 28394 is out of bounds for axis 0 with size 28390
[bridge] ERROR: index 28394 is out of bounds for axis 0 with size 28390
[bridge] ERROR: index 28394 is out of bounds for axis 0 with size 28390
[bridge] ERROR: index 28394 is out of bounds for axis 0 with size 28390
[bridge] ERROR: index 28394 is out of bounds for axis 0 with size 28390
[bridge] ERROR: index 28394 is out of bounds for axis 0 with size 28390
[bridge] ERROR: index 28394 is out of bounds for axis 0 with size 28390
[bridge] ERROR: index 28394 is out of bounds for axis 0 with size 28390
[bridge] ERROR: index 28394 is out of bounds for axis 0 with size 28390
[bridge] ERROR: index 28394 is out of bounds for axis 0 with size 28390
[bridge] ERROR: index 28394 is out of bounds for axis 0 with size 28390
[bridge] ERROR: index 28394 is out of bounds for axis 0 with size 28390
[bridge] ERROR: index 28394 is out of bounds for axis 0 with size 28390
[bridge] ERROR: index 28394 is out of bounds for axis 0 with size 28390
[bridge] ERROR: index 28394 is out of bounds for axis 0 with size 28390
[bridge] ERROR: index 28394 is out of bounds for axis 0 with size 28390
[bridge] ERROR: index 28394 is out of bounds for axis 0 with size 28390
[bridge] ERROR: index 28394 is out of bounds for axis 0 with size 28390
[bridge] ERROR: index 28394 is out of bounds for axis 0 with size 28390
[bridge] ERROR: index 28394 is out of bounds for axis 0 with size 28390
[bridge] ERROR: index 28394 is out of bounds for axis 0 with size 28390
[bridge] ERROR: index 28394 is out of bounds for axis 0 with size 28390
[bridge] ERROR: index 28394 is out of bounds for axis 0 with size 28390
[bridge] ERROR: index 28394 is out of bounds for axis 0 with size 28390
[bridge] ERROR: index 28394 is out of bounds for axis 0 with size 28390
[bridge] ERROR: index 28394 is out of bounds for axis 0 with size 28390
[bridge] ERROR: index 28394 is out of bounds for axis 0 with size 28390
[bridge] ERROR: index 28394 is out of bounds for axis 0 with size 28390
[bridge] ERROR: index 28394 is out of bounds for axis 0 with size 28390
[bridge] ERROR: index 28394 is out of bounds for axis 0 with size 28390
[bridge] ERROR: index 28394 is out of bounds for axis 0 with size 28390
[bridge] ERROR: index 28394 is out of bounds for axis 0 with size 28390
[bridge] ERROR: index 28394 is out of bounds for axis 0 with size 28390
[bridge] ERROR: index 28394 is out of bounds for axis 0 with size 28390
[bridge] ERROR: index 28394 is out of bounds for axis 0 with size 28390
[bridge] ERROR: index 28394 is out of bounds for axis 0 with size 28390
[bridge] ERROR: index 28394 is out of bounds for axis 0 with size 28390
[bridge] ERROR: index 28394 is out of bounds for axis 0 with size 28390
[bridge] ERROR: index 28394 is out of bounds for axis 0 with size 28390
[bridge] ERROR: index 28394 is out of bounds for axis 0 with size 28390
[bridge] ERROR: index 28394 is out of bounds for axis 0 with size 28390
[bridge] ERROR: index 28394 is out of bounds for axis 0 with size 28390
[bridge] ERROR: index 28394 is out of bounds for axis 0 with size 28390
[bridge] ERROR: index 28394 is out of bounds for axis 0 with size 28390
[bridge] ERROR: index 28394 is out of bounds for axis 0 with size 28390
[bridge] ERROR: index 28394 is out of bounds for axis 0 with size 28390
[bridge] ERROR: index 28394 is out of bounds for axis 0 with size 28390
[bridge] ERROR: index 28394 is out of bounds for axis 0 with size 28390
[bridge] ERROR: index 28394 is out of bounds for axis 0 with size 28390
[bridge] ERROR: index 28394 is out of bounds for axis 0 with size 28390
[bridge] ERROR: index 28394 is out of bounds for axis 0 with size 28390
[bridge] ERROR: index 28394 is out of bounds for axis 0 with size 28390
[bridge] ERROR: index 28394 is out of bounds for axis 0 with size 28390
[bridge] ERROR: index 28394 is out of bounds for axis 0 with size 28390
[bridge] ERROR: index 28394 is out of bounds for axis 0 with size 28390
[bridge] ERROR: index 28394 is out of bounds for axis 0 with size 28390
[bridge] ERROR: index 28394 is out of bounds for axis 0 with size 28390
[bridge] ERROR: index 28394 is out of bounds for axis 0 with size 28390
[bridge] ERROR: index 28394 is out of bounds for axis 0 with size 28390
[bridge] ERROR: index 28394 is out of bounds for axis 0 with size 28390
[bridge] ERROR: index 28394 is out of bounds for axis 0 with size 28390
[bridge] ERROR: index 28394 is out of bounds for axis 0 with size 28390
[bridge] ERROR: index 28394 is out of bounds for axis 0 with size 28390
[bridge] ERROR: index 28394 is out of bounds for axis 0 with size 28390
[bridge] ERROR: index 28394 is out of bounds for axis 0 with size 28390
[bridge] ERROR: index 28394 is out of bounds for axis 0 with size 28390
[bridge] ERROR: index 28394 is out of bounds for axis 0 with size 28390
[bridge] ERROR: index 28394 is out of bounds for axis 0 with size 28390
[bridge] ERROR: index 28394 is out of bounds for axis 0 with size 28390
[bridge] ERROR: index 28394 is out of bounds for axis 0 with size 28390
[bridge] ERROR: index 28394 is out of bounds for axis 0 with size 28390
[bridge] ERROR: index 28394 is out of bounds for axis 0 with size 28390
[bridge] ERROR: index 28394 is out of bounds for axis 0 with size 28390
[bridge] ERROR: index 28394 is out of bounds for axis 0 with size 28390
[bridge] ERROR: index 28394 is out of bounds for axis 0 with size 28390
[bridge] ERROR: index 28394 is out of bounds for axis 0 with size 28390
[bridge] ERROR: index 28394 is out of bounds for axis 0 with size 28390
[bridge] ERROR: index 28394 is out of bounds for axis 0 with size 28390
[bridge] ERROR: index 28394 is out of bounds for axis 0 with size 28390
[bridge] ERROR: index 28394 is out of bounds for axis 0 with size 28390
[bridge] ERROR: index 28394 is out of bounds for axis 0 with size 28390
[bridge] ERROR: index 28394 is out of bounds for axis 0 with size 28390
[bridge] ERROR: index 28394 is out of bounds for axis 0 with size 28390
[bridge] ERROR: index 28394 is out of bounds for axis 0 with size 28390
[bridge] ERROR: index 28394 is out of bounds for axis 0 with size 28390
[bridge] ERROR: index 28394 is out of bounds for axis 0 with size 28390
[bridge] ERROR: index 28394 is out of bounds for axis 0 with size 28390
[bridge] ERROR: index 28394 is out of bounds for axis 0 with size 28390
[bridge] ERROR: index 28394 is out of bounds for axis 0 with size 28390
[bridge] ERROR: index 28394 is out of bounds for axis 0 with size 28390
[bridge] ERROR: index 28394 is out of bounds for axis 0 with size 28390
[bridge] ERROR: index 28394 is out of bounds for axis 0 with size 28390
[bridge] ERROR: index 28394 is out of bounds for axis 0 with size 28390
[bridge] ERROR: index 28394 is out of bounds for axis 0 with size 28390
[bridge] ERROR: index 28394 is out of bounds for axis 0 with size 28390
[bridge] ERROR: index 28394 is out of bounds for axis 0 with size 28390
[bridge] ERROR: index 28394 is out of bounds for axis 0 with size 28390
[bridge] ERROR: index 28394 is out of bounds for axis 0 with size 28390
[bridge] ERROR: index 28394 is out of bounds for axis 0 with size 28390
[bridge] ERROR: index 28394 is out of bounds for axis 0 with size 28390
[bridge] ERROR: index 28394 is out of bounds for axis 0 with size 28390
[bridge] ERROR: index 28394 is out of bounds for axis 0 with size 28390
[bridge] ERROR: index 28394 is out of bounds for axis 0 with size 28390
[bridge] ERROR: index 28394 is out of bounds for axis 0 with size 28390
[bridge] ERROR: index 28394 is out of bounds for axis 0 with size 28390
[bridge] ERROR: index 28394 is out of bounds for axis 0 with size 28390
[bridge] ERROR: index 28394 is out of bounds for axis 0 with size 28390
[bridge] ERROR: index 28394 is out of bounds for axis 0 with size 28390
[bridge] ERROR: index 28394 is out of bounds for axis 0 with size 28390
[bridge] ERROR: index 28394 is out of bounds for axis 0 with size 28390
[bridge] ERROR: index 28394 is out of bounds for axis 0 with size 28390
[bridge] ERROR: index 28394 is out of bounds for axis 0 with size 28390
[bridge] ERROR: index 28394 is out of bounds for axis 0 with size 28390
[bridge] ERROR: index 28394 is out of bounds for axis 0 with size 28390
[bridge] ERROR: index 28394 is out of bounds for axis 0 with size 28390
[bridge] ERROR: index 28394 is out of bounds for axis 0 with size 28390
[bridge] ERROR: index 28394 is out of bounds for axis 0 with size 28390
[bridge] ERROR: index 28394 is out of bounds for axis 0 with size 28390
[bridge] ERROR: index 28394 is out of bounds for axis 0 with size 28390
[bridge] ERROR: index 28394 is out of bounds for axis 0 with size 28390
[bridge] ERROR: index 28394 is out of bounds for axis 0 with size 28390
[bridge] ERROR: index 28394 is out of bounds for axis 0 with size 28390
[bridge] ERROR: index 28394 is out of bounds for axis 0 with size 28390
[bridge] ERROR: index 28394 is out of bounds for axis 0 with size 28390
[bridge] ERROR: index 28394 is out of bounds for axis 0 with size 28390
[bridge] ERROR: index 28394 is out of bounds for axis 0 with size 28390
[bridge] ERROR: index 28394 is out of bounds for axis 0 with size 28390
[bridge] ERROR: index 28394 is out of bounds for axis 0 with size 28390
[bridge] ERROR: index 28394 is out of bounds for axis 0 with size 28390
[bridge] ERROR: index 28394 is out of bounds for axis 0 with size 28390
[bridge] ERROR: index 28394 is out of bounds for axis 0 with size 28390
[bridge] ERROR: index 28394 is out of bounds for axis 0 with size 28390
[bridge] ERROR: index 28394 is out of bounds for axis 0 with size 28390
[bridge] ERROR: index 28394 is out of bounds for axis 0 with size 28390
[bridge] ERROR: index 28394 is out of bounds for axis 0 with size 28390
[bridge] ERROR: index 28394 is out of bounds for axis 0 with size 28390
[bridge] ERROR: index 28394 is out of bounds for axis 0 with size 28390
[bridge] ERROR: index 28394 is out of bounds for axis 0 with size 28390
[bridge] ERROR: index 28394 is out of bounds for axis 0 with size 28390
[bridge] ERROR: index 28394 is out of bounds for axis 0 with size 28390
[bridge] ERROR: index 28394 is out of bounds for axis 0 with size 28390
[bridge] ERROR: index 28394 is out of bounds for axis 0 with size 28390
[bridge] ERROR: index 28394 is out of bounds for axis 0 with size 28390
[bridge] ERROR: index 28394 is out of bounds for axis 0 with size 28390
[bridge] ERROR: index 28394 is out of bounds for axis 0 with size 28390
[bridge] ERROR: index 28394 is out of bounds for axis 0 with size 28390
[bridge] ERROR: index 28394 is out of bounds for axis 0 with size 28390
[bridge] ERROR: index 28394 is out of bounds for axis 0 with size 28390
[bridge] ERROR: index 28394 is out of bounds for axis 0 with size 28390
[bridge] ERROR: index 28394 is out of bounds for axis 0 with size 28390
[bridge] ERROR: index 28394 is out of bounds for axis 0 with size 28390
[bridge] ERROR: index 28394 is out of bounds for axis 0 with size 28390
[bridge] ERROR: index 28394 is out of bounds for axis 0 with size 28390
[bridge] ERROR: index 28394 is out of bounds for axis 0 with size 28390
[bridge] ERROR: index 28394 is out of bounds for axis 0 with size 28390
[bridge] ERROR: index 28394 is out of bounds for axis 0 with size 28390
[bridge] ERROR: index 28394 is out of bounds for axis 0 with size 28390
[bridge] ERROR: index 28394 is out of bounds for axis 0 with size 28390
[bridge] ERROR: index 28394 is out of bounds for axis 0 with size 28390
[bridge] ERROR: index 28394 is out of bounds for axis 0 with size 28390
[bridge] ERROR: index 28394 is out of bounds for axis 0 with size 28390
[bridge] ERROR: index 28394 is out of bounds for axis 0 with size 28390
[bridge] ERROR: index 28394 is out of bounds for axis 0 with size 28390
[bridge] ERROR: index 28394 is out of bounds for axis 0 with size 28390
[bridge] ERROR: index 28394 is out of bounds for axis 0 with size 28390
[bridge] ERROR: index 28394 is out of bounds for axis 0 with size 28390
[bridge] ERROR: index 28394 is out of bounds for axis 0 with size 28390
[bridge] ERROR: index 28394 is out of bounds for axis 0 with size 28390
[bridge] ERROR: index 28394 is out of bounds for axis 0 with size 28390
[bridge] ERROR: index 28394 is out of bounds for axis 0 with size 28390
[bridge] ERROR: index 28394 is out of bounds for axis 0 with size 28390
[bridge] ERROR: index 28394 is out of bounds for axis 0 with size 28390
[bridge] ERROR: index 28394 is out of bounds for axis 0 with size 28390
[bridge] ERROR: index 28394 is out of bounds for axis 0 with size 28390
[bridge] ERROR: index 28394 is out of bounds for axis 0 with size 28390
[bridge] ERROR: index 28394 is out of bounds for axis 0 with size 28390
[bridge] ERROR: index 28394 is out of bounds for axis 0 with size 28390
[bridge] ERROR: index 28394 is out of bounds for axis 0 with size 28390
[bridge] ERROR: index 28394 is out of bounds for axis 0 with size 28390
[bridge] ERROR: index 28394 is out of bounds for axis 0 with size 28390
[bridge] ERROR: index 28394 is out of bounds for axis 0 with size 28390
[bridge] ERROR: index 28394 is out of bounds for axis 0 with size 28390
[bridge] ERROR: index 28394 is out of bounds for axis 0 with size 28390
[bridge] ERROR: index 28394 is out of bounds for axis 0 with size 28390
[bridge] ERROR: index 28394 is out of bounds for axis 0 with size 28390
[bridge] ERROR: index 28394 is out of bounds for axis 0 with size 28390
[bridge] ERROR: index 28394 is out of bounds for axis 0 with size 28390
[bridge] ERROR: index 28394 is out of bounds for axis 0 with size 28390
[bridge] ERROR: index 28394 is out of bounds for axis 0 with size 28390
[bridge] ERROR: index 28394 is out of bounds for axis 0 with size 28390
[bridge] ERROR: index 28394 is out of bounds for axis 0 with size 28390
[bridge] ERROR: index 28394 is out of bounds for axis 0 with size 28390
[bridge] ERROR: index 28394 is out of bounds for axis 0 with size 28390
[bridge] ERROR: index 28394 is out of bounds for axis 0 with size 28390
[bridge] ERROR: index 28394 is out of bounds for axis 0 with size 28390
[bridge] ERROR: index 28394 is out of bounds for axis 0 with size 28390
[bridge] ERROR: index 28394 is out of bounds for axis 0 with size 28390
[bridge] ERROR: index 28394 is out of bounds for axis 0 with size 28390
[bridge] ERROR: index 28394 is out of bounds for axis 0 with size 28390
[bridge] ERROR: index 28394 is out of bounds for axis 0 with size 28390
[bridge] ERROR: index 28394 is out of bounds for axis 0 with size 28390
[bridge] ERROR: index 28394 is out of bounds for axis 0 with size 28390
[bridge] ERROR: index 28394 is out of bounds for axis 0 with size 28390
[bridge] ERROR: index 28394 is out of bounds for axis 0 with size 28390
[bridge] ERROR: index 28394 is out of bounds for axis 0 with size 28390
[bridge] ERROR: index 28394 is out of bounds for axis 0 with size 28390
[bridge] ERROR: index 28394 is out of bounds for axis 0 with size 28390
[bridge] ERROR: index 28394 is out of bounds for axis 0 with size 28390
[bridge] ERROR: index 28394 is out of bounds for axis 0 with size 28390
[bridge] ERROR: index 28394 is out of bounds for axis 0 with size 28390
[bridge] ERROR: index 28394 is out of bounds for axis 0 with size 28390
[bridge] ERROR: index 28394 is out of bounds for axis 0 with size 28390
[bridge] ERROR: index 28394 is out of bounds for axis 0 with size 28390
[bridge] ERROR: index 28394 is out of bounds for axis 0 with size 28390
[bridge] ERROR: index 28394 is out of bounds for axis 0 with size 28390
[bridge] ERROR: index 28394 is out of bounds for axis 0 with size 28390
[bridge] ERROR: index 28394 is out of bounds for axis 0 with size 28390
[bridge] ERROR: index 28394 is out of bounds for axis 0 with size 28390
[bridge] ERROR: index 28394 is out of bounds for axis 0 with size 28390
[bridge] ERROR: index 28394 is out of bounds for axis 0 with size 28390
[bridge] ERROR: index 28394 is out of bounds for axis 0 with size 28390
[bridge] ERROR: index 28394 is out of bounds for axis 0 with size 28390
[bridge] ERROR: index 28394 is out of bounds for axis 0 with size 28390
[bridge] ERROR: index 28394 is out of bounds for axis 0 with size 28390
[bridge] ERROR: index 28394 is out of bounds for axis 0 with size 28390
[bridge] ERROR: index 28394 is out of bounds for axis 0 with size 28390
[bridge] ERROR: index 28394 is out of bounds for axis 0 with size 28390
[bridge] ERROR: index 28394 is out of bounds for axis 0 with size 28390
[bridge] ERROR: index 28394 is out of bounds for axis 0 with size 28390
[bridge] ERROR: index 28394 is out of bounds for axis 0 with size 28390
[bridge] ERROR: index 28394 is out of bounds for axis 0 with size 28390
[bridge] ERROR: index 28394 is out of bounds for axis 0 with size 28390
[bridge] ERROR: index 28394 is out of bounds for axis 0 with size 28390
[bridge] ERROR: index 28394 is out of bounds for axis 0 with size 28390
[bridge] ERROR: index 28394 is out of bounds for axis 0 with size 28390
[bridge] ERROR: index 28394 is out of bounds for axis 0 with size 28390
[bridge] ERROR: index 28394 is out of bounds for axis 0 with size 28390
[bridge] ERROR: index 28394 is out of bounds for axis 0 with size 28390
[bridge] ERROR: index 28394 is out of bounds for axis 0 with size 28390
[bridge] ERROR: index 28394 is out of bounds for axis 0 with size 28390
[bridge] ERROR: index 28394 is out of bounds for axis 0 with size 28390
[bridge] ERROR: index 28394 is out of bounds for axis 0 with size 28390
[bridge] ERROR: index 28394 is out of bounds for axis 0 with size 28390
[bridge] ERROR: index 28394 is out of bounds for axis 0 with size 28390
[bridge] ERROR: index 28394 is out of bounds for axis 0 with size 28390
[bridge] ERROR: index 28394 is out of bounds for axis 0 with size 28390
[bridge] ERROR: index 28394 is out of bounds for axis 0 with size 28390
[bridge] ERROR: index 28394 is out of bounds for axis 0 with size 28390
[bridge] ERROR: index 28394 is out of bounds for axis 0 with size 28390
[bridge] ERROR: index 28394 is out of bounds for axis 0 with size 28390
[bridge] ERROR: index 28394 is out of bounds for axis 0 with size 28390
[bridge] ERROR: index 28394 is out of bounds for axis 0 with size 28390
[bridge] ERROR: index 28394 is out of bounds for axis 0 with size 28390
[bridge] ERROR: index 28394 is out of bounds for axis 0 with size 28390
[bridge] ERROR: index 28394 is out of bounds for axis 0 with size 28390
[bridge] ERROR: index 28394 is out of bounds for axis 0 with size 28390
[bridge] ERROR: index 28394 is out of bounds for axis 0 with size 28390
[bridge] ERROR: index 28394 is out of bounds for axis 0 with size 28390
[bridge] ERROR: index 28394 is out of bounds for axis 0 with size 28390
[bridge] ERROR: index 28394 is out of bounds for axis 0 with size 28390
[bridge] ERROR: index 28394 is out of bounds for axis 0 with size 28390
[bridge] ERROR: index 28394 is out of bounds for axis 0 with size 28390
[bridge] ERROR: index 28394 is out of bounds for axis 0 with size 28390
[bridge] ERROR: index 28394 is out of bounds for axis 0 with size 28390
[bridge] ERROR: index 28394 is out of bounds for axis 0 with size 28390
[bridge] ERROR: index 28394 is out of bounds for axis 0 with size 28390
[bridge] ERROR: index 28394 is out of bounds for axis 0 with size 28390
[bridge] ERROR: index 28394 is out of bounds for axis 0 with size 28390
[bridge] ERROR: index 28394 is out of bounds for axis 0 with size 28390
[bridge] ERROR: index 28394 is out of bounds for axis 0 with size 28390
[bridge] ERROR: index 28394 is out of bounds for axis 0 with size 28390
[bridge] ERROR: index 28394 is out of bounds for axis 0 with size 28390
[bridge] ERROR: index 28394 is out of bounds for axis 0 with size 28390
[bridge] ERROR: index 28394 is out of bounds for axis 0 with size 28390
[bridge] ERROR: index 28394 is out of bounds for axis 0 with size 28390
[bridge] ERROR: index 28394 is out of bounds for axis 0 with size 28390
[bridge] ERROR: index 28394 is out of bounds for axis 0 with size 28390
[bridge] ERROR: index 28394 is out of bounds for axis 0 with size 28390
[bridge] ERROR: index 28394 is out of bounds for axis 0 with size 28390
[bridge] ERROR: index 28394 is out of bounds for axis 0 with size 28390
[bridge] ERROR: index 28394 is out of bounds for axis 0 with size 28390
[bridge] ERROR: index 28394 is out of bounds for axis 0 with size 28390
[bridge] ERROR: index 28394 is out of bounds for axis 0 with size 28390
[bridge] ERROR: index 28394 is out of bounds for axis 0 with size 28390
[bridge] ERROR: index 28394 is out of bounds for axis 0 with size 28390
[bridge] ERROR: index 28394 is out of bounds for axis 0 with size 28390
[bridge] ERROR: index 28394 is out of bounds for axis 0 with size 28390
[bridge] ERROR: index 28394 is out of bounds for axis 0 with size 28390
[bridge] ERROR: index 28394 is out of bounds for axis 0 with size 28390
[bridge] ERROR: index 28394 is out of bounds for axis 0 with size 28390
[bridge] ERROR: index 28394 is out of bounds for axis 0 with size 28390
[bridge] ERROR: index 28394 is out of bounds for axis 0 with size 28390
[bridge] ERROR: index 28394 is out of bounds for axis 0 with size 28390
[bridge] ERROR: index 28394 is out of bounds for axis 0 with size 28390
[bridge] ERROR: index 28394 is out of bounds for axis 0 with size 28390
[bridge] ERROR: index 28394 is out of bounds for axis 0 with size 28390
[bridge] ERROR: index 28394 is out of bounds for axis 0 with size 28390
[bridge] ERROR: index 28394 is out of bounds for axis 0 with size 28390
[bridge] ERROR: index 28394 is out of bounds for axis 0 with size 28390
[bridge] ERROR: index 28394 is out of bounds for axis 0 with size 28390
[bridge] ERROR: index 28394 is out of bounds for axis 0 with size 28390
[bridge] ERROR: index 28394 is out of bounds for axis 0 with size 28390
[bridge] ERROR: index 28394 is out of bounds for axis 0 with size 28390
[bridge] ERROR: index 28394 is out of bounds for axis 0 with size 28390
[bridge] ERROR: index 28394 is out of bounds for axis 0 with size 28390
[bridge] ERROR: index 28394 is out of bounds for axis 0 with size 28390
[bridge] ERROR: index 28394 is out of bounds for axis 0 with size 28390
[bridge] ERROR: index 28394 is out of bounds for axis 0 with size 28390
[bridge] ERROR: index 28394 is out of bounds for axis 0 with size 28390
[bridge] ERROR: index 28394 is out of bounds for axis 0 with size 28390
[bridge] ERROR: index 28394 is out of bounds for axis 0 with size 28390
[bridge] ERROR: index 28394 is out of bounds for axis 0 with size 28390
[bridge] ERROR: index 28394 is out of bounds for axis 0 with size 28390
[bridge] ERROR: index 28394 is out of bounds for axis 0 with size 28390
[bridge] ERROR: index 28394 is out of bounds for axis 0 with size 28390
[bridge] ERROR: index 28394 is out of bounds for axis 0 with size 28390
[bridge] ERROR: index 28394 is out of bounds for axis 0 with size 28390
[bridge] ERROR: index 28394 is out of bounds for axis 0 with size 28390
[bridge] ERROR: index 28394 is out of bounds for axis 0 with size 28390
[bridge] ERROR: index 28394 is out of bounds for axis 0 with size 28390
[bridge] ERROR: index 28394 is out of bounds for axis 0 with size 28390
[bridge] ERROR: index 28394 is out of bounds for axis 0 with size 28390
[bridge] ERROR: index 28394 is out of bounds for axis 0 with size 28390
[bridge] ERROR: index 28394 is out of bounds for axis 0 with size 28390
[bridge] ERROR: index 28394 is out of bounds for axis 0 with size 28390
[bridge] ERROR: index 28394 is out of bounds for axis 0 with size 28390
[bridge] ERROR: index 28394 is out of bounds for axis 0 with size 28390
[bridge] ERROR: index 28394 is out of bounds for axis 0 with size 28390
[bridge] ERROR: index 28394 is out of bounds for axis 0 with size 28390
[bridge] ERROR: index 28394 is out of bounds for axis 0 with size 28390
[bridge] ERROR: index 28394 is out of bounds for axis 0 with size 28390
[bridge] ERROR: index 28394 is out of bounds for axis 0 with size 28390
[bridge] ERROR: index 28394 is out of bounds for axis 0 with size 28390
[bridge] ERROR: index 28394 is out of bounds for axis 0 with size 28390
[bridge] ERROR: index 28394 is out of bounds for axis 0 with size 28390
[bridge] ERROR: index 28394 is out of bounds for axis 0 with size 28390
[bridge] ERROR: index 28394 is out of bounds for axis 0 with size 28390
[bridge] ERROR: index 28394 is out of bounds for axis 0 with size 28390
[bridge] ERROR: index 28394 is out of bounds for axis 0 with size 28390
[bridge] ERROR: index 28394 is out of bounds for axis 0 with size 28390
[bridge] ERROR: index 28394 is out of bounds for axis 0 with size 28390
[bridge] ERROR: index 28394 is out of bounds for axis 0 with size 28390
[bridge] ERROR: index 28394 is out of bounds for axis 0 with size 28390
[bridge] ERROR: index 28394 is out of bounds for axis 0 with size 28390
[bridge] ERROR: index 28394 is out of bounds for axis 0 with size 28390
[bridge] ERROR: index 28394 is out of bounds for axis 0 with size 28390
[bridge] ERROR: index 28394 is out of bounds for axis 0 with size 28390
[bridge] ERROR: index 28394 is out of bounds for axis 0 with size 28390
[bridge] ERROR: index 28394 is out of bounds for axis 0 with size 28390
[bridge] ERROR: index 28394 is out of bounds for axis 0 with size 28390
[bridge] ERROR: index 28394 is out of bounds for axis 0 with size 28390
[bridge] ERROR: index 28394 is out of bounds for axis 0 with size 28390
[bridge] ERROR: index 28394 is out of bounds for axis 0 with size 28390
[bridge] ERROR: index 28394 is out of bounds for axis 0 with size 28390
[bridge] ERROR: index 28394 is out of bounds for axis 0 with size 28390
[bridge] ERROR: index 28394 is out of bounds for axis 0 with size 28390
[bridge] ERROR: index 28394 is out of bounds for axis 0 with size 28390
[bridge] ERROR: index 28394 is out of bounds for axis 0 with size 28390
[bridge] ERROR: index 28394 is out of bounds for axis 0 with size 28390
[bridge] ERROR: index 28394 is out of bounds for axis 0 with size 28390
[bridge] ERROR: index 28394 is out of bounds for axis 0 with size 28390
[bridge] ERROR: index 28394 is out of bounds for axis 0 with size 28390
[bridge] ERROR: index 28394 is out of bounds for axis 0 with size 28390
[bridge] ERROR: index 28394 is out of bounds for axis 0 with size 28390
[bridge] ERROR: index 28394 is out of bounds for axis 0 with size 28390
[bridge] ERROR: index 28394 is out of bounds for axis 0 with size 28390
[bridge] ERROR: index 28394 is out of bounds for axis 0 with size 28390
[bridge] ERROR: index 28394 is out of bounds for axis 0 with size 28390
[bridge] ERROR: index 28394 is out of bounds for axis 0 with size 28390
[bridge] ERROR: index 28394 is out of bounds for axis 0 with size 28390
[bridge] ERROR: index 28394 is out of bounds for axis 0 with size 28390
[bridge] ERROR: index 28394 is out of bounds for axis 0 with size 28390
[bridge] ERROR: index 28394 is out of bounds for axis 0 with size 28390
[bridge] ERROR: index 28394 is out of bounds for axis 0 with size 28390
[bridge] ERROR: index 28394 is out of bounds for axis 0 with size 28390
[bridge] ERROR: index 28394 is out of bounds for axis 0 with size 28390
[bridge] ERROR: index 28394 is out of bounds for axis 0 with size 28390
[bridge] ERROR: index 28394 is out of bounds for axis 0 with size 28390
[bridge] ERROR: index 28394 is out of bounds for axis 0 with size 28390
[bridge] ERROR: index 28394 is out of bounds for axis 0 with size 28390
[bridge] ERROR: index 28394 is out of bounds for axis 0 with size 28390
[bridge] ERROR: index 28394 is out of bounds for axis 0 with size 28390
[bridge] ERROR: index 28394 is out of bounds for axis 0 with size 28390
[bridge] ERROR: index 28394 is out of bounds for axis 0 with size 28390
[bridge] ERROR: index 28394 is out of bounds for axis 0 with size 28390
[bridge] ERROR: index 28394 is out of bounds for axis 0 with size 28390
[bridge] ERROR: index 28394 is out of bounds for axis 0 with size 28390
[bridge] ERROR: index 28394 is out of bounds for axis 0 with size 28390
[bridge] ERROR: index 28394 is out of bounds for axis 0 with size 28390
[bridge] ERROR: index 28394 is out of bounds for axis 0 with size 28390
[bridge] ERROR: index 28394 is out of bounds for axis 0 with size 28390
[bridge] ERROR: index 28394 is out of bounds for axis 0 with size 28390
[bridge] ERROR: index 28394 is out of bounds for axis 0 with size 28390
[bridge] ERROR: index 28394 is out of bounds for axis 0 with size 28390
[bridge] ERROR: index 28394 is out of bounds for axis 0 with size 28390
[bridge] ERROR: index 28394 is out of bounds for axis 0 with size 28390
[bridge] ERROR: index 28394 is out of bounds for axis 0 with size 28390
[bridge] ERROR: index 28394 is out of bounds for axis 0 with size 28390
[bridge] ERROR: index 28394 is out of bounds for axis 0 with size 28390
[bridge] ERROR: index 28394 is out of bounds for axis 0 with size 28390
[bridge] ERROR: index 28394 is out of bounds for axis 0 with size 28390
[bridge] ERROR: index 28394 is out of bounds for axis 0 with size 28390
[bridge] ERROR: index 28394 is out of bounds for axis 0 with size 28390
[bridge] ERROR: index 28394 is out of bounds for axis 0 with size 28390
[bridge] ERROR: index 28394 is out of bounds for axis 0 with size 28390
[bridge] ERROR: index 28394 is out of bounds for axis 0 with size 28390
[bridge] ERROR: index 28394 is out of bounds for axis 0 with size 28390
[bridge] ERROR: index 28394 is out of bounds for axis 0 with size 28390
[bridge] ERROR: index 28394 is out of bounds for axis 0 with size 28390
[bridge] ERROR: index 28394 is out of bounds for axis 0 with size 28390
[bridge] ERROR: index 28394 is out of bounds for axis 0 with size 28390
[bridge] ERROR: index 28394 is out of bounds for axis 0 with size 28390
[bridge] ERROR: index 28394 is out of bounds for axis 0 with size 28390
[bridge] ERROR: index 28394 is out of bounds for axis 0 with size 28390
[bridge] ERROR: index 28394 is out of bounds for axis 0 with size 28390
[bridge] ERROR: index 28394 is out of bounds for axis 0 with size 28390
[bridge] ERROR: index 28394 is out of bounds for axis 0 with size 28390
[bridge] ERROR: index 28394 is out of bounds for axis 0 with size 28390
[bridge] ERROR: index 28394 is out of bounds for axis 0 with size 28390
[bridge] ERROR: index 28394 is out of bounds for axis 0 with size 28390
[bridge] ERROR: index 28394 is out of bounds for axis 0 with size 28390
[bridge] ERROR: index 28394 is out of bounds for axis 0 with size 28390
[bridge] ERROR: index 28394 is out of bounds for axis 0 with size 28390
[bridge] ERROR: index 28394 is out of bounds for axis 0 with size 28390
[bridge] ERROR: index 28394 is out of bounds for axis 0 with size 28390
[bridge] ERROR: index 28394 is out of bounds for axis 0 with size 28390
[bridge] ERROR: index 28394 is out of bounds for axis 0 with size 28390
[bridge] ERROR: index 28394 is out of bounds for axis 0 with size 28390
[bridge] ERROR: index 28394 is out of bounds for axis 0 with size 28390
[bridge] ERROR: index 28394 is out of bounds for axis 0 with size 28390
[bridge] ERROR: index 28394 is out of bounds for axis 0 with size 28390
[bridge] ERROR: index 28394 is out of bounds for axis 0 with size 28390
[bridge] ERROR: index 28394 is out of bounds for axis 0 with size 28390
[bridge] ERROR: index 28394 is out of bounds for axis 0 with size 28390
[bridge] ERROR: index 28394 is out of bounds for axis 0 with size 28390
[bridge] ERROR: index 28394 is out of bounds for axis 0 with size 28390
[bridge] ERROR: index 28394 is out of bounds for axis 0 with size 28390
[bridge] ERROR: index 28394 is out of bounds for axis 0 with size 28390
[bridge] ERROR: index 28394 is out of bounds for axis 0 with size 28390
[bridge] ERROR: index 28394 is out of bounds for axis 0 with size 28390
[bridge] ERROR: index 28394 is out of bounds for axis 0 with size 28390
[bridge] ERROR: index 28394 is out of bounds for axis 0 with size 28390
[bridge] ERROR: index 28394 is out of bounds for axis 0 with size 28390
[bridge] ERROR: index 28394 is out of bounds for axis 0 with size 28390
[bridge] ERROR: index 28394 is out of bounds for axis 0 with size 28390
[bridge] ERROR: index 28394 is out of bounds for axis 0 with size 28390
[bridge] ERROR: index 28394 is out of bounds for axis 0 with size 28390
[bridge] ERROR: index 28394 is out of bounds for axis 0 with size 28390
[bridge] ERROR: index 28394 is out of bounds for axis 0 with size 28390
[bridge] ERROR: index 28394 is out of bounds for axis 0 with size 28390
[bridge] ERROR: index 28394 is out of bounds for axis 0 with size 28390
[bridge] ERROR: index 28394 is out of bounds for axis 0 with size 28390
[bridge] ERROR: index 28394 is out of bounds for axis 0 with size 28390
[bridge] ERROR: index 28394 is out of bounds for axis 0 with size 28390
[bridge] ERROR: index 28394 is out of bounds for axis 0 with size 28390
[bridge] ERROR: index 28394 is out of bounds for axis 0 with size 28390
[bridge] ERROR: index 28394 is out of bounds for axis 0 with size 28390
[bridge] ERROR: index 28394 is out of bounds for axis 0 with size 28390
[bridge] ERROR: index 28394 is out of bounds for axis 0 with size 28390
[bridge] ERROR: index 28394 is out of bounds for axis 0 with size 28390
[bridge] ERROR: index 28394 is out of bounds for axis 0 with size 28390
[bridge] ERROR: index 28394 is out of bounds for axis 0 with size 28390
[bridge] ERROR: index 28394 is out of bounds for axis 0 with size 28390
[bridge] ERROR: index 28394 is out of bounds for axis 0 with size 28390
[bridge] ERROR: index 28394 is out of bounds for axis 0 with size 28390
[bridge] ERROR: index 28394 is out of bounds for axis 0 with size 28390
[bridge] ERROR: index 28394 is out of bounds for axis 0 with size 28390
[bridge] ERROR: index 28394 is out of bounds for axis 0 with size 28390
[bridge] ERROR: index 28394 is out of bounds for axis 0 with size 28390
[bridge] ERROR: index 28394 is out of bounds for axis 0 with size 28390
[bridge] ERROR: index 28394 is out of bounds for axis 0 with size 28390
[bridge] ERROR: index 28394 is out of bounds for axis 0 with size 28390
[bridge] ERROR: index 28394 is out of bounds for axis 0 with size 28390
[bridge] ERROR: index 28394 is out of bounds for axis 0 with size 28390
[bridge] ERROR: index 28394 is out of bounds for axis 0 with size 28390
[bridge] ERROR: index 28394 is out of bounds for axis 0 with size 28390
[bridge] ERROR: index 28394 is out of bounds for axis 0 with size 28390
[bridge] ERROR: index 28394 is out of bounds for axis 0 with size 28390
[bridge] ERROR: index 28394 is out of bounds for axis 0 with size 28390
[bridge] ERROR: index 28394 is out of bounds for axis 0 with size 28390
[bridge] ERROR: index 28394 is out of bounds for axis 0 with size 28390
[bridge] ERROR: index 28394 is out of bounds for axis 0 with size 28390
[bridge] ERROR: index 28394 is out of bounds for axis 0 with size 28390
[bridge] ERROR: index 28394 is out of bounds for axis 0 with size 28390
[bridge] ERROR: index 28394 is out of bounds for axis 0 with size 28390
[bridge] ERROR: index 28394 is out of bounds for axis 0 with size 28390
[bridge] ERROR: index 28394 is out of bounds for axis 0 with size 28390
[bridge] ERROR: index 28394 is out of bounds for axis 0 with size 28390
[bridge] ERROR: index 28394 is out of bounds for axis 0 with size 28390
[bridge] ERROR: index 28394 is out of bounds for axis 0 with size 28390
[bridge] ERROR: index 28394 is out of bounds for axis 0 with size 28390
[bridge] ERROR: index 28394 is out of bounds for axis 0 with size 28390
[bridge] ERROR: index 28394 is out of bounds for axis 0 with size 28390
[bridge] ERROR: index 28394 is out of bounds for axis 0 with size 28390
[bridge] ERROR: index 28394 is out of bounds for axis 0 with size 28390
[bridge] ERROR: index 28394 is out of bounds for axis 0 with size 28390
[bridge] ERROR: index 28394 is out of bounds for axis 0 with size 28390
[bridge] ERROR: index 28394 is out of bounds for axis 0 with size 28390
[bridge] ERROR: index 28394 is out of bounds for axis 0 with size 28390
[bridge] ERROR: index 28394 is out of bounds for axis 0 with size 28390
[bridge] ERROR: index 28394 is out of bounds for axis 0 with size 28390
[bridge] ERROR: index 28394 is out of bounds for axis 0 with size 28390
[bridge] ERROR: index 28394 is out of bounds for axis 0 with size 28390
[bridge] ERROR: index 28394 is out of bounds for axis 0 with size 28390
[bridge] ERROR: index 28394 is out of bounds for axis 0 with size 28390
[bridge] ERROR: index 28394 is out of bounds for axis 0 with size 28390
[bridge] ERROR: index 28394 is out of bounds for axis 0 with size 28390
[bridge] ERROR: index 28394 is out of bounds for axis 0 with size 28390
[bridge] ERROR: index 28394 is out of bounds for axis 0 with size 28390
[bridge] ERROR: index 28394 is out of bounds for axis 0 with size 28390
[bridge] ERROR: index 28394 is out of bounds for axis 0 with size 28390
[bridge] ERROR: index 28394 is out of bounds for axis 0 with size 28390
[bridge] ERROR: index 28394 is out of bounds for axis 0 with size 28390
[bridge] ERROR: index 28394 is out of bounds for axis 0 with size 28390
[bridge] ERROR: index 28394 is out of bounds for axis 0 with size 28390
[bridge] ERROR: index 28394 is out of bounds for axis 0 with size 28390
[bridge] ERROR: index 28394 is out of bounds for axis 0 with size 28390
[bridge] ERROR: index 28394 is out of bounds for axis 0 with size 28390
[bridge] ERROR: index 28394 is out of bounds for axis 0 with size 28390
[bridge] ERROR: index 28394 is out of bounds for axis 0 with size 28390
[bridge] ERROR: index 28394 is out of bounds for axis 0 with size 28390
[bridge] ERROR: index 28394 is out of bounds for axis 0 with size 28390
[bridge] ERROR: index 28394 is out of bounds for axis 0 with size 28390
[bridge] ERROR: index 28394 is out of bounds for axis 0 with size 28390
[bridge] ERROR: index 28394 is out of bounds for axis 0 with size 28390
[bridge] ERROR: index 28394 is out of bounds for axis 0 with size 28390
[bridge] ERROR: index 28394 is out of bounds for axis 0 with size 28390
[bridge] ERROR: index 28394 is out of bounds for axis 0 with size 28390
[bridge] ERROR: index 28394 is out of bounds for axis 0 with size 28390
[bridge] ERROR: index 28394 is out of bounds for axis 0 with size 28390
[bridge] ERROR: index 28394 is out of bounds for axis 0 with size 28390
[bridge] ERROR: index 28394 is out of bounds for axis 0 with size 28390
[bridge] ERROR: index 28394 is out of bounds for axis 0 with size 28390
[bridge] ERROR: index 28394 is out of bounds for axis 0 with size 28390
[bridge] ERROR: index 28394 is out of bounds for axis 0 with size 28390
[bridge] ERROR: index 28394 is out of bounds for axis 0 with size 28390
[bridge] ERROR: index 28394 is out of bounds for axis 0 with size 28390
[bridge] ERROR: index 28394 is out of bounds for axis 0 with size 28390
[bridge] ERROR: index 28394 is out of bounds for axis 0 with size 28390
[bridge] ERROR: index 28394 is out of bounds for axis 0 with size 28390
[bridge] ERROR: index 28394 is out of bounds for axis 0 with size 28390
[bridge] ERROR: index 28394 is out of bounds for axis 0 with size 28390
[bridge] ERROR: index 28394 is out of bounds for axis 0 with size 28390
[bridge] ERROR: index 28394 is out of bounds for axis 0 with size 28390
[bridge] ERROR: index 28394 is out of bounds for axis 0 with size 28390
[bridge] ERROR: index 28394 is out of bounds for axis 0 with size 28390
[bridge] ERROR: index 28394 is out of bounds for axis 0 with size 28390
[bridge] ERROR: index 28394 is out of bounds for axis 0 with size 28390
[bridge] ERROR: index 28394 is out of bounds for axis 0 with size 28390
[bridge] ERROR: index 28394 is out of bounds for axis 0 with size 28390
[bridge] ERROR: index 28394 is out of bounds for axis 0 with size 28390
[bridge] ERROR: index 28394 is out of bounds for axis 0 with size 28390
[bridge] ERROR: index 28394 is out of bounds for axis 0 with size 28390
[bridge] ERROR: index 28394 is out of bounds for axis 0 with size 28390
[bridge] ERROR: index 28394 is out of bounds for axis 0 with size 28390
[bridge] ERROR: index 28394 is out of bounds for axis 0 with size 28390
[bridge] ERROR: index 28394 is out of bounds for axis 0 with size 28390
[bridge] ERROR: index 28394 is out of bounds for axis 0 with size 28390
[bridge] ERROR: index 28394 is out of bounds for axis 0 with size 28390
[bridge] ERROR: index 28394 is out of bounds for axis 0 with size 28390
[bridge] ERROR: index 28394 is out of bounds for axis 0 with size 28390
[bridge] ERROR: index 28394 is out of bounds for axis 0 with size 28390
[bridge] ERROR: index 28394 is out of bounds for axis 0 with size 28390
[bridge] ERROR: index 28394 is out of bounds for axis 0 with size 28390
[bridge] ERROR: index 28394 is out of bounds for axis 0 with size 28390
[bridge] ERROR: index 28394 is out of bounds for axis 0 with size 28390
[bridge] ERROR: index 28394 is out of bounds for axis 0 with size 28390
[bridge] ERROR: index 28394 is out of bounds for axis 0 with size 28390
[bridge] ERROR: index 28394 is out of bounds for axis 0 with size 28390
[bridge] ERROR: index 28394 is out of bounds for axis 0 with size 28390
[bridge] ERROR: index 28394 is out of bounds for axis 0 with size 28390
[bridge] ERROR: index 28394 is out of bounds for axis 0 with size 28390
[bridge] ERROR: index 28394 is out of bounds for axis 0 with size 28390
[bridge] ERROR: index 28394 is out of bounds for axis 0 with size 28390
[bridge] ERROR: index 28394 is out of bounds for axis 0 with size 28390
[bridge] ERROR: index 28394 is out of bounds for axis 0 with size 28390
[bridge] ERROR: index 28394 is out of bounds for axis 0 with size 28390
[bridge] ERROR: index 28394 is out of bounds for axis 0 with size 28390
[bridge] ERROR: index 28394 is out of bounds for axis 0 with size 28390
[bridge] ERROR: index 28394 is out of bounds for axis 0 with size 28390
[bridge] ERROR: index 28394 is out of bounds for axis 0 with size 28390
[bridge] ERROR: index 28394 is out of bounds for axis 0 with size 28390
[bridge] ERROR: index 28394 is out of bounds for axis 0 with size 28390
[bridge] ERROR: index 28394 is out of bounds for axis 0 with size 28390
[bridge] ERROR: index 28394 is out of bounds for axis 0 with size 28390
[bridge] ERROR: index 28394 is out of bounds for axis 0 with size 28390
[bridge] ERROR: index 28394 is out of bounds for axis 0 with size 28390
[bridge] ERROR: index 28394 is out of bounds for axis 0 with size 28390
[bridge] ERROR: index 28394 is out of bounds for axis 0 with size 28390
[bridge] ERROR: index 28394 is out of bounds for axis 0 with size 28390
[bridge] ERROR: index 28394 is out of bounds for axis 0 with size 28390
[bridge] ERROR: index 28394 is out of bounds for axis 0 with size 28390
[bridge] ERROR: index 28394 is out of bounds for axis 0 with size 28390
[bridge] ERROR: index 28394 is out of bounds for axis 0 with size 28390
[bridge] ERROR: index 28394 is out of bounds for axis 0 with size 28390
[bridge] ERROR: index 28394 is out of bounds for axis 0 with size 28390
[bridge] ERROR: index 28394 is out of bounds for axis 0 with size 28390
[bridge] ERROR: index 28394 is out of bounds for axis 0 with size 28390
[bridge] ERROR: index 28394 is out of bounds for axis 0 with size 28390
[bridge] ERROR: index 28394 is out of bounds for axis 0 with size 28390
[bridge] ERROR: index 28394 is out of bounds for axis 0 with size 28390
[bridge] ERROR: index 28394 is out of bounds for axis 0 with size 28390
[bridge] ERROR: index 28394 is out of bounds for axis 0 with size 28390
[bridge] ERROR: index 28394 is out of bounds for axis 0 with size 28390
[bridge] ERROR: index 28394 is out of bounds for axis 0 with size 28390
[bridge] ERROR: index 28394 is out of bounds for axis 0 with size 28390
[bridge] ERROR: index 28394 is out of bounds for axis 0 with size 28390
[bridge] ERROR: index 28394 is out of bounds for axis 0 with size 28390
[bridge] ERROR: index 28394 is out of bounds for axis 0 with size 28390
[bridge] ERROR: index 28394 is out of bounds for axis 0 with size 28390
[bridge] ERROR: index 28394 is out of bounds for axis 0 with size 28390
[bridge] ERROR: index 28394 is out of bounds for axis 0 with size 28390
[bridge] ERROR: index 28394 is out of bounds for axis 0 with size 28390
[bridge] ERROR: index 28394 is out of bounds for axis 0 with size 28390
[bridge] ERROR: index 28394 is out of bounds for axis 0 with size 28390
[bridge] ERROR: index 28394 is out of bounds for axis 0 with size 28390
[bridge] ERROR: index 28394 is out of bounds for axis 0 with size 28390
[bridge] ERROR: index 28394 is out of bounds for axis 0 with size 28390
[bridge] ERROR: index 28394 is out of bounds for axis 0 with size 28390
[bridge] ERROR: index 28394 is out of bounds for axis 0 with size 28390
[bridge] ERROR: index 28394 is out of bounds for axis 0 with size 28390
[bridge] ERROR: index 28394 is out of bounds for axis 0 with size 28390
[bridge] ERROR: index 28394 is out of bounds for axis 0 with size 28390
[bridge] ERROR: index 28394 is out of bounds for axis 0 with size 28390
[bridge] ERROR: index 28394 is out of bounds for axis 0 with size 28390
[bridge] ERROR: index 28394 is out of bounds for axis 0 with size 28390
[bridge] ERROR: index 28394 is out of bounds for axis 0 with size 28390
[bridge] ERROR: index 28394 is out of bounds for axis 0 with size 28390
[bridge] ERROR: index 28394 is out of bounds for axis 0 with size 28390
[bridge] ERROR: index 28394 is out of bounds for axis 0 with size 28390
[bridge] ERROR: index 28394 is out of bounds for axis 0 with size 28390
[bridge] ERROR: index 28394 is out of bounds for axis 0 with size 28390
[bridge] ERROR: index 28394 is out of bounds for axis 0 with size 28390
[bridge] ERROR: index 28394 is out of bounds for axis 0 with size 28390
[bridge] ERROR: index 28394 is out of bounds for axis 0 with size 28390
[bridge] ERROR: index 28394 is out of bounds for axis 0 with size 28390
[bridge] ERROR: index 28394 is out of bounds for axis 0 with size 28390
[bridge] ERROR: index 28394 is out of bounds for axis 0 with size 28390
[bridge] ERROR: index 28394 is out of bounds for axis 0 with size 28390
[bridge] ERROR: index 28394 is out of bounds for axis 0 with size 28390
[bridge] ERROR: index 28394 is out of bounds for axis 0 with size 28390
[bridge] ERROR: index 28394 is out of bounds for axis 0 with size 28390
[bridge] ERROR: index 28394 is out of bounds for axis 0 with size 28390
[bridge] ERROR: index 28394 is out of bounds for axis 0 with size 28390
[bridge] ERROR: index 28394 is out of bounds for axis 0 with size 28390
[bridge] ERROR: index 28394 is out of bounds for axis 0 with size 28390
[bridge] ERROR: index 28394 is out of bounds for axis 0 with size 28390
[bridge] ERROR: index 28394 is out of bounds for axis 0 with size 28390
[bridge] ERROR: index 28394 is out of bounds for axis 0 with size 28390
[bridge] ERROR: index 28394 is out of bounds for axis 0 with size 28390
[bridge] ERROR: index 28394 is out of bounds for axis 0 with size 28390
[bridge] ERROR: index 28394 is out of bounds for axis 0 with size 28390
[bridge] ERROR: index 28394 is out of bounds for axis 0 with size 28390
[bridge] ERROR: index 28394 is out of bounds for axis 0 with size 28390
[bridge] ERROR: index 28394 is out of bounds for axis 0 with size 28390
[bridge] ERROR: index 28394 is out of bounds for axis 0 with size 28390
[bridge] ERROR: index 28394 is out of bounds for axis 0 with size 28390
[bridge] ERROR: index 28394 is out of bounds for axis 0 with size 28390
[bridge] ERROR: index 28394 is out of bounds for axis 0 with size 28390
[bridge] ERROR: index 28394 is out of bounds for axis 0 with size 28390
[bridge] ERROR: index 28394 is out of bounds for axis 0 with size 28390
[bridge] ERROR: index 28394 is out of bounds for axis 0 with size 28390
[bridge] ERROR: index 28394 is out of bounds for axis 0 with size 28390
[bridge] ERROR: index 28394 is out of bounds for axis 0 with size 28390
[bridge] ERROR: index 28394 is out of bounds for axis 0 with size 28390
[bridge] ERROR: index 28394 is out of bounds for axis 0 with size 28390
[bridge] ERROR: index 28394 is out of bounds for axis 0 with size 28390
[bridge] ERROR: index 28394 is out of bounds for axis 0 with size 28390
[bridge] ERROR: index 28394 is out of bounds for axis 0 with size 28390
[bridge] ERROR: index 28394 is out of bounds for axis 0 with size 28390
[bridge] ERROR: index 28394 is out of bounds for axis 0 with size 28390
[bridge] ERROR: index 28394 is out of bounds for axis 0 with size 28390
[bridge] ERROR: index 28394 is out of bounds for axis 0 with size 28390
[bridge] ERROR: index 28394 is out of bounds for axis 0 with size 28390
[bridge] ERROR: index 28394 is out of bounds for axis 0 with size 28390
[bridge] ERROR: index 28394 is out of bounds for axis 0 with size 28390
[bridge] ERROR: index 28394 is out of bounds for axis 0 with size 28390
[bridge] ERROR: index 28394 is out of bounds for axis 0 with size 28390
[bridge] ERROR: index 28394 is out of bounds for axis 0 with size 28390
[bridge] ERROR: index 28394 is out of bounds for axis 0 with size 28390
[bridge] ERROR: index 28394 is out of bounds for axis 0 with size 28390
[bridge] ERROR: index 28394 is out of bounds for axis 0 with size 28390
[bridge] ERROR: index 28394 is out of bounds for axis 0 with size 28390
[bridge] ERROR: index 28394 is out of bounds for axis 0 with size 28390
[bridge] ERROR: index 28394 is out of bounds for axis 0 with size 28390
[bridge] ERROR: index 28394 is out of bounds for axis 0 with size 28390
[bridge] ERROR: index 28394 is out of bounds for axis 0 with size 28390
[bridge] ERROR: index 28394 is out of bounds for axis 0 with size 28390
[bridge] ERROR: index 28394 is out of bounds for axis 0 with size 28390
[bridge] ERROR: index 28394 is out of bounds for axis 0 with size 28390
[bridge] ERROR: index 28394 is out of bounds for axis 0 with size 28390
[bridge] ERROR: index 28394 is out of bounds for axis 0 with size 28390
[bridge] ERROR: index 28394 is out of bounds for axis 0 with size 28390
[bridge] ERROR: index 28394 is out of bounds for axis 0 with size 28390
[bridge] ERROR: index 28394 is out of bounds for axis 0 with size 28390
[bridge] ERROR: index 28394 is out of bounds for axis 0 with size 28390
[bridge] ERROR: index 28394 is out of bounds for axis 0 with size 28390
[bridge] ERROR: index 28394 is out of bounds for axis 0 with size 28390
[bridge] ERROR: index 28394 is out of bounds for axis 0 with size 28390
[bridge] ERROR: index 28394 is out of bounds for axis 0 with size 28390
[bridge] ERROR: index 28394 is out of bounds for axis 0 with size 28390
[bridge] ERROR: index 28394 is out of bounds for axis 0 with size 28390
[bridge] ERROR: index 28394 is out of bounds for axis 0 with size 28390
[bridge] ERROR: index 28394 is out of bounds for axis 0 with size 28390
[bridge] ERROR: index 28394 is out of bounds for axis 0 with size 28390
[bridge] ERROR: index 28394 is out of bounds for axis 0 with size 28390
[bridge] ERROR: index 28394 is out of bounds for axis 0 with size 28390
[bridge] ERROR: index 28394 is out of bounds for axis 0 with size 28390
[bridge] ERROR: index 28394 is out of bounds for axis 0 with size 28390
[bridge] ERROR: index 28394 is out of bounds for axis 0 with size 28390
[bridge] ERROR: index 28394 is out of bounds for axis 0 with size 28390
[bridge] ERROR: index 28394 is out of bounds for axis 0 with size 28390
[bridge] ERROR: index 28394 is out of bounds for axis 0 with size 28390
[bridge] ERROR: index 28394 is out of bounds for axis 0 with size 28390
[bridge] ERROR: index 28394 is out of bounds for axis 0 with size 28390
[bridge] ERROR: index 28394 is out of bounds for axis 0 with size 28390
[bridge] ERROR: index 28394 is out of bounds for axis 0 with size 28390
[bridge] ERROR: index 28394 is out of bounds for axis 0 with size 28390
[bridge] ERROR: index 28394 is out of bounds for axis 0 with size 28390
[bridge] ERROR: index 28394 is out of bounds for axis 0 with size 28390
[bridge] ERROR: index 28394 is out of bounds for axis 0 with size 28390
[bridge] ERROR: index 28394 is out of bounds for axis 0 with size 28390
[bridge] ERROR: index 28394 is out of bounds for axis 0 with size 28390
[bridge] ERROR: index 28394 is out of bounds for axis 0 with size 28390
[bridge] ERROR: index 28394 is out of bounds for axis 0 with size 28390
[bridge] ERROR: index 28394 is out of bounds for axis 0 with size 28390
[bridge] ERROR: index 28394 is out of bounds for axis 0 with size 28390
[bridge] ERROR: index 28394 is out of bounds for axis 0 with size 28390
[bridge] ERROR: index 28394 is out of bounds for axis 0 with size 28390
[bridge] ERROR: index 28394 is out of bounds for axis 0 with size 28390
[bridge] ERROR: index 28394 is out of bounds for axis 0 with size 28390
[bridge] ERROR: index 28394 is out of bounds for axis 0 with size 28390
[bridge] ERROR: index 28394 is out of bounds for axis 0 with size 28390
[bridge] ERROR: index 28394 is out of bounds for axis 0 with size 28390
[bridge] ERROR: index 28394 is out of bounds for axis 0 with size 28390
[bridge] ERROR: index 28394 is out of bounds for axis 0 with size 28390
[bridge] ERROR: index 28394 is out of bounds for axis 0 with size 28390
[bridge] ERROR: index 28394 is out of bounds for axis 0 with size 28390
[bridge] ERROR: index 28394 is out of bounds for axis 0 with size 28390
[bridge] ERROR: index 28394 is out of bounds for axis 0 with size 28390
[bridge] ERROR: index 28394 is out of bounds for axis 0 with size 28390
[bridge] ERROR: index 28394 is out of bounds for axis 0 with size 28390
[bridge] ERROR: index 28394 is out of bounds for axis 0 with size 28390
[bridge] ERROR: index 28394 is out of bounds for axis 0 with size 28390
[bridge] ERROR: index 28394 is out of bounds for axis 0 with size 28390
[bridge] ERROR: index 28394 is out of bounds for axis 0 with size 28390
[bridge] ERROR: index 28394 is out of bounds for axis 0 with size 28390
[bridge] ERROR: index 28394 is out of bounds for axis 0 with size 28390
[bridge] ERROR: index 28394 is out of bounds for axis 0 with size 28390
[bridge] ERROR: index 28394 is out of bounds for axis 0 with size 28390
[bridge] ERROR: index 28394 is out of bounds for axis 0 with size 28390
[bridge] ERROR: index 28394 is out of bounds for axis 0 with size 28390
[bridge] ERROR: index 28394 is out of bounds for axis 0 with size 28390
[bridge] ERROR: index 28394 is out of bounds for axis 0 with size 28390
[bridge] ERROR: index 28394 is out of bounds for axis 0 with size 28390
[bridge] ERROR: index 28394 is out of bounds for axis 0 with size 28390
[bridge] ERROR: index 28394 is out of bounds for axis 0 with size 28390
[bridge] ERROR: index 28394 is out of bounds for axis 0 with size 28390
[bridge] ERROR: index 28394 is out of bounds for axis 0 with size 28390
[bridge] ERROR: index 28394 is out of bounds for axis 0 with size 28390
[bridge] ERROR: index 28394 is out of bounds for axis 0 with size 28390
[bridge] ERROR: index 28394 is out of bounds for axis 0 with size 28390
[bridge] ERROR: index 28394 is out of bounds for axis 0 with size 28390
[bridge] ERROR: index 28394 is out of bounds for axis 0 with size 28390
[bridge] ERROR: index 28394 is out of bounds for axis 0 with size 28390
[bridge] ERROR: index 28394 is out of bounds for axis 0 with size 28390
[bridge] ERROR: index 28394 is out of bounds for axis 0 with size 28390
[bridge] ERROR: index 28394 is out of bounds for axis 0 with size 28390
[bridge] ERROR: index 28394 is out of bounds for axis 0 with size 28390
[bridge] ERROR: index 28394 is out of bounds for axis 0 with size 28390
[bridge] ERROR: index 28394 is out of bounds for axis 0 with size 28390
[bridge] ERROR: index 28394 is out of bounds for axis 0 with size 28390
[bridge] ERROR: index 28394 is out of bounds for axis 0 with size 28390
[bridge] ERROR: index 28394 is out of bounds for axis 0 with size 28390
[bridge] ERROR: index 28394 is out of bounds for axis 0 with size 28390
[bridge] ERROR: index 28394 is out of bounds for axis 0 with size 28390
[bridge] ERROR: index 28394 is out of bounds for axis 0 with size 28390
[bridge] ERROR: index 28394 is out of bounds for axis 0 with size 28390
[bridge] ERROR: index 28394 is out of bounds for axis 0 with size 28390
[bridge] ERROR: index 28394 is out of bounds for axis 0 with size 28390
[bridge] ERROR: index 28394 is out of bounds for axis 0 with size 28390
[bridge] ERROR: index 28394 is out of bounds for axis 0 with size 28390
[bridge] ERROR: index 28394 is out of bounds for axis 0 with size 28390
[bridge] ERROR: index 28394 is out of bounds for axis 0 with size 28390
[bridge] ERROR: index 28394 is out of bounds for axis 0 with size 28390
[bridge] ERROR: index 28394 is out of bounds for axis 0 with size 28390
[bridge] ERROR: index 28394 is out of bounds for axis 0 with size 28390
[bridge] ERROR: index 28394 is out of bounds for axis 0 with size 28390
[bridge] ERROR: index 28394 is out of bounds for axis 0 with size 28390
[bridge] ERROR: index 28394 is out of bounds for axis 0 with size 28390
[bridge] ERROR: index 28394 is out of bounds for axis 0 with size 28390
[bridge] ERROR: index 28394 is out of bounds for axis 0 with size 28390
[bridge] ERROR: index 28394 is out of bounds for axis 0 with size 28390
[bridge] ERROR: index 28394 is out of bounds for axis 0 with size 28390
[bridge] ERROR: index 28394 is out of bounds for axis 0 with size 28390
[bridge] ERROR: index 28394 is out of bounds for axis 0 with size 28390
[bridge] ERROR: index 28394 is out of bounds for axis 0 with size 28390
[bridge] ERROR: index 28394 is out of bounds for axis 0 with size 28390
[bridge] ERROR: index 28394 is out of bounds for axis 0 with size 28390
[bridge] ERROR: index 28394 is out of bounds for axis 0 with size 28390
[bridge] ERROR: index 28394 is out of bounds for axis 0 with size 28390
[bridge] ERROR: index 28394 is out of bounds for axis 0 with size 28390
[bridge] ERROR: index 28394 is out of bounds for axis 0 with size 28390
[bridge] ERROR: index 28394 is out of bounds for axis 0 with size 28390
[bridge] ERROR: index 28394 is out of bounds for axis 0 with size 28390
[bridge] ERROR: index 28394 is out of bounds for axis 0 with size 28390
[bridge] ERROR: index 28394 is out of bounds for axis 0 with size 28390
[bridge] ERROR: index 28394 is out of bounds for axis 0 with size 28390
[bridge] ERROR: index 28394 is out of bounds for axis 0 with size 28390
[bridge] ERROR: index 28394 is out of bounds for axis 0 with size 28390
[bridge] ERROR: index 28394 is out of bounds for axis 0 with size 28390
[bridge] ERROR: index 28394 is out of bounds for axis 0 with size 28390
[bridge] ERROR: index 28394 is out of bounds for axis 0 with size 28390
[bridge] ERROR: index 28394 is out of bounds for axis 0 with size 28390
[bridge] ERROR: index 28394 is out of bounds for axis 0 with size 28390
[bridge] ERROR: index 28394 is out of bounds for axis 0 with size 28390
[bridge] ERROR: index 28394 is out of bounds for axis 0 with size 28390
[bridge] ERROR: index 28394 is out of bounds for axis 0 with size 28390
[bridge] ERROR: index 28394 is out of bounds for axis 0 with size 28390
[bridge] ERROR: index 28394 is out of bounds for axis 0 with size 28390
[bridge] ERROR: index 28394 is out of bounds for axis 0 with size 28390
[bridge] ERROR: index 28394 is out of bounds for axis 0 with size 28390
[bridge] ERROR: index 28394 is out of bounds for axis 0 with size 28390
[bridge] ERROR: index 28394 is out of bounds for axis 0 with size 28390
[bridge] ERROR: index 28394 is out of bounds for axis 0 with size 28390
[bridge] ERROR: index 28394 is out of bounds for axis 0 with size 28390
[bridge] ERROR: index 28394 is out of bounds for axis 0 with size 28390
[bridge] ERROR: index 28394 is out of bounds for axis 0 with size 28390
[bridge] ERROR: index 28394 is out of bounds for axis 0 with size 28390
[bridge] ERROR: index 28394 is out of bounds for axis 0 with size 28390
[bridge] ERROR: index 28394 is out of bounds for axis 0 with size 28390
[bridge] ERROR: index 28394 is out of bounds for axis 0 with size 28390
[bridge] ERROR: index 28394 is out of bounds for axis 0 with size 28390
[bridge] ERROR: index 28394 is out of bounds for axis 0 with size 28390
[bridge] ERROR: index 28394 is out of bounds for axis 0 with size 28390
[bridge] ERROR: index 28394 is out of bounds for axis 0 with size 28390
[bridge] ERROR: index 28394 is out of bounds for axis 0 with size 28390
[bridge] ERROR: index 28394 is out of bounds for axis 0 with size 28390
[bridge] ERROR: index 28394 is out of bounds for axis 0 with size 28390
[bridge] ERROR: index 28394 is out of bounds for axis 0 with size 28390
[bridge] ERROR: index 28394 is out of bounds for axis 0 with size 28390
[bridge] ERROR: index 28394 is out of bounds for axis 0 with size 28390
[bridge] ERROR: index 28394 is out of bounds for axis 0 with size 28390
[bridge] ERROR: index 28394 is out of bounds for axis 0 with size 28390
[bridge] ERROR: index 28394 is out of bounds for axis 0 with size 28390
[bridge] ERROR: index 28394 is out of bounds for axis 0 with size 28390
[bridge] ERROR: index 28394 is out of bounds for axis 0 with size 28390
[bridge] ERROR: index 28394 is out of bounds for axis 0 with size 28390
[bridge] ERROR: index 28394 is out of bounds for axis 0 with size 28390
[bridge] ERROR: index 28394 is out of bounds for axis 0 with size 28390
[bridge] ERROR: index 28394 is out of bounds for axis 0 with size 28390
[bridge] ERROR: index 28394 is out of bounds for axis 0 with size 28390
[bridge] ERROR: index 28394 is out of bounds for axis 0 with size 28390
[bridge] ERROR: index 28394 is out of bounds for axis 0 with size 28390
[bridge] ERROR: index 28394 is out of bounds for axis 0 with size 28390
[bridge] ERROR: index 28394 is out of bounds for axis 0 with size 28390
[bridge] ERROR: index 28394 is out of bounds for axis 0 with size 28390
[bridge] ERROR: index 28394 is out of bounds for axis 0 with size 28390
[bridge] ERROR: index 28394 is out of bounds for axis 0 with size 28390
[bridge] ERROR: index 28394 is out of bounds for axis 0 with size 28390
[bridge] ERROR: index 28394 is out of bounds for axis 0 with size 28390
[bridge] ERROR: index 28394 is out of bounds for axis 0 with size 28390
[bridge] ERROR: index 28394 is out of bounds for axis 0 with size 28390
[bridge] ERROR: index 28394 is out of bounds for axis 0 with size 28390
[bridge] ERROR: index 28394 is out of bounds for axis 0 with size 28390
[bridge] ERROR: index 28394 is out of bounds for axis 0 with size 28390
[bridge] ERROR: index 28394 is out of bounds for axis 0 with size 28390
[bridge] ERROR: index 28394 is out of bounds for axis 0 with size 28390
[bridge] ERROR: index 28394 is out of bounds for axis 0 with size 28390
[bridge] ERROR: index 28394 is out of bounds for axis 0 with size 28390
[bridge] ERROR: index 28394 is out of bounds for axis 0 with size 28390
[bridge] ERROR: index 28394 is out of bounds for axis 0 with size 28390
[bridge] ERROR: index 28394 is out of bounds for axis 0 with size 28390
[bridge] ERROR: index 28394 is out of bounds for axis 0 with size 28390
[bridge] ERROR: index 28394 is out of bounds for axis 0 with size 28390
[bridge] ERROR: index 28394 is out of bounds for axis 0 with size 28390
[bridge] ERROR: index 28394 is out of bounds for axis 0 with size 28390
[bridge] ERROR: index 28394 is out of bounds for axis 0 with size 28390
[bridge] ERROR: index 28394 is out of bounds for axis 0 with size 28390
[bridge] ERROR: index 28394 is out of bounds for axis 0 with size 28390
[bridge] ERROR: index 28394 is out of bounds for axis 0 with size 28390
[bridge] ERROR: index 28394 is out of bounds for axis 0 with size 28390
[bridge] ERROR: index 28394 is out of bounds for axis 0 with size 28390
[bridge] ERROR: index 28394 is out of bounds for axis 0 with size 28390
[bridge] ERROR: index 28394 is out of bounds for axis 0 with size 28390
[bridge] ERROR: index 28394 is out of bounds for axis 0 with size 28390
[bridge] ERROR: index 28394 is out of bounds for axis 0 with size 28390
[bridge] ERROR: index 28394 is out of bounds for axis 0 with size 28390
[bridge] ERROR: index 28394 is out of bounds for axis 0 with size 28390
[bridge] ERROR: index 28394 is out of bounds for axis 0 with size 28390
[bridge] ERROR: index 28394 is out of bounds for axis 0 with size 28390
[bridge] ERROR: index 28394 is out of bounds for axis 0 with size 28390
[bridge] ERROR: index 28394 is out of bounds for axis 0 with size 28390
[bridge] ERROR: index 28394 is out of bounds for axis 0 with size 28390
[bridge] ERROR: index 28394 is out of bounds for axis 0 with size 28390
[bridge] ERROR: index 28394 is out of bounds for axis 0 with size 28390
[bridge] ERROR: index 28394 is out of bounds for axis 0 with size 28390
[bridge] ERROR: index 28394 is out of bounds for axis 0 with size 28390
[bridge] ERROR: index 28394 is out of bounds for axis 0 with size 28390
[bridge] ERROR: index 28394 is out of bounds for axis 0 with size 28390
[bridge] ERROR: index 28394 is out of bounds for axis 0 with size 28390
[bridge] ERROR: index 28394 is out of bounds for axis 0 with size 28390
[bridge] ERROR: index 28394 is out of bounds for axis 0 with size 28390
[bridge] ERROR: index 28394 is out of bounds for axis 0 with size 28390
[bridge] ERROR: index 28394 is out of bounds for axis 0 with size 28390
[bridge] ERROR: index 28394 is out of bounds for axis 0 with size 28390
[bridge] ERROR: index 28394 is out of bounds for axis 0 with size 28390
[bridge] ERROR: index 28394 is out of bounds for axis 0 with size 28390
[bridge] ERROR: index 28394 is out of bounds for axis 0 with size 28390
[bridge] ERROR: index 28394 is out of bounds for axis 0 with size 28390
[bridge] ERROR: index 28394 is out of bounds for axis 0 with size 28390
[bridge] ERROR: index 28394 is out of bounds for axis 0 with size 28390
[bridge] ERROR: index 28394 is out of bounds for axis 0 with size 28390
[bridge] ERROR: index 28394 is out of bounds for axis 0 with size 28390
[bridge] ERROR: index 28394 is out of bounds for axis 0 with size 28390
[bridge] ERROR: index 28394 is out of bounds for axis 0 with size 28390
[bridge] ERROR: index 28394 is out of bounds for axis 0 with size 28390
[bridge] ERROR: index 28394 is out of bounds for axis 0 with size 28390
[bridge] ERROR: index 28394 is out of bounds for axis 0 with size 28390
[bridge] ERROR: index 28394 is out of bounds for axis 0 with size 28390
[bridge] ERROR: index 28394 is out of bounds for axis 0 with size 28390
[bridge] ERROR: index 28394 is out of bounds for axis 0 with size 28390
[bridge] ERROR: index 28394 is out of bounds for axis 0 with size 28390
[bridge] ERROR: index 28394 is out of bounds for axis 0 with size 28390
[bridge] ERROR: index 28394 is out of bounds for axis 0 with size 28390
[bridge] ERROR: index 28394 is out of bounds for axis 0 with size 28390
[bridge] ERROR: index 28394 is out of bounds for axis 0 with size 28390
[bridge] ERROR: index 28394 is out of bounds for axis 0 with size 28390
[bridge] ERROR: index 28394 is out of bounds for axis 0 with size 28390
[bridge] ERROR: index 28394 is out of bounds for axis 0 with size 28390
[bridge] ERROR: index 28394 is out of bounds for axis 0 with size 28390
[bridge] ERROR: index 28394 is out of bounds for axis 0 with size 28390
[bridge] ERROR: index 28394 is out of bounds for axis 0 with size 28390
[bridge] ERROR: index 28394 is out of bounds for axis 0 with size 28390
[bridge] ERROR: index 28394 is out of bounds for axis 0 with size 28390
[bridge] ERROR: index 28394 is out of bounds for axis 0 with size 28390
[bridge] ERROR: index 28394 is out of bounds for axis 0 with size 28390
[bridge] ERROR: index 28394 is out of bounds for axis 0 with size 28390
[bridge] ERROR: index 28394 is out of bounds for axis 0 with size 28390
[bridge] ERROR: index 28394 is out of bounds for axis 0 with size 28390
[bridge] ERROR: index 28394 is out of bounds for axis 0 with size 28390
[bridge] ERROR: index 28394 is out of bounds for axis 0 with size 28390
[bridge] ERROR: index 28394 is out of bounds for axis 0 with size 28390
[bridge] ERROR: index 28394 is out of bounds for axis 0 with size 28390
[bridge] ERROR: index 28394 is out of bounds for axis 0 with size 28390
[bridge] ERROR: index 28394 is out of bounds for axis 0 with size 28390
[bridge] ERROR: index 28394 is out of bounds for axis 0 with size 28390
[bridge] ERROR: index 28394 is out of bounds for axis 0 with size 28390
[bridge] ERROR: index 28394 is out of bounds for axis 0 with size 28390
[bridge] ERROR: index 28394 is out of bounds for axis 0 with size 28390
[bridge] ERROR: index 28394 is out of bounds for axis 0 with size 28390
[bridge] ERROR: index 28394 is out of bounds for axis 0 with size 28390
[bridge] ERROR: index 28394 is out of bounds for axis 0 with size 28390
[bridge] ERROR: index 28394 is out of bounds for axis 0 with size 28390
[bridge] ERROR: index 28394 is out of bounds for axis 0 with size 28390
[bridge] ERROR: index 28394 is out of bounds for axis 0 with size 28390
[bridge] ERROR: index 28394 is out of bounds for axis 0 with size 28390
[bridge] ERROR: index 28394 is out of bounds for axis 0 with size 28390
[bridge] ERROR: index 28394 is out of bounds for axis 0 with size 28390
[bridge] ERROR: index 28394 is out of bounds for axis 0 with size 28390
[bridge] ERROR: index 28394 is out of bounds for axis 0 with size 28390
[bridge] ERROR: index 28394 is out of bounds for axis 0 with size 28390
[bridge] ERROR: index 28394 is out of bounds for axis 0 with size 28390
[bridge] ERROR: index 28394 is out of bounds for axis 0 with size 28390
[bridge] ERROR: index 28394 is out of bounds for axis 0 with size 28390
[bridge] ERROR: index 28394 is out of bounds for axis 0 with size 28390
[bridge] ERROR: index 28394 is out of bounds for axis 0 with size 28390
[bridge] ERROR: index 28394 is out of bounds for axis 0 with size 28390
[bridge] ERROR: index 28394 is out of bounds for axis 0 with size 28390
[bridge] ERROR: index 28394 is out of bounds for axis 0 with size 28390
[bridge] ERROR: index 28394 is out of bounds for axis 0 with size 28390
[bridge] ERROR: index 28394 is out of bounds for axis 0 with size 28390
[bridge] ERROR: index 28394 is out of bounds for axis 0 with size 28390
[bridge] ERROR: index 28394 is out of bounds for axis 0 with size 28390
[bridge] ERROR: index 28394 is out of bounds for axis 0 with size 28390
[bridge] ERROR: index 28394 is out of bounds for axis 0 with size 28390
[bridge] ERROR: index 28394 is out of bounds for axis 0 with size 28390
[bridge] ERROR: index 28394 is out of bounds for axis 0 with size 28390
[bridge] ERROR: index 28394 is out of bounds for axis 0 with size 28390
[bridge] ERROR: index 28394 is out of bounds for axis 0 with size 28390
[bridge] ERROR: index 28394 is out of bounds for axis 0 with size 28390
[bridge] ERROR: index 28394 is out of bounds for axis 0 with size 28390
[bridge] ERROR: index 28394 is out of bounds for axis 0 with size 28390
[bridge] ERROR: index 28394 is out of bounds for axis 0 with size 28390
[bridge] ERROR: index 28394 is out of bounds for axis 0 with size 28390
[bridge] ERROR: index 28394 is out of bounds for axis 0 with size 28390
[bridge] ERROR: index 28394 is out of bounds for axis 0 with size 28390
[bridge] ERROR: index 28394 is out of bounds for axis 0 with size 28390
[bridge] ERROR: index 28394 is out of bounds for axis 0 with size 28390
[bridge] ERROR: index 28394 is out of bounds for axis 0 with size 28390
[bridge] ERROR: index 28394 is out of bounds for axis 0 with size 28390
[bridge] ERROR: index 28394 is out of bounds for axis 0 with size 28390
[bridge] ERROR: index 28394 is out of bounds for axis 0 with size 28390
[bridge] ERROR: index 28394 is out of bounds for axis 0 with size 28390
[bridge] ERROR: index 28394 is out of bounds for axis 0 with size 28390
[bridge] ERROR: index 28394 is out of bounds for axis 0 with size 28390
[bridge] ERROR: index 28394 is out of bounds for axis 0 with size 28390
[bridge] ERROR: index 28394 is out of bounds for axis 0 with size 28390
[bridge] ERROR: index 28394 is out of bounds for axis 0 with size 28390
[bridge] ERROR: index 28394 is out of bounds for axis 0 with size 28390
[bridge] ERROR: index 28394 is out of bounds for axis 0 with size 28390
[bridge] ERROR: index 28394 is out of bounds for axis 0 with size 28390
[bridge] ERROR: index 28394 is out of bounds for axis 0 with size 28390
[bridge] ERROR: index 28394 is out of bounds for axis 0 with size 28390
[bridge] ERROR: index 28394 is out of bounds for axis 0 with size 28390
[bridge] ERROR: index 28394 is out of bounds for axis 0 with size 28390
[bridge] ERROR: index 28394 is out of bounds for axis 0 with size 28390
[bridge] ERROR: index 28394 is out of bounds for axis 0 with size 28390
[bridge] ERROR: index 28394 is out of bounds for axis 0 with size 28390
[bridge] ERROR: index 28394 is out of bounds for axis 0 with size 28390
[bridge] ERROR: index 28394 is out of bounds for axis 0 with size 28390
[bridge] ERROR: index 28394 is out of bounds for axis 0 with size 28390
[bridge] ERROR: index 28394 is out of bounds for axis 0 with size 28390
[bridge] ERROR: index 28394 is out of bounds for axis 0 with size 28390
[bridge] ERROR: index 28394 is out of bounds for axis 0 with size 28390
[bridge] ERROR: index 28394 is out of bounds for axis 0 with size 28390
[bridge] ERROR: index 28394 is out of bounds for axis 0 with size 28390
[bridge] ERROR: index 28394 is out of bounds for axis 0 with size 28390
[bridge] ERROR: index 28394 is out of bounds for axis 0 with size 28390
[bridge] ERROR: index 28394 is out of bounds for axis 0 with size 28390
[bridge] ERROR: index 28394 is out of bounds for axis 0 with size 28390
[bridge] ERROR: index 28394 is out of bounds for axis 0 with size 28390
[bridge] ERROR: index 28394 is out of bounds for axis 0 with size 28390
[bridge] ERROR: index 28394 is out of bounds for axis 0 with size 28390
[bridge] ERROR: index 28394 is out of bounds for axis 0 with size 28390
[bridge] ERROR: index 28394 is out of bounds for axis 0 with size 28390
[bridge] ERROR: index 28394 is out of bounds for axis 0 with size 28390
[bridge] ERROR: index 28394 is out of bounds for axis 0 with size 28390
[bridge] ERROR: index 28394 is out of bounds for axis 0 with size 28390
[bridge] ERROR: index 28394 is out of bounds for axis 0 with size 28390
[bridge] ERROR: index 28394 is out of bounds for axis 0 with size 28390
[bridge] ERROR: index 28394 is out of bounds for axis 0 with size 28390
[bridge] ERROR: index 28394 is out of bounds for axis 0 with size 28390
[bridge] ERROR: index 28394 is out of bounds for axis 0 with size 28390
[bridge] ERROR: index 28394 is out of bounds for axis 0 with size 28390
[bridge] ERROR: index 28394 is out of bounds for axis 0 with size 28390
[bridge] ERROR: index 28394 is out of bounds for axis 0 with size 28390
[bridge] ERROR: index 28394 is out of bounds for axis 0 with size 28390
[bridge] ERROR: index 28394 is out of bounds for axis 0 with size 28390
[bridge] ERROR: index 28394 is out of bounds for axis 0 with size 28390
[bridge] ERROR: index 28394 is out of bounds for axis 0 with size 28390
[bridge] ERROR: index 28394 is out of bounds for axis 0 with size 28390
[bridge] ERROR: index 28394 is out of bounds for axis 0 with size 28390
[bridge] ERROR: index 28394 is out of bounds for axis 0 with size 28390
[bridge] ERROR: index 28394 is out of bounds for axis 0 with size 28390
[bridge] ERROR: index 28394 is out of bounds for axis 0 with size 28390
[bridge] ERROR: index 28394 is out of bounds for axis 0 with size 28390
[bridge] ERROR: index 28394 is out of bounds for axis 0 with size 28390
[bridge] ERROR: index 28394 is out of bounds for axis 0 with size 28390
[bridge] ERROR: index 28394 is out of bounds for axis 0 with size 28390
[bridge] ERROR: index 28394 is out of bounds for axis 0 with size 28390
[bridge] ERROR: index 28394 is out of bounds for axis 0 with size 28390
[bridge] ERROR: index 28394 is out of bounds for axis 0 with size 28390
[bridge] ERROR: index 28394 is out of bounds for axis 0 with size 28390
[bridge] ERROR: index 28394 is out of bounds for axis 0 with size 28390
[bridge] ERROR: index 28394 is out of bounds for axis 0 with size 28390
[bridge] ERROR: index 28394 is out of bounds for axis 0 with size 28390
[bridge] ERROR: index 28394 is out of bounds for axis 0 with size 28390
[bridge] ERROR: index 28394 is out of bounds for axis 0 with size 28390
[bridge] ERROR: index 28394 is out of bounds for axis 0 with size 28390
[bridge] ERROR: index 28394 is out of bounds for axis 0 with size 28390
[bridge] ERROR: index 28394 is out of bounds for axis 0 with size 28390
[bridge] ERROR: index 28394 is out of bounds for axis 0 with size 28390
[bridge] ERROR: index 28394 is out of bounds for axis 0 with size 28390
[bridge] ERROR: index 28394 is out of bounds for axis 0 with size 28390
[bridge] ERROR: index 28394 is out of bounds for axis 0 with size 28390
[bridge] ERROR: index 28394 is out of bounds for axis 0 with size 28390
[bridge] ERROR: index 28394 is out of bounds for axis 0 with size 28390
[bridge] ERROR: index 28394 is out of bounds for axis 0 with size 28390
[bridge] ERROR: index 28394 is out of bounds for axis 0 with size 28390
[bridge] ERROR: index 28394 is out of bounds for axis 0 with size 28390
[bridge] ERROR: index 28394 is out of bounds for axis 0 with size 28390
[bridge] ERROR: index 28394 is out of bounds for axis 0 with size 28390
[bridge] ERROR: index 28394 is out of bounds for axis 0 with size 28390
[bridge] ERROR: index 28394 is out of bounds for axis 0 with size 28390
[bridge] ERROR: index 28394 is out of bounds for axis 0 with size 28390
[bridge] ERROR: index 28394 is out of bounds for axis 0 with size 28390
[bridge] ERROR: index 28394 is out of bounds for axis 0 with size 28390
[bridge] ERROR: index 28394 is out of bounds for axis 0 with size 28390
[bridge] ERROR: index 28394 is out of bounds for axis 0 with size 28390
[bridge] ERROR: index 28394 is out of bounds for axis 0 with size 28390
[bridge] ERROR: index 28394 is out of bounds for axis 0 with size 28390
[bridge] ERROR: index 28394 is out of bounds for axis 0 with size 28390
[bridge] ERROR: index 28394 is out of bounds for axis 0 with size 28390
[bridge] ERROR: index 28394 is out of bounds for axis 0 with size 28390
[bridge] ERROR: index 28394 is out of bounds for axis 0 with size 28390
[bridge] ERROR: index 28394 is out of bounds for axis 0 with size 28390
[bridge] ERROR: index 28394 is out of bounds for axis 0 with size 28390
[bridge] ERROR: index 28394 is out of bounds for axis 0 with size 28390
[bridge] ERROR: index 28394 is out of bounds for axis 0 with size 28390
[bridge] ERROR: index 28394 is out of bounds for axis 0 with size 28390
[bridge] ERROR: index 28394 is out of bounds for axis 0 with size 28390
[bridge] ERROR: index 28394 is out of bounds for axis 0 with size 28390
[bridge] ERROR: index 28394 is out of bounds for axis 0 with size 28390
[bridge] ERROR: index 28394 is out of bounds for axis 0 with size 28390
[bridge] ERROR: index 28394 is out of bounds for axis 0 with size 28390
[bridge] ERROR: index 28394 is out of bounds for axis 0 with size 28390
[bridge] ERROR: index 28394 is out of bounds for axis 0 with size 28390
[bridge] ERROR: index 28394 is out of bounds for axis 0 with size 28390
[bridge] ERROR: index 28394 is out of bounds for axis 0 with size 28390
[bridge] ERROR: index 28394 is out of bounds for axis 0 with size 28390
[bridge] ERROR: index 28394 is out of bounds for axis 0 with size 28390
[bridge] ERROR: index 28394 is out of bounds for axis 0 with size 28390
[bridge] ERROR: index 28394 is out of bounds for axis 0 with size 28390
[bridge] ERROR: index 28394 is out of bounds for axis 0 with size 28390
[bridge] ERROR: index 28394 is out of bounds for axis 0 with size 28390
[bridge] ERROR: index 28394 is out of bounds for axis 0 with size 28390
[bridge] ERROR: index 28394 is out of bounds for axis 0 with size 28390
[bridge] ERROR: index 28394 is out of bounds for axis 0 with size 28390
[bridge] ERROR: index 28394 is out of bounds for axis 0 with size 28390
[bridge] ERROR: index 28394 is out of bounds for axis 0 with size 28390
[bridge] ERROR: index 28394 is out of bounds for axis 0 with size 28390
[bridge] ERROR: index 28394 is out of bounds for axis 0 with size 28390
[bridge] ERROR: index 28394 is out of bounds for axis 0 with size 28390
[bridge] ERROR: index 28394 is out of bounds for axis 0 with size 28390
[bridge] ERROR: index 28394 is out of bounds for axis 0 with size 28390
[bridge] ERROR: index 28394 is out of bounds for axis 0 with size 28390
[bridge] ERROR: index 28394 is out of bounds for axis 0 with size 28390
[bridge] ERROR: index 28394 is out of bounds for axis 0 with size 28390
[bridge] ERROR: index 28394 is out of bounds for axis 0 with size 28390
[bridge] ERROR: index 28394 is out of bounds for axis 0 with size 28390
[bridge] ERROR: index 28394 is out of bounds for axis 0 with size 28390
[bridge] ERROR: index 28394 is out of bounds for axis 0 with size 28390
[bridge] ERROR: index 28394 is out of bounds for axis 0 with size 28390
[bridge] ERROR: index 28394 is out of bounds for axis 0 with size 28390
[bridge] ERROR: index 28394 is out of bounds for axis 0 with size 28390
[bridge] ERROR: index 28394 is out of bounds for axis 0 with size 28390
[bridge] ERROR: index 28394 is out of bounds for axis 0 with size 28390
[bridge] ERROR: index 28394 is out of bounds for axis 0 with size 28390
[bridge] ERROR: index 28394 is out of bounds for axis 0 with size 28390
[bridge] ERROR: index 28394 is out of bounds for axis 0 with size 28390
[bridge] ERROR: index 28394 is out of bounds for axis 0 with size 28390
[bridge] ERROR: index 28394 is out of bounds for axis 0 with size 28390
[bridge] ERROR: index 28394 is out of bounds for axis 0 with size 28390
[bridge] ERROR: index 28394 is out of bounds for axis 0 with size 28390
[bridge] ERROR: index 28394 is out of bounds for axis 0 with size 28390
[bridge] ERROR: index 28394 is out of bounds for axis 0 with size 28390
[bridge] ERROR: index 28394 is out of bounds for axis 0 with size 28390
[bridge] ERROR: index 28394 is out of bounds for axis 0 with size 28390
[bridge] ERROR: index 28394 is out of bounds for axis 0 with size 28390
[bridge] ERROR: index 28394 is out of bounds for axis 0 with size 28390
[bridge] ERROR: index 28394 is out of bounds for axis 0 with size 28390
[bridge] ERROR: index 28394 is out of bounds for axis 0 with size 28390
[bridge] ERROR: index 28394 is out of bounds for axis 0 with size 28390
[bridge] ERROR: index 28394 is out of bounds for axis 0 with size 28390
[bridge] ERROR: index 28394 is out of bounds for axis 0 with size 28390
[bridge] ERROR: index 28394 is out of bounds for axis 0 with size 28390
[bridge] ERROR: index 28394 is out of bounds for axis 0 with size 28390
[bridge] ERROR: index 28394 is out of bounds for axis 0 with size 28390
[bridge] ERROR: index 28394 is out of bounds for axis 0 with size 28390
[bridge] ERROR: index 28394 is out of bounds for axis 0 with size 28390
[bridge] ERROR: index 28394 is out of bounds for axis 0 with size 28390
[bridge] ERROR: index 28394 is out of bounds for axis 0 with size 28390
[bridge] ERROR: index 28394 is out of bounds for axis 0 with size 28390
[bridge] ERROR: index 28394 is out of bounds for axis 0 with size 28390
[bridge] ERROR: index 28394 is out of bounds for axis 0 with size 28390
[bridge] ERROR: index 28394 is out of bounds for axis 0 with size 28390
[bridge] ERROR: index 28394 is out of bounds for axis 0 with size 28390
[bridge] ERROR: index 28394 is out of bounds for axis 0 with size 28390
[bridge] ERROR: index 28394 is out of bounds for axis 0 with size 28390
[bridge] ERROR: index 28394 is out of bounds for axis 0 with size 28390
[bridge] ERROR: index 28394 is out of bounds for axis 0 with size 28390
[bridge] ERROR: index 28394 is out of bounds for axis 0 with size 28390
[bridge] ERROR: index 28394 is out of bounds for axis 0 with size 28390
[bridge] ERROR: index 28394 is out of bounds for axis 0 with size 28390
[bridge] ERROR: index 28394 is out of bounds for axis 0 with size 28390
[bridge] ERROR: index 28394 is out of bounds for axis 0 with size 28390
[bridge] ERROR: index 28394 is out of bounds for axis 0 with size 28390
[bridge] ERROR: index 28394 is out of bounds for axis 0 with size 28390
[bridge] ERROR: index 28394 is out of bounds for axis 0 with size 28390
[bridge] ERROR: index 28394 is out of bounds for axis 0 with size 28390
[bridge] ERROR: index 28394 is out of bounds for axis 0 with size 28390
[bridge] ERROR: index 28394 is out of bounds for axis 0 with size 28390
[bridge] ERROR: index 28394 is out of bounds for axis 0 with size 28390
[bridge] ERROR: index 28394 is out of bounds for axis 0 with size 28390
[bridge] ERROR: index 28394 is out of bounds for axis 0 with size 28390
[bridge] ERROR: index 28394 is out of bounds for axis 0 with size 28390
[bridge] ERROR: index 28394 is out of bounds for axis 0 with size 28390
[bridge] ERROR: index 28394 is out of bounds for axis 0 with size 28390
[bridge] ERROR: index 28394 is out of bounds for axis 0 with size 28390
[bridge] ERROR: index 28394 is out of bounds for axis 0 with size 28390
[bridge] ERROR: index 28394 is out of bounds for axis 0 with size 28390
[bridge] ERROR: index 28394 is out of bounds for axis 0 with size 28390
[bridge] ERROR: index 28394 is out of bounds for axis 0 with size 28390
[bridge] ERROR: index 28394 is out of bounds for axis 0 with size 28390
[bridge] ERROR: index 28394 is out of bounds for axis 0 with size 28390
[bridge] ERROR: index 28394 is out of bounds for axis 0 with size 28390
[bridge] ERROR: index 28394 is out of bounds for axis 0 with size 28390
[bridge] ERROR: index 28394 is out of bounds for axis 0 with size 28390
[bridge] ERROR: index 28394 is out of bounds for axis 0 with size 28390
[bridge] ERROR: index 28394 is out of bounds for axis 0 with size 28390
[bridge] ERROR: index 28394 is out of bounds for axis 0 with size 28390
[bridge] ERROR: index 28394 is out of bounds for axis 0 with size 28390
[bridge] ERROR: index 28394 is out of bounds for axis 0 with size 28390
[bridge] ERROR: index 28394 is out of bounds for axis 0 with size 28390
[bridge] ERROR: index 28394 is out of bounds for axis 0 with size 28390
[bridge] ERROR: index 28394 is out of bounds for axis 0 with size 28390
[bridge] ERROR: index 28394 is out of bounds for axis 0 with size 28390
[bridge] ERROR: index 28394 is out of bounds for axis 0 with size 28390
[bridge] ERROR: index 28394 is out of bounds for axis 0 with size 28390
[bridge] ERROR: index 28394 is out of bounds for axis 0 with size 28390
[bridge] ERROR: index 28394 is out of bounds for axis 0 with size 28390
[bridge] ERROR: index 28394 is out of bounds for axis 0 with size 28390
[bridge] ERROR: index 28394 is out of bounds for axis 0 with size 28390
[bridge] ERROR: index 28394 is out of bounds for axis 0 with size 28390
[bridge] ERROR: index 28394 is out of bounds for axis 0 with size 28390
[bridge] ERROR: index 28394 is out of bounds for axis 0 with size 28390
[bridge] ERROR: index 28394 is out of bounds for axis 0 with size 28390
[bridge] ERROR: index 28394 is out of bounds for axis 0 with size 28390
[bridge] ERROR: index 28394 is out of bounds for axis 0 with size 28390
[bridge] ERROR: index 28394 is out of bounds for axis 0 with size 28390
[bridge] ERROR: index 28394 is out of bounds for axis 0 with size 28390
[bridge] ERROR: index 28394 is out of bounds for axis 0 with size 28390
[bridge] ERROR: index 28394 is out of bounds for axis 0 with size 28390
[bridge] ERROR: index 28394 is out of bounds for axis 0 with size 28390
[bridge] ERROR: index 28394 is out of bounds for axis 0 with size 28390
[bridge] ERROR: index 28394 is out of bounds for axis 0 with size 28390
[bridge] ERROR: index 28394 is out of bounds for axis 0 with size 28390
[bridge] ERROR: index 28394 is out of bounds for axis 0 with size 28390
[bridge] ERROR: index 28394 is out of bounds for axis 0 with size 28390
[bridge] ERROR: index 28394 is out of bounds for axis 0 with size 28390
[bridge] ERROR: index 28394 is out of bounds for axis 0 with size 28390
[bridge] ERROR: index 28394 is out of bounds for axis 0 with size 28390
[bridge] ERROR: index 28394 is out of bounds for axis 0 with size 28390
[bridge] ERROR: index 28394 is out of bounds for axis 0 with size 28390
[bridge] ERROR: index 28394 is out of bounds for axis 0 with size 28390
[bridge] ERROR: index 28394 is out of bounds for axis 0 with size 28390
[bridge] ERROR: index 28394 is out of bounds for axis 0 with size 28390
[bridge] ERROR: index 28394 is out of bounds for axis 0 with size 28390
[bridge] ERROR: index 28394 is out of bounds for axis 0 with size 28390
[bridge] ERROR: index 28394 is out of bounds for axis 0 with size 28390
[bridge] ERROR: index 28394 is out of bounds for axis 0 with size 28390
[bridge] ERROR: index 28394 is out of bounds for axis 0 with size 28390
[bridge] ERROR: index 28394 is out of bounds for axis 0 with size 28390
[bridge] ERROR: index 28394 is out of bounds for axis 0 with size 28390
[bridge] ERROR: index 28394 is out of bounds for axis 0 with size 28390
[bridge] ERROR: index 28394 is out of bounds for axis 0 with size 28390
[bridge] ERROR: index 28394 is out of bounds for axis 0 with size 28390
[bridge] ERROR: index 28394 is out of bounds for axis 0 with size 28390
[bridge] ERROR: index 28394 is out of bounds for axis 0 with size 28390
[bridge] ERROR: index 28394 is out of bounds for axis 0 with size 28390
[bridge] ERROR: index 28394 is out of bounds for axis 0 with size 28390
[bridge] ERROR: index 28394 is out of bounds for axis 0 with size 28390
[bridge] ERROR: index 28394 is out of bounds for axis 0 with size 28390
[bridge] ERROR: index 28394 is out of bounds for axis 0 with size 28390
[bridge] ERROR: index 28394 is out of bounds for axis 0 with size 28390
[bridge] ERROR: index 28394 is out of bounds for axis 0 with size 28390
[bridge] ERROR: index 28394 is out of bounds for axis 0 with size 28390
[bridge] ERROR: index 28394 is out of bounds for axis 0 with size 28390
[bridge] ERROR: index 28394 is out of bounds for axis 0 with size 28390
[bridge] ERROR: index 28394 is out of bounds for axis 0 with size 28390
[bridge] ERROR: index 28394 is out of bounds for axis 0 with size 28390
[bridge] ERROR: index 28394 is out of bounds for axis 0 with size 28390
[bridge] ERROR: index 28394 is out of bounds for axis 0 with size 28390
[bridge] ERROR: index 28394 is out of bounds for axis 0 with size 28390
[bridge] ERROR: index 28394 is out of bounds for axis 0 with size 28390
[bridge] ERROR: index 28394 is out of bounds for axis 0 with size 28390
[bridge] ERROR: index 28394 is out of bounds for axis 0 with size 28390
[bridge] ERROR: index 28394 is out of bounds for axis 0 with size 28390
[bridge] ERROR: index 28394 is out of bounds for axis 0 with size 28390
[bridge] ERROR: index 28394 is out of bounds for axis 0 with size 28390
[bridge] ERROR: index 28394 is out of bounds for axis 0 with size 28390
[bridge] ERROR: index 28394 is out of bounds for axis 0 with size 28390
[bridge] ERROR: index 28394 is out of bounds for axis 0 with size 28390
[bridge] ERROR: index 28394 is out of bounds for axis 0 with size 28390
[bridge] ERROR: index 28394 is out of bounds for axis 0 with size 28390
[bridge] ERROR: index 28394 is out of bounds for axis 0 with size 28390
[bridge] ERROR: index 28394 is out of bounds for axis 0 with size 28390
[bridge] ERROR: index 28394 is out of bounds for axis 0 with size 28390
[bridge] ERROR: index 28394 is out of bounds for axis 0 with size 28390
[bridge] ERROR: index 28394 is out of bounds for axis 0 with size 28390
[bridge] ERROR: index 28394 is out of bounds for axis 0 with size 28390
[bridge] ERROR: index 28394 is out of bounds for axis 0 with size 28390
[bridge] ERROR: index 28394 is out of bounds for axis 0 with size 28390
[bridge] ERROR: index 28394 is out of bounds for axis 0 with size 28390
[bridge] ERROR: index 28394 is out of bounds for axis 0 with size 28390
[bridge] ERROR: index 28394 is out of bounds for axis 0 with size 28390
[bridge] ERROR: index 28394 is out of bounds for axis 0 with size 28390
[bridge] ERROR: index 28394 is out of bounds for axis 0 with size 28390
[bridge] ERROR: index 28394 is out of bounds for axis 0 with size 28390
[bridge] ERROR: index 28394 is out of bounds for axis 0 with size 28390
[bridge] ERROR: index 28394 is out of bounds for axis 0 with size 28390
[bridge] ERROR: index 28394 is out of bounds for axis 0 with size 28390
[bridge] ERROR: index 28394 is out of bounds for axis 0 with size 28390
[bridge] ERROR: index 28394 is out of bounds for axis 0 with size 28390
[bridge] ERROR: index 28394 is out of bounds for axis 0 with size 28390
[bridge] ERROR: index 28394 is out of bounds for axis 0 with size 28390
[bridge] ERROR: index 28394 is out of bounds for axis 0 with size 28390
[bridge] ERROR: index 28394 is out of bounds for axis 0 with size 28390
[bridge] ERROR: index 28394 is out of bounds for axis 0 with size 28390
[bridge] ERROR: index 28394 is out of bounds for axis 0 with size 28390
[bridge] ERROR: index 28394 is out of bounds for axis 0 with size 28390
[bridge] ERROR: index 28394 is out of bounds for axis 0 with size 28390
[bridge] ERROR: index 28394 is out of bounds for axis 0 with size 28390
[bridge] ERROR: index 28394 is out of bounds for axis 0 with size 28390
[bridge] ERROR: index 28394 is out of bounds for axis 0 with size 28390
[bridge] ERROR: index 28394 is out of bounds for axis 0 with size 28390
[bridge] ERROR: index 28394 is out of bounds for axis 0 with size 28390
[bridge] ERROR: index 28394 is out of bounds for axis 0 with size 28390
[bridge] ERROR: index 28394 is out of bounds for axis 0 with size 28390
[bridge] ERROR: index 28394 is out of bounds for axis 0 with size 28390
[bridge] ERROR: index 28394 is out of bounds for axis 0 with size 28390
[bridge] ERROR: index 28394 is out of bounds for axis 0 with size 28390
[bridge] ERROR: index 28394 is out of bounds for axis 0 with size 28390
[bridge] ERROR: index 28394 is out of bounds for axis 0 with size 28390
[bridge] ERROR: index 28394 is out of bounds for axis 0 with size 28390
[bridge] ERROR: index 28394 is out of bounds for axis 0 with size 28390
[bridge] ERROR: index 28394 is out of bounds for axis 0 with size 28390
[bridge] ERROR: index 28394 is out of bounds for axis 0 with size 28390
[bridge] ERROR: index 28394 is out of bounds for axis 0 with size 28390
[bridge] ERROR: index 28394 is out of bounds for axis 0 with size 28390
[bridge] ERROR: index 28394 is out of bounds for axis 0 with size 28390
[bridge] ERROR: index 28394 is out of bounds for axis 0 with size 28390
[bridge] ERROR: index 28394 is out of bounds for axis 0 with size 28390
[bridge] ERROR: index 28394 is out of bounds for axis 0 with size 28390
[bridge] ERROR: index 28394 is out of bounds for axis 0 with size 28390
[bridge] ERROR: index 28394 is out of bounds for axis 0 with size 28390
[bridge] ERROR: index 28394 is out of bounds for axis 0 with size 28390
[bridge] ERROR: index 28394 is out of bounds for axis 0 with size 28390
[bridge] ERROR: index 28394 is out of bounds for axis 0 with size 28390
[bridge] ERROR: index 28394 is out of bounds for axis 0 with size 28390
[bridge] ERROR: index 28394 is out of bounds for axis 0 with size 28390
[bridge] ERROR: index 28394 is out of bounds for axis 0 with size 28390
[bridge] ERROR: index 28394 is out of bounds for axis 0 with size 28390
[bridge] ERROR: index 28394 is out of bounds for axis 0 with size 28390
[bridge] ERROR: index 28394 is out of bounds for axis 0 with size 28390
[bridge] ERROR: index 28394 is out of bounds for axis 0 with size 28390
[bridge] ERROR: index 28394 is out of bounds for axis 0 with size 28390
[bridge] ERROR: index 28394 is out of bounds for axis 0 with size 28390
[bridge] ERROR: index 28394 is out of bounds for axis 0 with size 28390
[bridge] ERROR: index 28394 is out of bounds for axis 0 with size 28390
[bridge] ERROR: index 28394 is out of bounds for axis 0 with size 28390
[bridge] ERROR: index 28394 is out of bounds for axis 0 with size 28390
[bridge] ERROR: index 28394 is out of bounds for axis 0 with size 28390
[bridge] ERROR: index 28394 is out of bounds for axis 0 with size 28390
[bridge] ERROR: index 28394 is out of bounds for axis 0 with size 28390
[bridge] ERROR: index 28394 is out of bounds for axis 0 with size 28390
[bridge] ERROR: index 28394 is out of bounds for axis 0 with size 28390
[bridge] ERROR: index 28394 is out of bounds for axis 0 with size 28390
[bridge] ERROR: index 28394 is out of bounds for axis 0 with size 28390
[bridge] ERROR: index 28394 is out of bounds for axis 0 with size 28390
[bridge] ERROR: index 28394 is out of bounds for axis 0 with size 28390
[bridge] ERROR: index 28394 is out of bounds for axis 0 with size 28390
[bridge] ERROR: index 28394 is out of bounds for axis 0 with size 28390
[bridge] ERROR: index 28394 is out of bounds for axis 0 with size 28390
[bridge] ERROR: index 28394 is out of bounds for axis 0 with size 28390
[bridge] ERROR: index 28394 is out of bounds for axis 0 with size 28390
[bridge] ERROR: index 28394 is out of bounds for axis 0 with size 28390
[bridge] ERROR: index 28394 is out of bounds for axis 0 with size 28390
[bridge] ERROR: index 28394 is out of bounds for axis 0 with size 28390
[bridge] ERROR: index 28394 is out of bounds for axis 0 with size 28390
[bridge] ERROR: index 28394 is out of bounds for axis 0 with size 28390
[bridge] ERROR: index 28394 is out of bounds for axis 0 with size 28390
[bridge] ERROR: index 28394 is out of bounds for axis 0 with size 28390
[bridge] ERROR: index 28394 is out of bounds for axis 0 with size 28390
[bridge] ERROR: index 28394 is out of bounds for axis 0 with size 28390
[bridge] ERROR: index 28394 is out of bounds for axis 0 with size 28390
[bridge] ERROR: index 28394 is out of bounds for axis 0 with size 28390
[bridge] ERROR: index 28394 is out of bounds for axis 0 with size 28390
[bridge] ERROR: index 28394 is out of bounds for axis 0 with size 28390
[bridge] ERROR: index 28394 is out of bounds for axis 0 with size 28390
[bridge] ERROR: index 28394 is out of bounds for axis 0 with size 28390
[bridge] ERROR: index 28394 is out of bounds for axis 0 with size 28390
[bridge] ERROR: index 28394 is out of bounds for axis 0 with size 28390
[bridge] ERROR: index 28394 is out of bounds for axis 0 with size 28390
[bridge] ERROR: index 28394 is out of bounds for axis 0 with size 28390
[bridge] ERROR: index 28394 is out of bounds for axis 0 with size 28390
[bridge] ERROR: index 28394 is out of bounds for axis 0 with size 28390
[bridge] ERROR: index 28394 is out of bounds for axis 0 with size 28390
[bridge] ERROR: index 28394 is out of bounds for axis 0 with size 28390
[bridge] ERROR: index 28394 is out of bounds for axis 0 with size 28390
[bridge] ERROR: index 28394 is out of bounds for axis 0 with size 28390
[bridge] ERROR: index 28394 is out of bounds for axis 0 with size 28390
[bridge] ERROR: index 28394 is out of bounds for axis 0 with size 28390
[bridge] ERROR: index 28394 is out of bounds for axis 0 with size 28390
[bridge] ERROR: index 28394 is out of bounds for axis 0 with size 28390
[bridge] ERROR: index 28394 is out of bounds for axis 0 with size 28390
[bridge] ERROR: index 28394 is out of bounds for axis 0 with size 28390
[bridge] ERROR: index 28394 is out of bounds for axis 0 with size 28390
[bridge] ERROR: index 28394 is out of bounds for axis 0 with size 28390
[bridge] ERROR: index 28394 is out of bounds for axis 0 with size 28390
[bridge] ERROR: index 28394 is out of bounds for axis 0 with size 28390
[bridge] ERROR: index 28394 is out of bounds for axis 0 with size 28390
[bridge] ERROR: index 28394 is out of bounds for axis 0 with size 28390
[bridge] ERROR: index 28394 is out of bounds for axis 0 with size 28390
[bridge] ERROR: index 28394 is out of bounds for axis 0 with size 28390
[bridge] ERROR: index 28394 is out of bounds for axis 0 with size 28390
[bridge] ERROR: index 28394 is out of bounds for axis 0 with size 28390
[bridge] ERROR: index 28394 is out of bounds for axis 0 with size 28390
[bridge] ERROR: index 28394 is out of bounds for axis 0 with size 28390
[bridge] ERROR: index 28394 is out of bounds for axis 0 with size 28390
[bridge] ERROR: index 28394 is out of bounds for axis 0 with size 28390
[bridge] ERROR: index 28394 is out of bounds for axis 0 with size 28390
[bridge] ERROR: index 28394 is out of bounds for axis 0 with size 28390
[bridge] ERROR: index 28394 is out of bounds for axis 0 with size 28390
[bridge] ERROR: index 28394 is out of bounds for axis 0 with size 28390
[bridge] ERROR: index 28394 is out of bounds for axis 0 with size 28390
[bridge] ERROR: index 28394 is out of bounds for axis 0 with size 28390
[bridge] ERROR: index 28394 is out of bounds for axis 0 with size 28390
[bridge] ERROR: index 28394 is out of bounds for axis 0 with size 28390
[bridge] ERROR: index 28394 is out of bounds for axis 0 with size 28390
[bridge] ERROR: index 28394 is out of bounds for axis 0 with size 28390
[bridge] ERROR: index 28394 is out of bounds for axis 0 with size 28390
[bridge] ERROR: index 28394 is out of bounds for axis 0 with size 28390
[bridge] ERROR: index 28394 is out of bounds for axis 0 with size 28390
[bridge] ERROR: index 28394 is out of bounds for axis 0 with size 28390
[bridge] ERROR: index 28394 is out of bounds for axis 0 with size 28390
[bridge] ERROR: index 28394 is out of bounds for axis 0 with size 28390
[bridge] ERROR: index 28394 is out of bounds for axis 0 with size 28390
[bridge] ERROR: index 28394 is out of bounds for axis 0 with size 28390
[bridge] ERROR: index 28394 is out of bounds for axis 0 with size 28390
[bridge] ERROR: index 28394 is out of bounds for axis 0 with size 28390
[bridge] ERROR: index 28394 is out of bounds for axis 0 with size 28390
[bridge] ERROR: index 28394 is out of bounds for axis 0 with size 28390
[bridge] ERROR: index 28394 is out of bounds for axis 0 with size 28390
[bridge] ERROR: index 28394 is out of bounds for axis 0 with size 28390
[bridge] ERROR: index 28394 is out of bounds for axis 0 with size 28390
[bridge] ERROR: index 28394 is out of bounds for axis 0 with size 28390
[bridge] ERROR: index 28394 is out of bounds for axis 0 with size 28390
[bridge] ERROR: index 28394 is out of bounds for axis 0 with size 28390
[bridge] ERROR: index 28394 is out of bounds for axis 0 with size 28390
[bridge] ERROR: index 28394 is out of bounds for axis 0 with size 28390
[bridge] ERROR: index 28394 is out of bounds for axis 0 with size 28390
[bridge] ERROR: index 28394 is out of bounds for axis 0 with size 28390
[bridge] ERROR: index 28394 is out of bounds for axis 0 with size 28390
[bridge] ERROR: index 28394 is out of bounds for axis 0 with size 28390
[bridge] ERROR: index 28394 is out of bounds for axis 0 with size 28390
[bridge] ERROR: index 28394 is out of bounds for axis 0 with size 28390
[bridge] ERROR: index 28394 is out of bounds for axis 0 with size 28390
[bridge] ERROR: index 28394 is out of bounds for axis 0 with size 28390
[bridge] ERROR: index 28394 is out of bounds for axis 0 with size 28390
[bridge] ERROR: index 28394 is out of bounds for axis 0 with size 28390
[bridge] ERROR: index 28394 is out of bounds for axis 0 with size 28390
[bridge] ERROR: index 28394 is out of bounds for axis 0 with size 28390
[bridge] ERROR: index 28394 is out of bounds for axis 0 with size 28390
[bridge] ERROR: index 28394 is out of bounds for axis 0 with size 28390
[bridge] ERROR: index 28394 is out of bounds for axis 0 with size 28390
[bridge] ERROR: index 28394 is out of bounds for axis 0 with size 28390
[bridge] ERROR: index 28394 is out of bounds for axis 0 with size 28390
[bridge] ERROR: index 28394 is out of bounds for axis 0 with size 28390
[bridge] ERROR: index 28394 is out of bounds for axis 0 with size 28390
[bridge] ERROR: index 28394 is out of bounds for axis 0 with size 28390
[bridge] ERROR: index 28394 is out of bounds for axis 0 with size 28390
[bridge] ERROR: index 28394 is out of bounds for axis 0 with size 28390
[bridge] ERROR: index 28394 is out of bounds for axis 0 with size 28390
[bridge] ERROR: index 28394 is out of bounds for axis 0 with size 28390
[bridge] ERROR: index 28394 is out of bounds for axis 0 with size 28390
[bridge] ERROR: index 28394 is out of bounds for axis 0 with size 28390
[bridge] ERROR: index 28394 is out of bounds for axis 0 with size 28390
[bridge] ERROR: index 28394 is out of bounds for axis 0 with size 28390
[bridge] ERROR: index 28394 is out of bounds for axis 0 with size 28390
[bridge] ERROR: index 28394 is out of bounds for axis 0 with size 28390
[bridge] ERROR: index 28394 is out of bounds for axis 0 with size 28390
[bridge] ERROR: index 28394 is out of bounds for axis 0 with size 28390
[bridge] ERROR: index 28394 is out of bounds for axis 0 with size 28390
[bridge] ERROR: index 28394 is out of bounds for axis 0 with size 28390
[bridge] ERROR: index 28394 is out of bounds for axis 0 with size 28390
[bridge] ERROR: index 28394 is out of bounds for axis 0 with size 28390
[bridge] ERROR: index 28394 is out of bounds for axis 0 with size 28390
[bridge] ERROR: index 28394 is out of bounds for axis 0 with size 28390
[bridge] ERROR: index 28394 is out of bounds for axis 0 with size 28390
[bridge] ERROR: index 28394 is out of bounds for axis 0 with size 28390
[bridge] ERROR: index 28394 is out of bounds for axis 0 with size 28390
[bridge] ERROR: index 28394 is out of bounds for axis 0 with size 28390
[bridge] ERROR: index 28394 is out of bounds for axis 0 with size 28390
[bridge] ERROR: index 28394 is out of bounds for axis 0 with size 28390
[bridge] ERROR: index 28394 is out of bounds for axis 0 with size 28390
[bridge] ERROR: index 28394 is out of bounds for axis 0 with size 28390
[bridge] ERROR: index 28394 is out of bounds for axis 0 with size 28390
[bridge] ERROR: index 28394 is out of bounds for axis 0 with size 28390
[bridge] ERROR: index 28394 is out of bounds for axis 0 with size 28390
[bridge] ERROR: index 28394 is out of bounds for axis 0 with size 28390
[bridge] ERROR: index 28394 is out of bounds for axis 0 with size 28390
[bridge] ERROR: index 28394 is out of bounds for axis 0 with size 28390
[bridge] ERROR: index 28394 is out of bounds for axis 0 with size 28390
[bridge] ERROR: index 28394 is out of bounds for axis 0 with size 28390
[bridge] ERROR: index 28394 is out of bounds for axis 0 with size 28390
[bridge] ERROR: index 28394 is out of bounds for axis 0 with size 28390
[bridge] ERROR: index 28394 is out of bounds for axis 0 with size 28390
[bridge] ERROR: index 28394 is out of bounds for axis 0 with size 28390
[bridge] ERROR: index 28394 is out of bounds for axis 0 with size 28390
[bridge] ERROR: index 28394 is out of bounds for axis 0 with size 28390
[bridge] ERROR: index 28394 is out of bounds for axis 0 with size 28390
[bridge] ERROR: index 28394 is out of bounds for axis 0 with size 28390
[bridge] ERROR: index 28394 is out of bounds for axis 0 with size 28390
[bridge] ERROR: index 28394 is out of bounds for axis 0 with size 28390
[bridge] ERROR: index 28394 is out of bounds for axis 0 with size 28390
[bridge] ERROR: index 28394 is out of bounds for axis 0 with size 28390
[bridge] ERROR: index 28394 is out of bounds for axis 0 with size 28390
[bridge] ERROR: index 28394 is out of bounds for axis 0 with size 28390
[bridge] ERROR: index 28394 is out of bounds for axis 0 with size 28390
[bridge] ERROR: index 28394 is out of bounds for axis 0 with size 28390
[bridge] ERROR: index 28394 is out of bounds for axis 0 with size 28390
[bridge] ERROR: index 28394 is out of bounds for axis 0 with size 28390
[bridge] ERROR: index 28394 is out of bounds for axis 0 with size 28390
[bridge] ERROR: index 28394 is out of bounds for axis 0 with size 28390
[bridge] ERROR: index 28394 is out of bounds for axis 0 with size 28390
[bridge] ERROR: index 28394 is out of bounds for axis 0 with size 28390
[bridge] ERROR: index 28394 is out of bounds for axis 0 with size 28390
[bridge] ERROR: index 28394 is out of bounds for axis 0 with size 28390
[bridge] ERROR: index 28394 is out of bounds for axis 0 with size 28390
[bridge] ERROR: index 28394 is out of bounds for axis 0 with size 28390
[bridge] ERROR: index 28394 is out of bounds for axis 0 with size 28390
[bridge] ERROR: index 28394 is out of bounds for axis 0 with size 28390
[bridge] ERROR: index 28394 is out of bounds for axis 0 with size 28390
[bridge] ERROR: index 28394 is out of bounds for axis 0 with size 28390
[bridge] ERROR: index 28394 is out of bounds for axis 0 with size 28390
[bridge] ERROR: index 28394 is out of bounds for axis 0 with size 28390
[bridge] ERROR: index 28394 is out of bounds for axis 0 with size 28390
[bridge] ERROR: index 28394 is out of bounds for axis 0 with size 28390
[bridge] ERROR: index 28394 is out of bounds for axis 0 with size 28390
[bridge] ERROR: index 28394 is out of bounds for axis 0 with size 28390
[bridge] ERROR: index 28394 is out of bounds for axis 0 with size 28390
[bridge] ERROR: index 28394 is out of bounds for axis 0 with size 28390
[bridge] ERROR: index 28394 is out of bounds for axis 0 with size 28390
[bridge] ERROR: index 28394 is out of bounds for axis 0 with size 28390
[bridge] ERROR: index 28394 is out of bounds for axis 0 with size 28390
[bridge] ERROR: index 28394 is out of bounds for axis 0 with size 28390
[bridge] ERROR: index 28394 is out of bounds for axis 0 with size 28390
[bridge] ERROR: index 28394 is out of bounds for axis 0 with size 28390
[bridge] ERROR: index 28394 is out of bounds for axis 0 with size 28390
[bridge] ERROR: index 28394 is out of bounds for axis 0 with size 28390
[bridge] ERROR: index 28394 is out of bounds for axis 0 with size 28390
[bridge] ERROR: index 28394 is out of bounds for axis 0 with size 28390
[bridge] ERROR: index 28394 is out of bounds for axis 0 with size 28390
[bridge] ERROR: index 28394 is out of bounds for axis 0 with size 28390
[bridge] ERROR: index 28394 is out of bounds for axis 0 with size 28390
[bridge] ERROR: index 28394 is out of bounds for axis 0 with size 28390
[bridge] ERROR: index 28394 is out of bounds for axis 0 with size 28390
[bridge] ERROR: index 28394 is out of bounds for axis 0 with size 28390
[bridge] ERROR: index 28394 is out of bounds for axis 0 with size 28390
[bridge] ERROR: index 28394 is out of bounds for axis 0 with size 28390
[bridge] ERROR: index 28394 is out of bounds for axis 0 with size 28390
[bridge] ERROR: index 28394 is out of bounds for axis 0 with size 28390
[bridge] ERROR: index 28394 is out of bounds for axis 0 with size 28390
[bridge] ERROR: index 28394 is out of bounds for axis 0 with size 28390
[bridge] ERROR: index 28394 is out of bounds for axis 0 with size 28390
[bridge] ERROR: index 28394 is out of bounds for axis 0 with size 28390
[bridge] ERROR: index 28394 is out of bounds for axis 0 with size 28390
[bridge] ERROR: index 28394 is out of bounds for axis 0 with size 28390
[bridge] ERROR: index 28394 is out of bounds for axis 0 with size 28390
[bridge] ERROR: index 28394 is out of bounds for axis 0 with size 28390
[bridge] ERROR: index 28394 is out of bounds for axis 0 with size 28390
[bridge] ERROR: index 28394 is out of bounds for axis 0 with size 28390
[bridge] ERROR: index 28394 is out of bounds for axis 0 with size 28390
[bridge] ERROR: index 28394 is out of bounds for axis 0 with size 28390
[bridge] ERROR: index 28394 is out of bounds for axis 0 with size 28390
[bridge] ERROR: index 28394 is out of bounds for axis 0 with size 28390
[bridge] ERROR: index 28394 is out of bounds for axis 0 with size 28390
[bridge] ERROR: index 28394 is out of bounds for axis 0 with size 28390
[bridge] ERROR: index 28394 is out of bounds for axis 0 with size 28390
[bridge] ERROR: index 28394 is out of bounds for axis 0 with size 28390
[bridge] ERROR: index 28394 is out of bounds for axis 0 with size 28390
[bridge] ERROR: index 28394 is out of bounds for axis 0 with size 28390
[bridge] ERROR: index 28394 is out of bounds for axis 0 with size 28390
[bridge] ERROR: index 28394 is out of bounds for axis 0 with size 28390
[bridge] ERROR: index 28394 is out of bounds for axis 0 with size 28390
[bridge] ERROR: index 28394 is out of bounds for axis 0 with size 28390
[bridge] ERROR: index 28394 is out of bounds for axis 0 with size 28390
[bridge] ERROR: index 28394 is out of bounds for axis 0 with size 28390
[bridge] ERROR: index 28394 is out of bounds for axis 0 with size 28390
[bridge] ERROR: index 28394 is out of bounds for axis 0 with size 28390
[bridge] ERROR: index 28394 is out of bounds for axis 0 with size 28390
[bridge] ERROR: index 28394 is out of bounds for axis 0 with size 28390
[bridge] ERROR: index 28394 is out of bounds for axis 0 with size 28390
[bridge] ERROR: index 28394 is out of bounds for axis 0 with size 28390
[bridge] ERROR: index 28394 is out of bounds for axis 0 with size 28390
[bridge] ERROR: index 28394 is out of bounds for axis 0 with size 28390
[bridge] ERROR: index 28394 is out of bounds for axis 0 with size 28390
[bridge] ERROR: index 28394 is out of bounds for axis 0 with size 28390
[bridge] ERROR: index 28394 is out of bounds for axis 0 with size 28390
[bridge] ERROR: index 28394 is out of bounds for axis 0 with size 28390
[bridge] ERROR: index 28394 is out of bounds for axis 0 with size 28390
[bridge] ERROR: index 28394 is out of bounds for axis 0 with size 28390
[bridge] ERROR: index 28394 is out of bounds for axis 0 with size 28390
[bridge] ERROR: index 28394 is out of bounds for axis 0 with size 28390
[bridge] ERROR: index 28394 is out of bounds for axis 0 with size 28390
[bridge] ERROR: index 28394 is out of bounds for axis 0 with size 28390
[bridge] ERROR: index 28394 is out of bounds for axis 0 with size 28390
[bridge] ERROR: index 28394 is out of bounds for axis 0 with size 28390
[bridge] ERROR: index 28394 is out of bounds for axis 0 with size 28390
[bridge] ERROR: index 28394 is out of bounds for axis 0 with size 28390
[bridge] ERROR: index 28394 is out of bounds for axis 0 with size 28390
[bridge] ERROR: index 28394 is out of bounds for axis 0 with size 28390
[bridge] ERROR: index 28394 is out of bounds for axis 0 with size 28390
[bridge] ERROR: index 28394 is out of bounds for axis 0 with size 28390
[bridge] ERROR: index 28394 is out of bounds for axis 0 with size 28390
[bridge] ERROR: index 28394 is out of bounds for axis 0 with size 28390
[bridge] ERROR: index 28394 is out of bounds for axis 0 with size 28390
[bridge] ERROR: index 28394 is out of bounds for axis 0 with size 28390
[bridge] ERROR: index 28394 is out of bounds for axis 0 with size 28390
[bridge] ERROR: index 28394 is out of bounds for axis 0 with size 28390
[bridge] ERROR: index 28394 is out of bounds for axis 0 with size 28390
[bridge] ERROR: index 28394 is out of bounds for axis 0 with size 28390
[bridge] ERROR: index 28394 is out of bounds for axis 0 with size 28390
[bridge] ERROR: index 28394 is out of bounds for axis 0 with size 28390
[bridge] ERROR: index 28394 is out of bounds for axis 0 with size 28390
[bridge] ERROR: index 28394 is out of bounds for axis 0 with size 28390
[bridge] ERROR: index 28394 is out of bounds for axis 0 with size 28390
[bridge] ERROR: index 28394 is out of bounds for axis 0 with size 28390
[bridge] ERROR: index 28394 is out of bounds for axis 0 with size 28390
[bridge] ERROR: index 28394 is out of bounds for axis 0 with size 28390
[bridge] ERROR: index 28394 is out of bounds for axis 0 with size 28390
[bridge] ERROR: index 28394 is out of bounds for axis 0 with size 28390
[bridge] ERROR: index 28394 is out of bounds for axis 0 with size 28390
[bridge] ERROR: index 28394 is out of bounds for axis 0 with size 28390
[bridge] ERROR: index 28394 is out of bounds for axis 0 with size 28390
[bridge] ERROR: index 28394 is out of bounds for axis 0 with size 28390
[bridge] ERROR: index 28394 is out of bounds for axis 0 with size 28390
[bridge] ERROR: index 28394 is out of bounds for axis 0 with size 28390
[bridge] ERROR: index 28394 is out of bounds for axis 0 with size 28390
[bridge] ERROR: index 28394 is out of bounds for axis 0 with size 28390
[bridge] ERROR: index 28394 is out of bounds for axis 0 with size 28390
[bridge] ERROR: index 28394 is out of bounds for axis 0 with size 28390
[bridge] ERROR: index 28394 is out of bounds for axis 0 with size 28390
[bridge] ERROR: index 28394 is out of bounds for axis 0 with size 28390
[bridge] ERROR: index 28394 is out of bounds for axis 0 with size 28390
[bridge] ERROR: index 28394 is out of bounds for axis 0 with size 28390
[bridge] ERROR: index 28394 is out of bounds for axis 0 with size 28390
[bridge] ERROR: index 28394 is out of bounds for axis 0 with size 28390
[bridge] ERROR: index 28394 is out of bounds for axis 0 with size 28390
[bridge] ERROR: index 28394 is out of bounds for axis 0 with size 28390
[bridge] ERROR: index 28394 is out of bounds for axis 0 with size 28390
[bridge] ERROR: index 28394 is out of bounds for axis 0 with size 28390
[bridge] ERROR: index 28394 is out of bounds for axis 0 with size 28390
[bridge] ERROR: index 28394 is out of bounds for axis 0 with size 28390
[bridge] ERROR: index 28394 is out of bounds for axis 0 with size 28390
[bridge] ERROR: index 28394 is out of bounds for axis 0 with size 28390
[bridge] ERROR: index 28394 is out of bounds for axis 0 with size 28390
[bridge] ERROR: index 28394 is out of bounds for axis 0 with size 28390
[bridge] ERROR: index 28394 is out of bounds for axis 0 with size 28390
[bridge] ERROR: index 28394 is out of bounds for axis 0 with size 28390
[bridge] ERROR: index 28394 is out of bounds for axis 0 with size 28390
[bridge] ERROR: index 28394 is out of bounds for axis 0 with size 28390
[bridge] ERROR: index 28394 is out of bounds for axis 0 with size 28390
[bridge] ERROR: index 28394 is out of bounds for axis 0 with size 28390
[bridge] ERROR: index 28394 is out of bounds for axis 0 with size 28390
[bridge] ERROR: index 28394 is out of bounds for axis 0 with size 28390
[bridge] ERROR: index 28394 is out of bounds for axis 0 with size 28390
[bridge] ERROR: index 28394 is out of bounds for axis 0 with size 28390
[bridge] ERROR: index 28394 is out of bounds for axis 0 with size 28390
[bridge] ERROR: index 28394 is out of bounds for axis 0 with size 28390
[bridge] ERROR: index 28394 is out of bounds for axis 0 with size 28390
[bridge] ERROR: index 28394 is out of bounds for axis 0 with size 28390
[bridge] ERROR: index 28394 is out of bounds for axis 0 with size 28390
[bridge] ERROR: index 28394 is out of bounds for axis 0 with size 28390
[bridge] ERROR: index 28394 is out of bounds for axis 0 with size 28390
[bridge] ERROR: index 28394 is out of bounds for axis 0 with size 28390
[bridge] ERROR: index 28394 is out of bounds for axis 0 with size 28390
[bridge] ERROR: index 28394 is out of bounds for axis 0 with size 28390
[bridge] ERROR: index 28394 is out of bounds for axis 0 with size 28390
[bridge] ERROR: index 28394 is out of bounds for axis 0 with size 28390
[bridge] ERROR: index 28394 is out of bounds for axis 0 with size 28390
[bridge] ERROR: index 28394 is out of bounds for axis 0 with size 28390
[bridge] ERROR: index 28394 is out of bounds for axis 0 with size 28390
[bridge] ERROR: index 28394 is out of bounds for axis 0 with size 28390
[bridge] ERROR: index 28394 is out of bounds for axis 0 with size 28390
[bridge] ERROR: index 28394 is out of bounds for axis 0 with size 28390
[bridge] ERROR: index 28394 is out of bounds for axis 0 with size 28390
[bridge] ERROR: index 28394 is out of bounds for axis 0 with size 28390
[bridge] ERROR: index 28394 is out of bounds for axis 0 with size 28390
[bridge] ERROR: index 28394 is out of bounds for axis 0 with size 28390
[bridge] ERROR: index 28394 is out of bounds for axis 0 with size 28390
[bridge] ERROR: index 28394 is out of bounds for axis 0 with size 28390
[bridge] ERROR: index 28394 is out of bounds for axis 0 with size 28390
[bridge] ERROR: index 28394 is out of bounds for axis 0 with size 28390
[bridge] ERROR: index 28394 is out of bounds for axis 0 with size 28390
[bridge] ERROR: index 28394 is out of bounds for axis 0 with size 28390
[bridge] ERROR: index 28394 is out of bounds for axis 0 with size 28390
[bridge] ERROR: index 28394 is out of bounds for axis 0 with size 28390
[bridge] ERROR: index 28394 is out of bounds for axis 0 with size 28390
[bridge] ERROR: index 28394 is out of bounds for axis 0 with size 28390
[bridge] ERROR: index 28394 is out of bounds for axis 0 with size 28390
[bridge] ERROR: index 28394 is out of bounds for axis 0 with size 28390
[bridge] ERROR: index 28394 is out of bounds for axis 0 with size 28390
[bridge] ERROR: index 28394 is out of bounds for axis 0 with size 28390
[bridge] ERROR: index 28394 is out of bounds for axis 0 with size 28390
[bridge] ERROR: index 28394 is out of bounds for axis 0 with size 28390
[bridge] ERROR: index 28394 is out of bounds for axis 0 with size 28390
[bridge] ERROR: index 28394 is out of bounds for axis 0 with size 28390
[bridge] ERROR: index 28394 is out of bounds for axis 0 with size 28390
[bridge] ERROR: index 28394 is out of bounds for axis 0 with size 28390
[bridge] ERROR: index 28394 is out of bounds for axis 0 with size 28390
[bridge] ERROR: index 28394 is out of bounds for axis 0 with size 28390
[bridge] ERROR: index 28394 is out of bounds for axis 0 with size 28390
[bridge] ERROR: index 28394 is out of bounds for axis 0 with size 28390
[bridge] ERROR: index 28394 is out of bounds for axis 0 with size 28390
[bridge] ERROR: index 28394 is out of bounds for axis 0 with size 28390
[bridge] ERROR: index 28394 is out of bounds for axis 0 with size 28390
[bridge] ERROR: index 28394 is out of bounds for axis 0 with size 28390
[bridge] ERROR: index 28394 is out of bounds for axis 0 with size 28390
[bridge] ERROR: index 28394 is out of bounds for axis 0 with size 28390
[bridge] ERROR: index 28394 is out of bounds for axis 0 with size 28390
[bridge] ERROR: index 28394 is out of bounds for axis 0 with size 28390
[bridge] ERROR: index 28394 is out of bounds for axis 0 with size 28390
[bridge] ERROR: index 28394 is out of bounds for axis 0 with size 28390
[bridge] ERROR: index 28394 is out of bounds for axis 0 with size 28390
[bridge] ERROR: index 28394 is out of bounds for axis 0 with size 28390
[bridge] ERROR: index 28394 is out of bounds for axis 0 with size 28390
[bridge] ERROR: index 28394 is out of bounds for axis 0 with size 28390
[bridge] ERROR: index 28394 is out of bounds for axis 0 with size 28390
[bridge] ERROR: index 28394 is out of bounds for axis 0 with size 28390
[bridge] ERROR: index 28394 is out of bounds for axis 0 with size 28390
[bridge] ERROR: index 28394 is out of bounds for axis 0 with size 28390
[bridge] ERROR: index 28394 is out of bounds for axis 0 with size 28390
[bridge] ERROR: index 28394 is out of bounds for axis 0 with size 28390
[bridge] ERROR: index 28394 is out of bounds for axis 0 with size 28390
[bridge] ERROR: index 28394 is out of bounds for axis 0 with size 28390
[bridge] ERROR: index 28394 is out of bounds for axis 0 with size 28390
[bridge] ERROR: index 28394 is out of bounds for axis 0 with size 28390
[bridge] ERROR: index 28394 is out of bounds for axis 0 with size 28390
[bridge] ERROR: index 28394 is out of bounds for axis 0 with size 28390
[bridge] ERROR: index 28394 is out of bounds for axis 0 with size 28390
[bridge] ERROR: index 28394 is out of bounds for axis 0 with size 28390
[bridge] ERROR: index 28394 is out of bounds for axis 0 with size 28390
[bridge] ERROR: index 28394 is out of bounds for axis 0 with size 28390
[bridge] ERROR: index 28394 is out of bounds for axis 0 with size 28390
[bridge] ERROR: index 28394 is out of bounds for axis 0 with size 28390
[bridge] ERROR: index 28394 is out of bounds for axis 0 with size 28390
[bridge] ERROR: index 28394 is out of bounds for axis 0 with size 28390
[bridge] ERROR: index 28394 is out of bounds for axis 0 with size 28390
[bridge] ERROR: index 28394 is out of bounds for axis 0 with size 28390
[bridge] ERROR: index 28394 is out of bounds for axis 0 with size 28390
[bridge] ERROR: index 28394 is out of bounds for axis 0 with size 28390
[bridge] ERROR: index 28394 is out of bounds for axis 0 with size 28390
[bridge] ERROR: index 28394 is out of bounds for axis 0 with size 28390
[bridge] ERROR: index 28394 is out of bounds for axis 0 with size 28390
[bridge] ERROR: index 28394 is out of bounds for axis 0 with size 28390
[bridge] ERROR: index 28394 is out of bounds for axis 0 with size 28390
[bridge] ERROR: index 28394 is out of bounds for axis 0 with size 28390
[bridge] ERROR: index 28394 is out of bounds for axis 0 with size 28390
[bridge] ERROR: index 28394 is out of bounds for axis 0 with size 28390
[bridge] ERROR: index 28394 is out of bounds for axis 0 with size 28390
[bridge] ERROR: index 28394 is out of bounds for axis 0 with size 28390
[bridge] ERROR: index 28394 is out of bounds for axis 0 with size 28390
[bridge] ERROR: index 28394 is out of bounds for axis 0 with size 28390
[bridge] ERROR: index 28394 is out of bounds for axis 0 with size 28390
[bridge] ERROR: index 28394 is out of bounds for axis 0 with size 28390
[bridge] ERROR: index 28394 is out of bounds for axis 0 with size 28390
[bridge] ERROR: index 28394 is out of bounds for axis 0 with size 28390
[bridge] ERROR: index 28394 is out of bounds for axis 0 with size 28390
[bridge] ERROR: index 28394 is out of bounds for axis 0 with size 28390
[bridge] ERROR: index 28394 is out of bounds for axis 0 with size 28390
[bridge] ERROR: index 28394 is out of bounds for axis 0 with size 28390
[bridge] ERROR: index 28394 is out of bounds for axis 0 with size 28390
[bridge] ERROR: index 28394 is out of bounds for axis 0 with size 28390
[bridge] ERROR: index 28394 is out of bounds for axis 0 with size 28390
[bridge] ERROR: index 28394 is out of bounds for axis 0 with size 28390
[bridge] ERROR: index 28394 is out of bounds for axis 0 with size 28390
[bridge] ERROR: index 28394 is out of bounds for axis 0 with size 28390
[bridge] ERROR: index 28394 is out of bounds for axis 0 with size 28390
[bridge] ERROR: index 28394 is out of bounds for axis 0 with size 28390
[bridge] ERROR: index 28394 is out of bounds for axis 0 with size 28390
[bridge] ERROR: index 28394 is out of bounds for axis 0 with size 28390
[bridge] ERROR: index 28394 is out of bounds for axis 0 with size 28390
[bridge] ERROR: index 28394 is out of bounds for axis 0 with size 28390
[bridge] ERROR: index 28394 is out of bounds for axis 0 with size 28390
[bridge] ERROR: index 28394 is out of bounds for axis 0 with size 28390
[bridge] ERROR: index 28394 is out of bounds for axis 0 with size 28390
[bridge] ERROR: index 28394 is out of bounds for axis 0 with size 28390
[bridge] ERROR: index 28394 is out of bounds for axis 0 with size 28390
[bridge] ERROR: index 28394 is out of bounds for axis 0 with size 28390
[bridge] ERROR: index 28394 is out of bounds for axis 0 with size 28390
[bridge] ERROR: index 28394 is out of bounds for axis 0 with size 28390
[bridge] ERROR: index 28394 is out of bounds for axis 0 with size 28390
[bridge] ERROR: index 28394 is out of bounds for axis 0 with size 28390
[bridge] ERROR: index 28394 is out of bounds for axis 0 with size 28390
[bridge] ERROR: index 28394 is out of bounds for axis 0 with size 28390
[bridge] ERROR: index 28394 is out of bounds for axis 0 with size 28390
[bridge] ERROR: index 28394 is out of bounds for axis 0 with size 28390
[bridge] ERROR: index 28394 is out of bounds for axis 0 with size 28390
[bridge] ERROR: index 28394 is out of bounds for axis 0 with size 28390
[bridge] ERROR: index 28394 is out of bounds for axis 0 with size 28390
[bridge] ERROR: index 28394 is out of bounds for axis 0 with size 28390
[bridge] ERROR: index 28394 is out of bounds for axis 0 with size 28390
[bridge] ERROR: index 28394 is out of bounds for axis 0 with size 28390
[bridge] ERROR: index 28394 is out of bounds for axis 0 with size 28390
[bridge] ERROR: index 28394 is out of bounds for axis 0 with size 28390
[bridge] ERROR: index 28394 is out of bounds for axis 0 with size 28390
[bridge] ERROR: index 28394 is out of bounds for axis 0 with size 28390
[bridge] ERROR: index 28394 is out of bounds for axis 0 with size 28390
[bridge] ERROR: index 28394 is out of bounds for axis 0 with size 28390
[bridge] ERROR: index 28394 is out of bounds for axis 0 with size 28390
[bridge] ERROR: index 28394 is out of bounds for axis 0 with size 28390
[bridge] ERROR: index 28394 is out of bounds for axis 0 with size 28390
[bridge] ERROR: index 28394 is out of bounds for axis 0 with size 28390
[bridge] ERROR: index 28394 is out of bounds for axis 0 with size 28390
[bridge] ERROR: index 28394 is out of bounds for axis 0 with size 28390
[bridge] ERROR: index 28394 is out of bounds for axis 0 with size 28390
[bridge] ERROR: index 28394 is out of bounds for axis 0 with size 28390
[bridge] ERROR: index 28394 is out of bounds for axis 0 with size 28390
[bridge] ERROR: index 28394 is out of bounds for axis 0 with size 28390
[bridge] ERROR: index 28394 is out of bounds for axis 0 with size 28390
[bridge] ERROR: index 28394 is out of bounds for axis 0 with size 28390
[bridge] ERROR: index 28394 is out of bounds for axis 0 with size 28390
[bridge] ERROR: index 28394 is out of bounds for axis 0 with size 28390
[bridge] ERROR: index 28394 is out of bounds for axis 0 with size 28390
[bridge] ERROR: index 28394 is out of bounds for axis 0 with size 28390
[bridge] ERROR: index 28394 is out of bounds for axis 0 with size 28390
[bridge] ERROR: index 28394 is out of bounds for axis 0 with size 28390
[bridge] ERROR: index 28394 is out of bounds for axis 0 with size 28390
[bridge] ERROR: index 28394 is out of bounds for axis 0 with size 28390
[bridge] ERROR: index 28394 is out of bounds for axis 0 with size 28390
[bridge] ERROR: index 28394 is out of bounds for axis 0 with size 28390
[bridge] ERROR: index 28394 is out of bounds for axis 0 with size 28390
[bridge] ERROR: index 28394 is out of bounds for axis 0 with size 28390
[bridge] ERROR: index 28394 is out of bounds for axis 0 with size 28390
[bridge] ERROR: index 28394 is out of bounds for axis 0 with size 28390
[bridge] ERROR: index 28394 is out of bounds for axis 0 with size 28390
[bridge] ERROR: index 28394 is out of bounds for axis 0 with size 28390
[bridge] ERROR: index 28394 is out of bounds for axis 0 with size 28390
[bridge] ERROR: index 28394 is out of bounds for axis 0 with size 28390
[bridge] ERROR: index 28394 is out of bounds for axis 0 with size 28390
[bridge] ERROR: index 28394 is out of bounds for axis 0 with size 28390
[bridge] ERROR: index 28394 is out of bounds for axis 0 with size 28390
[bridge] ERROR: index 28394 is out of bounds for axis 0 with size 28390
[bridge] ERROR: index 28394 is out of bounds for axis 0 with size 28390
[bridge] ERROR: index 28394 is out of bounds for axis 0 with size 28390
[bridge] ERROR: index 28394 is out of bounds for axis 0 with size 28390
[bridge] ERROR: index 28394 is out of bounds for axis 0 with size 28390
[bridge] ERROR: index 28394 is out of bounds for axis 0 with size 28390
[bridge] ERROR: index 28394 is out of bounds for axis 0 with size 28390
[bridge] ERROR: index 28394 is out of bounds for axis 0 with size 28390
[bridge] ERROR: index 28394 is out of bounds for axis 0 with size 28390
[bridge] ERROR: index 28394 is out of bounds for axis 0 with size 28390
[bridge] ERROR: index 28394 is out of bounds for axis 0 with size 28390
[bridge] ERROR: index 28394 is out of bounds for axis 0 with size 28390
[bridge] ERROR: index 28394 is out of bounds for axis 0 with size 28390
[bridge] ERROR: index 28394 is out of bounds for axis 0 with size 28390
[bridge] ERROR: index 28394 is out of bounds for axis 0 with size 28390
[bridge] ERROR: index 28394 is out of bounds for axis 0 with size 28390
[bridge] ERROR: index 28394 is out of bounds for axis 0 with size 28390
[bridge] ERROR: index 28394 is out of bounds for axis 0 with size 28390
[bridge] ERROR: index 28394 is out of bounds for axis 0 with size 28390
[bridge] ERROR: index 28394 is out of bounds for axis 0 with size 28390
[bridge] ERROR: index 28394 is out of bounds for axis 0 with size 28390
[bridge] ERROR: index 28394 is out of bounds for axis 0 with size 28390
[bridge] ERROR: index 28394 is out of bounds for axis 0 with size 28390
[bridge] ERROR: index 28394 is out of bounds for axis 0 with size 28390
[bridge] ERROR: index 28394 is out of bounds for axis 0 with size 28390
[bridge] ERROR: index 28394 is out of bounds for axis 0 with size 28390
[bridge] ERROR: index 28394 is out of bounds for axis 0 with size 28390
[bridge] ERROR: index 28394 is out of bounds for axis 0 with size 28390
[bridge] ERROR: index 28394 is out of bounds for axis 0 with size 28390
[bridge] ERROR: index 28394 is out of bounds for axis 0 with size 28390
[bridge] ERROR: index 28394 is out of bounds for axis 0 with size 28390
[bridge] ERROR: index 28394 is out of bounds for axis 0 with size 28390
[bridge] ERROR: index 28394 is out of bounds for axis 0 with size 28390
[bridge] ERROR: index 28394 is out of bounds for axis 0 with size 28390
[bridge] ERROR: index 28394 is out of bounds for axis 0 with size 28390
[bridge] ERROR: index 28394 is out of bounds for axis 0 with size 28390
[bridge] ERROR: index 28394 is out of bounds for axis 0 with size 28390
[bridge] ERROR: index 28394 is out of bounds for axis 0 with size 28390
[bridge] ERROR: index 28394 is out of bounds for axis 0 with size 28390
[bridge] ERROR: index 28394 is out of bounds for axis 0 with size 28390
[bridge] ERROR: index 28394 is out of bounds for axis 0 with size 28390
[bridge] ERROR: index 28394 is out of bounds for axis 0 with size 28390
[bridge] ERROR: index 28394 is out of bounds for axis 0 with size 28390
[bridge] ERROR: index 28394 is out of bounds for axis 0 with size 28390
[bridge] ERROR: index 28394 is out of bounds for axis 0 with size 28390
[bridge] ERROR: index 28394 is out of bounds for axis 0 with size 28390
[bridge] ERROR: index 28394 is out of bounds for axis 0 with size 28390
[bridge] ERROR: index 28394 is out of bounds for axis 0 with size 28390
[bridge] ERROR: index 28394 is out of bounds for axis 0 with size 28390
[bridge] ERROR: index 28394 is out of bounds for axis 0 with size 28390
[bridge] ERROR: index 28394 is out of bounds for axis 0 with size 28390
[bridge] ERROR: index 28394 is out of bounds for axis 0 with size 28390
[bridge] ERROR: index 28394 is out of bounds for axis 0 with size 28390
[bridge] ERROR: index 28394 is out of bounds for axis 0 with size 28390
[bridge] ERROR: index 28394 is out of bounds for axis 0 with size 28390
[bridge] ERROR: index 28394 is out of bounds for axis 0 with size 28390
[bridge] ERROR: index 28394 is out of bounds for axis 0 with size 28390
[bridge] ERROR: index 28394 is out of bounds for axis 0 with size 28390
[bridge] ERROR: index 28394 is out of bounds for axis 0 with size 28390
[bridge] ERROR: index 28394 is out of bounds for axis 0 with size 28390
[bridge] ERROR: index 28394 is out of bounds for axis 0 with size 28390
[bridge] ERROR: index 28394 is out of bounds for axis 0 with size 28390
[bridge] ERROR: index 28394 is out of bounds for axis 0 with size 28390
[bridge] ERROR: index 28394 is out of bounds for axis 0 with size 28390
[bridge] ERROR: index 28394 is out of bounds for axis 0 with size 28390
[bridge] ERROR: index 28394 is out of bounds for axis 0 with size 28390
[bridge] ERROR: index 28394 is out of bounds for axis 0 with size 28390
[bridge] ERROR: index 28394 is out of bounds for axis 0 with size 28390
[bridge] ERROR: index 28394 is out of bounds for axis 0 with size 28390
[bridge] ERROR: index 28394 is out of bounds for axis 0 with size 28390
[bridge] ERROR: index 28394 is out of bounds for axis 0 with size 28390
[bridge] ERROR: index 28394 is out of bounds for axis 0 with size 28390
[bridge] ERROR: index 28394 is out of bounds for axis 0 with size 28390
[bridge] ERROR: index 28394 is out of bounds for axis 0 with size 28390
[bridge] ERROR: index 28394 is out of bounds for axis 0 with size 28390
[bridge] ERROR: index 28394 is out of bounds for axis 0 with size 28390
[bridge] ERROR: index 28394 is out of bounds for axis 0 with size 28390
[bridge] ERROR: index 28394 is out of bounds for axis 0 with size 28390
[bridge] ERROR: index 28394 is out of bounds for axis 0 with size 28390
[bridge] ERROR: index 28394 is out of bounds for axis 0 with size 28390
[bridge] ERROR: index 28394 is out of bounds for axis 0 with size 28390
[bridge] ERROR: index 28394 is out of bounds for axis 0 with size 28390
[bridge] ERROR: index 28394 is out of bounds for axis 0 with size 28390
[bridge] ERROR: index 28394 is out of bounds for axis 0 with size 28390
[bridge] ERROR: index 28394 is out of bounds for axis 0 with size 28390
[bridge] ERROR: index 28394 is out of bounds for axis 0 with size 28390
[bridge] ERROR: index 28394 is out of bounds for axis 0 with size 28390
[bridge] ERROR: index 28394 is out of bounds for axis 0 with size 28390
[bridge] ERROR: index 28394 is out of bounds for axis 0 with size 28390
[bridge] ERROR: index 28394 is out of bounds for axis 0 with size 28390
[bridge] ERROR: index 28394 is out of bounds for axis 0 with size 28390
[bridge] ERROR: index 28394 is out of bounds for axis 0 with size 28390
[bridge] ERROR: index 28394 is out of bounds for axis 0 with size 28390
[bridge] ERROR: index 28394 is out of bounds for axis 0 with size 28390
[bridge] ERROR: index 28394 is out of bounds for axis 0 with size 28390
[bridge] ERROR: index 28394 is out of bounds for axis 0 with size 28390
[bridge] ERROR: index 28394 is out of bounds for axis 0 with size 28390
[bridge] ERROR: index 28394 is out of bounds for axis 0 with size 28390
[bridge] ERROR: index 28394 is out of bounds for axis 0 with size 28390
[bridge] ERROR: index 28394 is out of bounds for axis 0 with size 28390
[bridge] ERROR: index 28394 is out of bounds for axis 0 with size 28390
[bridge] ERROR: index 28394 is out of bounds for axis 0 with size 28390
[bridge] ERROR: index 28394 is out of bounds for axis 0 with size 28390
[bridge] ERROR: index 28394 is out of bounds for axis 0 with size 28390
[bridge] ERROR: index 28394 is out of bounds for axis 0 with size 28390
[bridge] ERROR: index 28394 is out of bounds for axis 0 with size 28390
[bridge] ERROR: index 28394 is out of bounds for axis 0 with size 28390
[bridge] ERROR: index 28394 is out of bounds for axis 0 with size 28390
[bridge] ERROR: index 28394 is out of bounds for axis 0 with size 28390
[bridge] ERROR: index 28394 is out of bounds for axis 0 with size 28390
[bridge] ERROR: index 28394 is out of bounds for axis 0 with size 28390
[bridge] ERROR: index 28394 is out of bounds for axis 0 with size 28390
[bridge] ERROR: index 28394 is out of bounds for axis 0 with size 28390
[bridge] ERROR: index 28394 is out of bounds for axis 0 with size 28390
[bridge] ERROR: index 28394 is out of bounds for axis 0 with size 28390
[bridge] ERROR: index 28394 is out of bounds for axis 0 with size 28390
[bridge] ERROR: index 28394 is out of bounds for axis 0 with size 28390
[bridge] ERROR: index 28394 is out of bounds for axis 0 with size 28390
[bridge] ERROR: index 28394 is out of bounds for axis 0 with size 28390
[bridge] ERROR: index 28394 is out of bounds for axis 0 with size 28390
[bridge] ERROR: index 28394 is out of bounds for axis 0 with size 28390
[bridge] ERROR: index 28394 is out of bounds for axis 0 with size 28390
[bridge] ERROR: index 28394 is out of bounds for axis 0 with size 28390
[bridge] ERROR: index 28394 is out of bounds for axis 0 with size 28390
[bridge] ERROR: index 28394 is out of bounds for axis 0 with size 28390
[bridge] ERROR: index 28394 is out of bounds for axis 0 with size 28390
[bridge] ERROR: index 28394 is out of bounds for axis 0 with size 28390
[bridge] ERROR: index 28394 is out of bounds for axis 0 with size 28390
[bridge] ERROR: index 28394 is out of bounds for axis 0 with size 28390
[bridge] ERROR: index 28394 is out of bounds for axis 0 with size 28390
[bridge] ERROR: index 28394 is out of bounds for axis 0 with size 28390
[bridge] ERROR: index 28394 is out of bounds for axis 0 with size 28390
[bridge] ERROR: index 28394 is out of bounds for axis 0 with size 28390
[bridge] ERROR: index 28394 is out of bounds for axis 0 with size 28390
[bridge] ERROR: index 28394 is out of bounds for axis 0 with size 28390
[bridge] ERROR: index 28394 is out of bounds for axis 0 with size 28390
[bridge] ERROR: index 28394 is out of bounds for axis 0 with size 28390
[bridge] ERROR: index 28394 is out of bounds for axis 0 with size 28390
[bridge] ERROR: index 28394 is out of bounds for axis 0 with size 28390
[bridge] ERROR: index 28394 is out of bounds for axis 0 with size 28390
[bridge] ERROR: index 28394 is out of bounds for axis 0 with size 28390
[bridge] ERROR: index 28394 is out of bounds for axis 0 with size 28390
[bridge] ERROR: index 28394 is out of bounds for axis 0 with size 28390
[bridge] ERROR: index 28394 is out of bounds for axis 0 with size 28390
[bridge] ERROR: index 28394 is out of bounds for axis 0 with size 28390
[bridge] ERROR: index 28394 is out of bounds for axis 0 with size 28390
[bridge] ERROR: index 28394 is out of bounds for axis 0 with size 28390
[bridge] ERROR: index 28394 is out of bounds for axis 0 with size 28390
[bridge] ERROR: index 28394 is out of bounds for axis 0 with size 28390
[bridge] ERROR: index 28394 is out of bounds for axis 0 with size 28390
[bridge] ERROR: index 28394 is out of bounds for axis 0 with size 28390
[bridge] ERROR: index 28394 is out of bounds for axis 0 with size 28390
[bridge] ERROR: index 28394 is out of bounds for axis 0 with size 28390
[bridge] ERROR: index 28394 is out of bounds for axis 0 with size 28390
[bridge] ERROR: index 28394 is out of bounds for axis 0 with size 28390
[bridge] ERROR: index 28394 is out of bounds for axis 0 with size 28390
[bridge] ERROR: index 28394 is out of bounds for axis 0 with size 28390
[bridge] ERROR: index 28394 is out of bounds for axis 0 with size 28390
[bridge] ERROR: index 28394 is out of bounds for axis 0 with size 28390
[bridge] ERROR: index 28394 is out of bounds for axis 0 with size 28390
[bridge] ERROR: index 28394 is out of bounds for axis 0 with size 28390
[bridge] ERROR: index 28394 is out of bounds for axis 0 with size 28390
[bridge] ERROR: index 28394 is out of bounds for axis 0 with size 28390
[bridge] ERROR: index 28394 is out of bounds for axis 0 with size 28390
[bridge] ERROR: index 28394 is out of bounds for axis 0 with size 28390
[bridge] ERROR: index 28394 is out of bounds for axis 0 with size 28390
[bridge] ERROR: index 28394 is out of bounds for axis 0 with size 28390
[bridge] ERROR: index 28394 is out of bounds for axis 0 with size 28390
[bridge] ERROR: index 28394 is out of bounds for axis 0 with size 28390
[bridge] ERROR: index 28394 is out of bounds for axis 0 with size 28390
[bridge] ERROR: index 28394 is out of bounds for axis 0 with size 28390
[bridge] ERROR: index 28394 is out of bounds for axis 0 with size 28390
[bridge] ERROR: index 28394 is out of bounds for axis 0 with size 28390
[bridge] ERROR: index 28394 is out of bounds for axis 0 with size 28390
[bridge] ERROR: index 28394 is out of bounds for axis 0 with size 28390
[bridge] ERROR: index 28394 is out of bounds for axis 0 with size 28390
[bridge] ERROR: index 28394 is out of bounds for axis 0 with size 28390
[bridge] ERROR: index 28394 is out of bounds for axis 0 with size 28390
[bridge] ERROR: index 28394 is out of bounds for axis 0 with size 28390
[bridge] ERROR: index 28394 is out of bounds for axis 0 with size 28390
[bridge] ERROR: index 28394 is out of bounds for axis 0 with size 28390
[bridge] ERROR: index 28394 is out of bounds for axis 0 with size 28390
[bridge] ERROR: index 28394 is out of bounds for axis 0 with size 28390
[bridge] ERROR: index 28394 is out of bounds for axis 0 with size 28390
[bridge] ERROR: index 28394 is out of bounds for axis 0 with size 28390
[bridge] ERROR: index 28394 is out of bounds for axis 0 with size 28390
[bridge] ERROR: index 28394 is out of bounds for axis 0 with size 28390
[bridge] ERROR: index 28394 is out of bounds for axis 0 with size 28390
[bridge] ERROR: index 28394 is out of bounds for axis 0 with size 28390
[bridge] ERROR: index 28394 is out of bounds for axis 0 with size 28390
[bridge] ERROR: index 28394 is out of bounds for axis 0 with size 28390
[bridge] ERROR: index 28394 is out of bounds for axis 0 with size 28390
[bridge] ERROR: index 28394 is out of bounds for axis 0 with size 28390
[bridge] ERROR: index 28394 is out of bounds for axis 0 with size 28390
[bridge] ERROR: index 28394 is out of bounds for axis 0 with size 28390
[bridge] ERROR: index 28394 is out of bounds for axis 0 with size 28390
[bridge] ERROR: index 28394 is out of bounds for axis 0 with size 28390
[bridge] ERROR: index 28394 is out of bounds for axis 0 with size 28390
[bridge] ERROR: index 28394 is out of bounds for axis 0 with size 28390
[bridge] ERROR: index 28394 is out of bounds for axis 0 with size 28390
[bridge] ERROR: index 28394 is out of bounds for axis 0 with size 28390
[bridge] ERROR: index 28394 is out of bounds for axis 0 with size 28390
[bridge] ERROR: index 28394 is out of bounds for axis 0 with size 28390
[bridge] ERROR: index 28394 is out of bounds for axis 0 with size 28390
[bridge] ERROR: index 28394 is out of bounds for axis 0 with size 28390
[bridge] ERROR: index 28394 is out of bounds for axis 0 with size 28390
[bridge] ERROR: index 28394 is out of bounds for axis 0 with size 28390
[bridge] ERROR: index 28394 is out of bounds for axis 0 with size 28390
[bridge] ERROR: index 28394 is out of bounds for axis 0 with size 28390
[bridge] ERROR: index 28394 is out of bounds for axis 0 with size 28390
[bridge] ERROR: index 28394 is out of bounds for axis 0 with size 28390
[bridge] ERROR: index 28394 is out of bounds for axis 0 with size 28390
[bridge] ERROR: index 28394 is out of bounds for axis 0 with size 28390
[bridge] ERROR: index 28394 is out of bounds for axis 0 with size 28390
[bridge] ERROR: index 28394 is out of bounds for axis 0 with size 28390
[bridge] ERROR: index 28394 is out of bounds for axis 0 with size 28390
[bridge] ERROR: index 28394 is out of bounds for axis 0 with size 28390
[bridge] ERROR: index 28394 is out of bounds for axis 0 with size 28390
[bridge] ERROR: index 28394 is out of bounds for axis 0 with size 28390
[bridge] ERROR: index 28394 is out of bounds for axis 0 with size 28390
[bridge] ERROR: index 28394 is out of bounds for axis 0 with size 28390
[bridge] ERROR: index 28394 is out of bounds for axis 0 with size 28390
[bridge] ERROR: index 28394 is out of bounds for axis 0 with size 28390
[bridge] ERROR: index 28394 is out of bounds for axis 0 with size 28390
[bridge] ERROR: index 28394 is out of bounds for axis 0 with size 28390
[bridge] ERROR: index 28394 is out of bounds for axis 0 with size 28390
[bridge] ERROR: index 28394 is out of bounds for axis 0 with size 28390
[bridge] ERROR: index 28394 is out of bounds for axis 0 with size 28390
[bridge] ERROR: index 28394 is out of bounds for axis 0 with size 28390
[bridge] ERROR: index 28394 is out of bounds for axis 0 with size 28390
[bridge] ERROR: index 28394 is out of bounds for axis 0 with size 28390
[bridge] ERROR: index 28394 is out of bounds for axis 0 with size 28390
[bridge] ERROR: index 28394 is out of bounds for axis 0 with size 28390
[bridge] ERROR: index 28394 is out of bounds for axis 0 with size 28390
[bridge] ERROR: index 28394 is out of bounds for axis 0 with size 28390
[bridge] ERROR: index 28394 is out of bounds for axis 0 with size 28390
[bridge] ERROR: index 28394 is out of bounds for axis 0 with size 28390
[bridge] ERROR: index 28394 is out of bounds for axis 0 with size 28390
[bridge] ERROR: index 28394 is out of bounds for axis 0 with size 28390
[bridge] ERROR: index 28394 is out of bounds for axis 0 with size 28390
[bridge] ERROR: index 28394 is out of bounds for axis 0 with size 28390
[bridge] ERROR: index 28394 is out of bounds for axis 0 with size 28390
[bridge] ERROR: index 28394 is out of bounds for axis 0 with size 28390
[bridge] ERROR: index 28394 is out of bounds for axis 0 with size 28390
[bridge] ERROR: index 28394 is out of bounds for axis 0 with size 28390
[bridge] ERROR: index 28394 is out of bounds for axis 0 with size 28390
[bridge] ERROR: index 28394 is out of bounds for axis 0 with size 28390
[bridge] ERROR: index 28394 is out of bounds for axis 0 with size 28390
[bridge] ERROR: index 28394 is out of bounds for axis 0 with size 28390
[bridge] ERROR: index 28394 is out of bounds for axis 0 with size 28390
[bridge] ERROR: index 28394 is out of bounds for axis 0 with size 28390
[bridge] ERROR: index 28394 is out of bounds for axis 0 with size 28390
[bridge] ERROR: index 28394 is out of bounds for axis 0 with size 28390
[bridge] ERROR: index 28394 is out of bounds for axis 0 with size 28390
[bridge] ERROR: index 28394 is out of bounds for axis 0 with size 28390
[bridge] ERROR: index 28394 is out of bounds for axis 0 with size 28390
[bridge] ERROR: index 28394 is out of bounds for axis 0 with size 28390
[bridge] ERROR: index 28394 is out of bounds for axis 0 with size 28390
[bridge] ERROR: index 28394 is out of bounds for axis 0 with size 28390
[bridge] ERROR: index 28394 is out of bounds for axis 0 with size 28390
[bridge] ERROR: index 28394 is out of bounds for axis 0 with size 28390
[bridge] ERROR: index 28394 is out of bounds for axis 0 with size 28390
[bridge] ERROR: index 28394 is out of bounds for axis 0 with size 28390
[bridge] ERROR: index 28394 is out of bounds for axis 0 with size 28390
[bridge] ERROR: index 28394 is out of bounds for axis 0 with size 28390
[bridge] ERROR: index 28394 is out of bounds for axis 0 with size 28390
[bridge] ERROR: index 28394 is out of bounds for axis 0 with size 28390
[bridge] ERROR: index 28394 is out of bounds for axis 0 with size 28390
[bridge] ERROR: index 28394 is out of bounds for axis 0 with size 28390
[bridge] ERROR: index 28394 is out of bounds for axis 0 with size 28390
[bridge] ERROR: index 28394 is out of bounds for axis 0 with size 28390
[bridge] ERROR: index 28394 is out of bounds for axis 0 with size 28390
[bridge] ERROR: index 28394 is out of bounds for axis 0 with size 28390
[bridge] ERROR: index 28394 is out of bounds for axis 0 with size 28390
[bridge] ERROR: index 28394 is out of bounds for axis 0 with size 28390
[bridge] ERROR: index 28394 is out of bounds for axis 0 with size 28390
[bridge] ERROR: index 28394 is out of bounds for axis 0 with size 28390
[bridge] ERROR: index 28394 is out of bounds for axis 0 with size 28390
[bridge] ERROR: index 28394 is out of bounds for axis 0 with size 28390
[bridge] ERROR: index 28394 is out of bounds for axis 0 with size 28390
[bridge] ERROR: index 28394 is out of bounds for axis 0 with size 28390
[bridge] ERROR: index 28394 is out of bounds for axis 0 with size 28390
[bridge] ERROR: index 28394 is out of bounds for axis 0 with size 28390
[bridge] ERROR: index 28394 is out of bounds for axis 0 with size 28390
[bridge] ERROR: index 28394 is out of bounds for axis 0 with size 28390
[bridge] ERROR: index 28394 is out of bounds for axis 0 with size 28390
[bridge] ERROR: index 28394 is out of bounds for axis 0 with size 28390
[bridge] ERROR: index 28394 is out of bounds for axis 0 with size 28390
[bridge] ERROR: index 28394 is out of bounds for axis 0 with size 28390
[bridge] ERROR: index 28394 is out of bounds for axis 0 with size 28390
[bridge] ERROR: index 28394 is out of bounds for axis 0 with size 28390
[bridge] ERROR: index 28394 is out of bounds for axis 0 with size 28390
[bridge] ERROR: index 28394 is out of bounds for axis 0 with size 28390
[bridge] ERROR: index 28394 is out of bounds for axis 0 with size 28390
[bridge] ERROR: index 28394 is out of bounds for axis 0 with size 28390
[bridge] ERROR: index 28394 is out of bounds for axis 0 with size 28390
[bridge] ERROR: index 28394 is out of bounds for axis 0 with size 28390
[bridge] ERROR: index 28394 is out of bounds for axis 0 with size 28390
[bridge] ERROR: index 28394 is out of bounds for axis 0 with size 28390
[bridge] ERROR: index 28394 is out of bounds for axis 0 with size 28390
[bridge] ERROR: index 28394 is out of bounds for axis 0 with size 28390
[bridge] ERROR: index 28394 is out of bounds for axis 0 with size 28390
[bridge] ERROR: index 28394 is out of bounds for axis 0 with size 28390
[bridge] ERROR: index 28394 is out of bounds for axis 0 with size 28390
[bridge] ERROR: index 28394 is out of bounds for axis 0 with size 28390
[bridge] ERROR: index 28394 is out of bounds for axis 0 with size 28390
[bridge] ERROR: index 28394 is out of bounds for axis 0 with size 28390
[bridge] ERROR: index 28394 is out of bounds for axis 0 with size 28390
[bridge] ERROR: index 28394 is out of bounds for axis 0 with size 28390
[bridge] ERROR: index 28394 is out of bounds for axis 0 with size 28390
[bridge] ERROR: index 28394 is out of bounds for axis 0 with size 28390
[bridge] ERROR: index 28394 is out of bounds for axis 0 with size 28390
[bridge] ERROR: index 28394 is out of bounds for axis 0 with size 28390
[bridge] ERROR: index 28394 is out of bounds for axis 0 with size 28390
[bridge] ERROR: index 28394 is out of bounds for axis 0 with size 28390
[bridge] ERROR: index 28394 is out of bounds for axis 0 with size 28390
[bridge] ERROR: index 28394 is out of bounds for axis 0 with size 28390
[bridge] ERROR: index 28394 is out of bounds for axis 0 with size 28390
[bridge] ERROR: index 28394 is out of bounds for axis 0 with size 28390
[bridge] ERROR: index 28394 is out of bounds for axis 0 with size 28390
[bridge] ERROR: index 28394 is out of bounds for axis 0 with size 28390
[bridge] ERROR: index 28394 is out of bounds for axis 0 with size 28390
[bridge] ERROR: index 28394 is out of bounds for axis 0 with size 28390
[bridge] ERROR: index 28394 is out of bounds for axis 0 with size 28390
[bridge] ERROR: index 28394 is out of bounds for axis 0 with size 28390
[bridge] ERROR: index 28394 is out of bounds for axis 0 with size 28390
[bridge] ERROR: index 28394 is out of bounds for axis 0 with size 28390
[bridge] ERROR: index 28394 is out of bounds for axis 0 with size 28390
[bridge] ERROR: index 28394 is out of bounds for axis 0 with size 28390
[bridge] ERROR: index 28394 is out of bounds for axis 0 with size 28390
[bridge] ERROR: index 28394 is out of bounds for axis 0 with size 28390
[bridge] ERROR: index 28394 is out of bounds for axis 0 with size 28390
[bridge] ERROR: index 28394 is out of bounds for axis 0 with size 28390
[bridge] ERROR: index 28394 is out of bounds for axis 0 with size 28390
[bridge] ERROR: index 28394 is out of bounds for axis 0 with size 28390
[bridge] ERROR: index 28394 is out of bounds for axis 0 with size 28390
[bridge] ERROR: index 28394 is out of bounds for axis 0 with size 28390
[bridge] ERROR: index 28394 is out of bounds for axis 0 with size 28390
[bridge] ERROR: index 28394 is out of bounds for axis 0 with size 28390
[bridge] ERROR: index 28394 is out of bounds for axis 0 with size 28390
[bridge] ERROR: index 28394 is out of bounds for axis 0 with size 28390
[bridge] ERROR: index 28394 is out of bounds for axis 0 with size 28390
[bridge] ERROR: index 28394 is out of bounds for axis 0 with size 28390
[bridge] ERROR: index 28394 is out of bounds for axis 0 with size 28390
[bridge] ERROR: index 28394 is out of bounds for axis 0 with size 28390
[bridge] ERROR: index 28394 is out of bounds for axis 0 with size 28390
[bridge] ERROR: index 28394 is out of bounds for axis 0 with size 28390
[bridge] ERROR: index 28394 is out of bounds for axis 0 with size 28390
[bridge] ERROR: index 28394 is out of bounds for axis 0 with size 28390
[bridge] ERROR: index 28394 is out of bounds for axis 0 with size 28390
[bridge] ERROR: index 28394 is out of bounds for axis 0 with size 28390
[bridge] ERROR: index 28394 is out of bounds for axis 0 with size 28390
[bridge] ERROR: index 28394 is out of bounds for axis 0 with size 28390
[bridge] ERROR: index 28394 is out of bounds for axis 0 with size 28390
[bridge] ERROR: index 28394 is out of bounds for axis 0 with size 28390
[bridge] ERROR: index 28394 is out of bounds for axis 0 with size 28390
[bridge] ERROR: index 28394 is out of bounds for axis 0 with size 28390
[bridge] ERROR: index 28394 is out of bounds for axis 0 with size 28390
[bridge] ERROR: index 28394 is out of bounds for axis 0 with size 28390
[bridge] ERROR: index 28394 is out of bounds for axis 0 with size 28390
[bridge] ERROR: index 28394 is out of bounds for axis 0 with size 28390
[bridge] ERROR: index 28394 is out of bounds for axis 0 with size 28390
[bridge] ERROR: index 28394 is out of bounds for axis 0 with size 28390
[bridge] ERROR: index 28394 is out of bounds for axis 0 with size 28390
[bridge] ERROR: index 28394 is out of bounds for axis 0 with size 28390
[bridge] ERROR: index 28394 is out of bounds for axis 0 with size 28390
[bridge] ERROR: index 28394 is out of bounds for axis 0 with size 28390
[bridge] ERROR: index 28394 is out of bounds for axis 0 with size 28390
[bridge] ERROR: index 28394 is out of bounds for axis 0 with size 28390
[bridge] ERROR: index 28394 is out of bounds for axis 0 with size 28390
[bridge] ERROR: index 28394 is out of bounds for axis 0 with size 28390
[bridge] ERROR: index 28394 is out of bounds for axis 0 with size 28390
[bridge] ERROR: index 28394 is out of bounds for axis 0 with size 28390
[bridge] ERROR: index 28394 is out of bounds for axis 0 with size 28390
[bridge] ERROR: index 28394 is out of bounds for axis 0 with size 28390
[bridge] ERROR: index 28394 is out of bounds for axis 0 with size 28390
[bridge] ERROR: index 28394 is out of bounds for axis 0 with size 28390
[bridge] ERROR: index 28394 is out of bounds for axis 0 with size 28390
[bridge] ERROR: index 28394 is out of bounds for axis 0 with size 28390
[bridge] ERROR: index 28394 is out of bounds for axis 0 with size 28390
[bridge] ERROR: index 28394 is out of bounds for axis 0 with size 28390
[bridge] ERROR: index 28394 is out of bounds for axis 0 with size 28390
[bridge] ERROR: index 28394 is out of bounds for axis 0 with size 28390
[bridge] ERROR: index 28394 is out of bounds for axis 0 with size 28390
[bridge] ERROR: index 28394 is out of bounds for axis 0 with size 28390
[bridge] ERROR: index 28394 is out of bounds for axis 0 with size 28390
[bridge] ERROR: index 28394 is out of bounds for axis 0 with size 28390
[bridge] ERROR: index 28394 is out of bounds for axis 0 with size 28390
[bridge] ERROR: index 28394 is out of bounds for axis 0 with size 28390
[bridge] ERROR: index 28394 is out of bounds for axis 0 with size 28390
[bridge] ERROR: index 28394 is out of bounds for axis 0 with size 28390
[bridge] ERROR: index 28394 is out of bounds for axis 0 with size 28390
[bridge] ERROR: index 28394 is out of bounds for axis 0 with size 28390
[bridge] ERROR: index 28394 is out of bounds for axis 0 with size 28390
[bridge] ERROR: index 28394 is out of bounds for axis 0 with size 28390
[bridge] ERROR: index 28394 is out of bounds for axis 0 with size 28390
[bridge] ERROR: index 28394 is out of bounds for axis 0 with size 28390
[bridge] ERROR: index 28394 is out of bounds for axis 0 with size 28390
[bridge] ERROR: index 28394 is out of bounds for axis 0 with size 28390
[bridge] ERROR: index 28394 is out of bounds for axis 0 with size 28390
[bridge] ERROR: index 28394 is out of bounds for axis 0 with size 28390
[bridge] ERROR: index 28394 is out of bounds for axis 0 with size 28390
[bridge] ERROR: index 28394 is out of bounds for axis 0 with size 28390
[bridge] ERROR: index 28394 is out of bounds for axis 0 with size 28390
[bridge] ERROR: index 28394 is out of bounds for axis 0 with size 28390
[bridge] ERROR: index 28394 is out of bounds for axis 0 with size 28390
[bridge] ERROR: index 28394 is out of bounds for axis 0 with size 28390
[bridge] ERROR: index 28394 is out of bounds for axis 0 with size 28390
[bridge] ERROR: index 28394 is out of bounds for axis 0 with size 28390
[bridge] ERROR: index 28394 is out of bounds for axis 0 with size 28390
[bridge] ERROR: index 28394 is out of bounds for axis 0 with size 28390
[bridge] ERROR: index 28394 is out of bounds for axis 0 with size 28390
[bridge] ERROR: index 28394 is out of bounds for axis 0 with size 28390
[bridge] ERROR: index 28394 is out of bounds for axis 0 with size 28390
[bridge] ERROR: index 28394 is out of bounds for axis 0 with size 28390
[bridge] ERROR: index 28394 is out of bounds for axis 0 with size 28390
[bridge] ERROR: index 28394 is out of bounds for axis 0 with size 28390
[bridge] ERROR: index 28394 is out of bounds for axis 0 with size 28390
[bridge] ERROR: index 28394 is out of bounds for axis 0 with size 28390
[bridge] ERROR: index 28394 is out of bounds for axis 0 with size 28390
[bridge] ERROR: index 28394 is out of bounds for axis 0 with size 28390
[bridge] ERROR: index 28394 is out of bounds for axis 0 with size 28390
[bridge] ERROR: index 28394 is out of bounds for axis 0 with size 28390
[bridge] ERROR: index 28394 is out of bounds for axis 0 with size 28390
[bridge] ERROR: index 28394 is out of bounds for axis 0 with size 28390
[bridge] ERROR: index 28394 is out of bounds for axis 0 with size 28390
[bridge] ERROR: index 28394 is out of bounds for axis 0 with size 28390
[bridge] ERROR: index 28394 is out of bounds for axis 0 with size 28390
[bridge] ERROR: index 28394 is out of bounds for axis 0 with size 28390
[bridge] ERROR: index 28394 is out of bounds for axis 0 with size 28390
[bridge] ERROR: index 28394 is out of bounds for axis 0 with size 28390
[bridge] ERROR: index 28394 is out of bounds for axis 0 with size 28390
[bridge] ERROR: index 28394 is out of bounds for axis 0 with size 28390
[bridge] ERROR: index 28394 is out of bounds for axis 0 with size 28390
[bridge] ERROR: index 28394 is out of bounds for axis 0 with size 28390
[bridge] ERROR: index 28394 is out of bounds for axis 0 with size 28390
[bridge] ERROR: index 28394 is out of bounds for axis 0 with size 28390
[bridge] ERROR: index 28394 is out of bounds for axis 0 with size 28390
[bridge] ERROR: index 28394 is out of bounds for axis 0 with size 28390
[bridge] ERROR: index 28394 is out of bounds for axis 0 with size 28390
[bridge] ERROR: index 28394 is out of bounds for axis 0 with size 28390
[bridge] ERROR: index 28394 is out of bounds for axis 0 with size 28390
[bridge] ERROR: index 28394 is out of bounds for axis 0 with size 28390
[bridge] ERROR: index 28394 is out of bounds for axis 0 with size 28390
[bridge] ERROR: index 28394 is out of bounds for axis 0 with size 28390
[bridge] ERROR: index 28394 is out of bounds for axis 0 with size 28390
[bridge] ERROR: index 28394 is out of bounds for axis 0 with size 28390
[bridge] ERROR: index 28394 is out of bounds for axis 0 with size 28390
[bridge] ERROR: index 28394 is out of bounds for axis 0 with size 28390
[bridge] ERROR: index 28394 is out of bounds for axis 0 with size 28390
[bridge] ERROR: index 28394 is out of bounds for axis 0 with size 28390
[bridge] ERROR: index 28394 is out of bounds for axis 0 with size 28390
[bridge] ERROR: index 28394 is out of bounds for axis 0 with size 28390
[bridge] ERROR: index 28394 is out of bounds for axis 0 with size 28390
[bridge] ERROR: index 28394 is out of bounds for axis 0 with size 28390
[bridge] ERROR: index 28394 is out of bounds for axis 0 with size 28390
[bridge] ERROR: index 28394 is out of bounds for axis 0 with size 28390
[bridge] ERROR: index 28394 is out of bounds for axis 0 with size 28390
[bridge] ERROR: index 28394 is out of bounds for axis 0 with size 28390
[bridge] ERROR: index 28394 is out of bounds for axis 0 with size 28390
[bridge] ERROR: index 28394 is out of bounds for axis 0 with size 28390
[bridge] ERROR: index 28394 is out of bounds for axis 0 with size 28390
[bridge] ERROR: index 28394 is out of bounds for axis 0 with size 28390
[bridge] ERROR: index 28394 is out of bounds for axis 0 with size 28390
[bridge] ERROR: index 28394 is out of bounds for axis 0 with size 28390
[bridge] ERROR: index 28394 is out of bounds for axis 0 with size 28390
[bridge] ERROR: index 28394 is out of bounds for axis 0 with size 28390
[bridge] ERROR: index 28394 is out of bounds for axis 0 with size 28390
[bridge] ERROR: index 28394 is out of bounds for axis 0 with size 28390
[bridge] ERROR: index 28394 is out of bounds for axis 0 with size 28390
[bridge] ERROR: index 28394 is out of bounds for axis 0 with size 28390
[bridge] ERROR: index 28394 is out of bounds for axis 0 with size 28390
[bridge] ERROR: index 28394 is out of bounds for axis 0 with size 28390
[bridge] ERROR: index 28394 is out of bounds for axis 0 with size 28390
[bridge] ERROR: index 28394 is out of bounds for axis 0 with size 28390
[bridge] ERROR: index 28394 is out of bounds for axis 0 with size 28390
[bridge] ERROR: index 28394 is out of bounds for axis 0 with size 28390
[bridge] ERROR: index 28394 is out of bounds for axis 0 with size 28390
[bridge] ERROR: index 28394 is out of bounds for axis 0 with size 28390
[bridge] ERROR: index 28394 is out of bounds for axis 0 with size 28390
[bridge] ERROR: index 28394 is out of bounds for axis 0 with size 28390
[bridge] ERROR: index 28394 is out of bounds for axis 0 with size 28390
[bridge] ERROR: index 28394 is out of bounds for axis 0 with size 28390
[bridge] ERROR: index 28394 is out of bounds for axis 0 with size 28390
[bridge] ERROR: index 28394 is out of bounds for axis 0 with size 28390
[bridge] ERROR: index 28394 is out of bounds for axis 0 with size 28390
[bridge] ERROR: index 28394 is out of bounds for axis 0 with size 28390
[bridge] ERROR: index 28394 is out of bounds for axis 0 with size 28390
[bridge] ERROR: index 28394 is out of bounds for axis 0 with size 28390
[bridge] ERROR: index 28394 is out of bounds for axis 0 with size 28390
[bridge] ERROR: index 28394 is out of bounds for axis 0 with size 28390
[bridge] ERROR: index 28394 is out of bounds for axis 0 with size 28390
[bridge] ERROR: index 28394 is out of bounds for axis 0 with size 28390
[bridge] ERROR: index 28394 is out of bounds for axis 0 with size 28390
[bridge] ERROR: index 28394 is out of bounds for axis 0 with size 28390
[bridge] ERROR: index 28394 is out of bounds for axis 0 with size 28390
[bridge] ERROR: index 28394 is out of bounds for axis 0 with size 28390
[bridge] ERROR: index 28394 is out of bounds for axis 0 with size 28390
[bridge] ERROR: index 28394 is out of bounds for axis 0 with size 28390
[bridge] ERROR: index 28394 is out of bounds for axis 0 with size 28390
[bridge] ERROR: index 28394 is out of bounds for axis 0 with size 28390
[bridge] ERROR: index 28394 is out of bounds for axis 0 with size 28390
[bridge] ERROR: index 28394 is out of bounds for axis 0 with size 28390
[bridge] ERROR: index 28394 is out of bounds for axis 0 with size 28390
[bridge] ERROR: index 28394 is out of bounds for axis 0 with size 28390
[bridge] ERROR: index 28394 is out of bounds for axis 0 with size 28390
[bridge] ERROR: index 28394 is out of bounds for axis 0 with size 28390
[bridge] ERROR: index 28394 is out of bounds for axis 0 with size 28390
[bridge] ERROR: index 28394 is out of bounds for axis 0 with size 28390
[bridge] ERROR: index 28394 is out of bounds for axis 0 with size 28390
[bridge] ERROR: index 28394 is out of bounds for axis 0 with size 28390
[bridge] ERROR: index 28394 is out of bounds for axis 0 with size 28390
[bridge] ERROR: index 28394 is out of bounds for axis 0 with size 28390
[bridge] ERROR: index 28394 is out of bounds for axis 0 with size 28390
[bridge] ERROR: index 28394 is out of bounds for axis 0 with size 28390
[bridge] ERROR: index 28394 is out of bounds for axis 0 with size 28390
[bridge] ERROR: index 28394 is out of bounds for axis 0 with size 28390
[bridge] ERROR: index 28394 is out of bounds for axis 0 with size 28390
[bridge] ERROR: index 28394 is out of bounds for axis 0 with size 28390
[bridge] ERROR: index 28394 is out of bounds for axis 0 with size 28390
[bridge] ERROR: index 28394 is out of bounds for axis 0 with size 28390
[bridge] ERROR: index 28394 is out of bounds for axis 0 with size 28390
[bridge] ERROR: index 28394 is out of bounds for axis 0 with size 28390
[bridge] ERROR: index 28394 is out of bounds for axis 0 with size 28390
[bridge] ERROR: index 28394 is out of bounds for axis 0 with size 28390
[bridge] ERROR: index 28394 is out of bounds for axis 0 with size 28390
[bridge] ERROR: index 28394 is out of bounds for axis 0 with size 28390
[bridge] ERROR: index 28394 is out of bounds for axis 0 with size 28390
[bridge] ERROR: index 28394 is out of bounds for axis 0 with size 28390
[bridge] ERROR: index 28394 is out of bounds for axis 0 with size 28390
[bridge] ERROR: index 28394 is out of bounds for axis 0 with size 28390
[bridge] ERROR: index 28394 is out of bounds for axis 0 with size 28390
[bridge] ERROR: index 28394 is out of bounds for axis 0 with size 28390
[bridge] ERROR: index 28394 is out of bounds for axis 0 with size 28390
[bridge] ERROR: index 28394 is out of bounds for axis 0 with size 28390
[bridge] ERROR: index 28394 is out of bounds for axis 0 with size 28390
[bridge] ERROR: index 28394 is out of bounds for axis 0 with size 28390
[bridge] ERROR: index 28394 is out of bounds for axis 0 with size 28390
[bridge] ERROR: index 28394 is out of bounds for axis 0 with size 28390
[bridge] ERROR: index 28394 is out of bounds for axis 0 with size 28390
[bridge] ERROR: index 28394 is out of bounds for axis 0 with size 28390
[bridge] ERROR: index 28394 is out of bounds for axis 0 with size 28390
[bridge] ERROR: index 28394 is out of bounds for axis 0 with size 28390
[bridge] ERROR: index 28394 is out of bounds for axis 0 with size 28390
[bridge] ERROR: index 28394 is out of bounds for axis 0 with size 28390
[bridge] ERROR: index 28394 is out of bounds for axis 0 with size 28390
[bridge] ERROR: index 28394 is out of bounds for axis 0 with size 28390
[bridge] ERROR: index 28394 is out of bounds for axis 0 with size 28390
[bridge] ERROR: index 28394 is out of bounds for axis 0 with size 28390
[bridge] ERROR: index 28394 is out of bounds for axis 0 with size 28390
[bridge] ERROR: index 28394 is out of bounds for axis 0 with size 28390
[bridge] ERROR: index 28394 is out of bounds for axis 0 with size 28390
[bridge] ERROR: index 28394 is out of bounds for axis 0 with size 28390
[bridge] ERROR: index 28394 is out of bounds for axis 0 with size 28390
[bridge] ERROR: index 28394 is out of bounds for axis 0 with size 28390
[bridge] ERROR: index 28394 is out of bounds for axis 0 with size 28390
[bridge] ERROR: index 28394 is out of bounds for axis 0 with size 28390
[bridge] ERROR: index 28394 is out of bounds for axis 0 with size 28390
[bridge] ERROR: index 28394 is out of bounds for axis 0 with size 28390
[bridge] ERROR: index 28394 is out of bounds for axis 0 with size 28390
[bridge] ERROR: index 28394 is out of bounds for axis 0 with size 28390
[bridge] ERROR: index 28394 is out of bounds for axis 0 with size 28390
[bridge] ERROR: index 28394 is out of bounds for axis 0 with size 28390
[bridge] ERROR: index 28394 is out of bounds for axis 0 with size 28390
[bridge] ERROR: index 28394 is out of bounds for axis 0 with size 28390
[bridge] ERROR: index 28394 is out of bounds for axis 0 with size 28390
[bridge] ERROR: index 28394 is out of bounds for axis 0 with size 28390
[bridge] ERROR: index 28394 is out of bounds for axis 0 with size 28390
[bridge] ERROR: index 28394 is out of bounds for axis 0 with size 28390
[bridge] ERROR: index 28394 is out of bounds for axis 0 with size 28390
[bridge] ERROR: index 28394 is out of bounds for axis 0 with size 28390
[bridge] ERROR: index 28394 is out of bounds for axis 0 with size 28390
[bridge] ERROR: index 28394 is out of bounds for axis 0 with size 28390
[bridge] ERROR: index 28394 is out of bounds for axis 0 with size 28390
[bridge] ERROR: index 28394 is out of bounds for axis 0 with size 28390
[bridge] ERROR: index 28394 is out of bounds for axis 0 with size 28390
[bridge] ERROR: index 28394 is out of bounds for axis 0 with size 28390
[bridge] ERROR: index 28394 is out of bounds for axis 0 with size 28390
[bridge] ERROR: index 28394 is out of bounds for axis 0 with size 28390
[bridge] ERROR: index 28394 is out of bounds for axis 0 with size 28390
[bridge] ERROR: index 28394 is out of bounds for axis 0 with size 28390
[bridge] ERROR: index 28394 is out of bounds for axis 0 with size 28390
[bridge] ERROR: index 28394 is out of bounds for axis 0 with size 28390
[bridge] ERROR: index 28394 is out of bounds for axis 0 with size 28390
[bridge] ERROR: index 28394 is out of bounds for axis 0 with size 28390
[bridge] ERROR: index 28394 is out of bounds for axis 0 with size 28390
[bridge] ERROR: index 28394 is out of bounds for axis 0 with size 28390
[bridge] ERROR: index 28394 is out of bounds for axis 0 with size 28390
[bridge] ERROR: index 28394 is out of bounds for axis 0 with size 28390
[bridge] ERROR: index 28394 is out of bounds for axis 0 with size 28390
[bridge] ERROR: index 28394 is out of bounds for axis 0 with size 28390
[bridge] ERROR: index 28394 is out of bounds for axis 0 with size 28390
[bridge] ERROR: index 28394 is out of bounds for axis 0 with size 28390
[bridge] ERROR: index 28394 is out of bounds for axis 0 with size 28390
[bridge] ERROR: index 28394 is out of bounds for axis 0 with size 28390
[bridge] ERROR: index 28394 is out of bounds for axis 0 with size 28390
[bridge] ERROR: index 28394 is out of bounds for axis 0 with size 28390
[bridge] ERROR: index 28394 is out of bounds for axis 0 with size 28390
[bridge] ERROR: index 28394 is out of bounds for axis 0 with size 28390
[bridge] ERROR: index 28394 is out of bounds for axis 0 with size 28390
[bridge] ERROR: index 28394 is out of bounds for axis 0 with size 28390
[bridge] ERROR: index 28394 is out of bounds for axis 0 with size 28390
[bridge] ERROR: index 28394 is out of bounds for axis 0 with size 28390
[bridge] ERROR: index 28394 is out of bounds for axis 0 with size 28390
[bridge] ERROR: index 28394 is out of bounds for axis 0 with size 28390
[bridge] ERROR: index 28394 is out of bounds for axis 0 with size 28390
[bridge] ERROR: index 28394 is out of bounds for axis 0 with size 28390
[bridge] ERROR: index 28394 is out of bounds for axis 0 with size 28390
[bridge] ERROR: index 28394 is out of bounds for axis 0 with size 28390
[bridge] ERROR: index 28394 is out of bounds for axis 0 with size 28390
[bridge] ERROR: index 28394 is out of bounds for axis 0 with size 28390
[bridge] ERROR: index 28394 is out of bounds for axis 0 with size 28390
[bridge] ERROR: index 28394 is out of bounds for axis 0 with size 28390
[bridge] ERROR: index 28394 is out of bounds for axis 0 with size 28390
[bridge] ERROR: index 28394 is out of bounds for axis 0 with size 28390
[bridge] ERROR: index 28394 is out of bounds for axis 0 with size 28390
[bridge] ERROR: index 28394 is out of bounds for axis 0 with size 28390
[bridge] ERROR: index 28394 is out of bounds for axis 0 with size 28390
[bridge] ERROR: index 28394 is out of bounds for axis 0 with size 28390
[bridge] ERROR: index 28394 is out of bounds for axis 0 with size 28390
[bridge] ERROR: index 28394 is out of bounds for axis 0 with size 28390
[bridge] ERROR: index 28394 is out of bounds for axis 0 with size 28390
[bridge] ERROR: index 28394 is out of bounds for axis 0 with size 28390
[bridge] ERROR: index 28394 is out of bounds for axis 0 with size 28390
[bridge] ERROR: index 28394 is out of bounds for axis 0 with size 28390
[bridge] ERROR: index 28394 is out of bounds for axis 0 with size 28390
[bridge] ERROR: index 28394 is out of bounds for axis 0 with size 28390
[bridge] ERROR: index 28394 is out of bounds for axis 0 with size 28390
[bridge] ERROR: index 28394 is out of bounds for axis 0 with size 28390
[bridge] ERROR: index 28394 is out of bounds for axis 0 with size 28390
[bridge] ERROR: index 28394 is out of bounds for axis 0 with size 28390
[bridge] ERROR: index 28394 is out of bounds for axis 0 with size 28390
[bridge] ERROR: index 28394 is out of bounds for axis 0 with size 28390
[bridge] ERROR: index 28394 is out of bounds for axis 0 with size 28390
[bridge] ERROR: index 28394 is out of bounds for axis 0 with size 28390
[bridge] ERROR: index 28394 is out of bounds for axis 0 with size 28390
[bridge] ERROR: index 28394 is out of bounds for axis 0 with size 28390
[bridge] ERROR: index 28394 is out of bounds for axis 0 with size 28390
[bridge] ERROR: index 28394 is out of bounds for axis 0 with size 28390
[bridge] ERROR: index 28394 is out of bounds for axis 0 with size 28390
[bridge] ERROR: index 28394 is out of bounds for axis 0 with size 28390
[bridge] ERROR: index 28394 is out of bounds for axis 0 with size 28390
[bridge] ERROR: index 28394 is out of bounds for axis 0 with size 28390
[bridge] ERROR: index 28394 is out of bounds for axis 0 with size 28390
[bridge] ERROR: index 28394 is out of bounds for axis 0 with size 28390
[bridge] ERROR: index 28394 is out of bounds for axis 0 with size 28390
[bridge] ERROR: index 28394 is out of bounds for axis 0 with size 28390
[bridge] ERROR: index 28394 is out of bounds for axis 0 with size 28390
[bridge] ERROR: index 28394 is out of bounds for axis 0 with size 28390
[bridge] ERROR: index 28394 is out of bounds for axis 0 with size 28390
[bridge] ERROR: index 28394 is out of bounds for axis 0 with size 28390
[bridge] ERROR: index 28394 is out of bounds for axis 0 with size 28390
[bridge] ERROR: index 28394 is out of bounds for axis 0 with size 28390
[bridge] ERROR: index 28394 is out of bounds for axis 0 with size 28390
[bridge] ERROR: index 28394 is out of bounds for axis 0 with size 28390
[bridge] ERROR: index 28394 is out of bounds for axis 0 with size 28390
[bridge] ERROR: index 28394 is out of bounds for axis 0 with size 28390
[bridge] ERROR: index 28394 is out of bounds for axis 0 with size 28390
[bridge] ERROR: index 28394 is out of bounds for axis 0 with size 28390
[bridge] ERROR: index 28394 is out of bounds for axis 0 with size 28390
[bridge] ERROR: index 28394 is out of bounds for axis 0 with size 28390
[bridge] ERROR: index 28394 is out of bounds for axis 0 with size 28390
[bridge] ERROR: index 28394 is out of bounds for axis 0 with size 28390
[bridge] ERROR: index 28394 is out of bounds for axis 0 with size 28390
[bridge] ERROR: index 28394 is out of bounds for axis 0 with size 28390
[bridge] ERROR: index 28394 is out of bounds for axis 0 with size 28390
[bridge] ERROR: index 28394 is out of bounds for axis 0 with size 28390
[bridge] ERROR: index 28394 is out of bounds for axis 0 with size 28390
[bridge] ERROR: index 28394 is out of bounds for axis 0 with size 28390
[bridge] ERROR: index 28394 is out of bounds for axis 0 with size 28390
[bridge] ERROR: index 28394 is out of bounds for axis 0 with size 28390
[bridge] ERROR: index 28394 is out of bounds for axis 0 with size 28390
[bridge] ERROR: index 28394 is out of bounds for axis 0 with size 28390
[bridge] ERROR: index 28394 is out of bounds for axis 0 with size 28390
[bridge] ERROR: index 28394 is out of bounds for axis 0 with size 28390
[bridge] ERROR: index 28394 is out of bounds for axis 0 with size 28390
[bridge] ERROR: index 28394 is out of bounds for axis 0 with size 28390
[bridge] ERROR: index 28394 is out of bounds for axis 0 with size 28390
[bridge] ERROR: index 28394 is out of bounds for axis 0 with size 28390
[bridge] ERROR: index 28394 is out of bounds for axis 0 with size 28390
[bridge] ERROR: index 28394 is out of bounds for axis 0 with size 28390
[bridge] ERROR: index 28394 is out of bounds for axis 0 with size 28390
[bridge] ERROR: index 28394 is out of bounds for axis 0 with size 28390
[bridge] ERROR: index 28394 is out of bounds for axis 0 with size 28390
[bridge] ERROR: index 28394 is out of bounds for axis 0 with size 28390
[bridge] ERROR: index 28394 is out of bounds for axis 0 with size 28390
[bridge] ERROR: index 28394 is out of bounds for axis 0 with size 28390
[bridge] ERROR: index 28394 is out of bounds for axis 0 with size 28390
[bridge] ERROR: index 28394 is out of bounds for axis 0 with size 28390
[bridge] ERROR: index 28394 is out of bounds for axis 0 with size 28390
[bridge] ERROR: index 28394 is out of bounds for axis 0 with size 28390
[bridge] ERROR: index 28394 is out of bounds for axis 0 with size 28390
[bridge] ERROR: index 28394 is out of bounds for axis 0 with size 28390
[bridge] ERROR: index 28394 is out of bounds for axis 0 with size 28390
[bridge] ERROR: index 28394 is out of bounds for axis 0 with size 28390
[bridge] ERROR: index 28394 is out of bounds for axis 0 with size 28390
[bridge] ERROR: index 28394 is out of bounds for axis 0 with size 28390
[bridge] ERROR: index 28394 is out of bounds for axis 0 with size 28390
[bridge] ERROR: index 28394 is out of bounds for axis 0 with size 28390
[bridge] ERROR: index 28394 is out of bounds for axis 0 with size 28390
[bridge] ERROR: index 28394 is out of bounds for axis 0 with size 28390
[bridge] ERROR: index 28394 is out of bounds for axis 0 with size 28390
[bridge] ERROR: index 28394 is out of bounds for axis 0 with size 28390
[bridge] ERROR: index 28394 is out of bounds for axis 0 with size 28390
[bridge] ERROR: index 28394 is out of bounds for axis 0 with size 28390
[bridge] ERROR: index 28394 is out of bounds for axis 0 with size 28390
[bridge] ERROR: index 28394 is out of bounds for axis 0 with size 28390
[bridge] ERROR: index 28394 is out of bounds for axis 0 with size 28390
[bridge] ERROR: index 28394 is out of bounds for axis 0 with size 28390
[bridge] ERROR: index 28394 is out of bounds for axis 0 with size 28390
[bridge] ERROR: index 28394 is out of bounds for axis 0 with size 28390
[bridge] ERROR: index 28394 is out of bounds for axis 0 with size 28390
[bridge] ERROR: index 28394 is out of bounds for axis 0 with size 28390
[bridge] ERROR: index 28394 is out of bounds for axis 0 with size 28390
[bridge] ERROR: index 28394 is out of bounds for axis 0 with size 28390
[bridge] ERROR: index 28394 is out of bounds for axis 0 with size 28390
[bridge] ERROR: index 28394 is out of bounds for axis 0 with size 28390
[bridge] ERROR: index 28394 is out of bounds for axis 0 with size 28390
[bridge] ERROR: index 28394 is out of bounds for axis 0 with size 28390
[bridge] ERROR: index 28394 is out of bounds for axis 0 with size 28390
[bridge] ERROR: index 28394 is out of bounds for axis 0 with size 28390
[bridge] ERROR: index 28394 is out of bounds for axis 0 with size 28390
[bridge] ERROR: index 28394 is out of bounds for axis 0 with size 28390
[bridge] ERROR: index 28394 is out of bounds for axis 0 with size 28390
[bridge] ERROR: index 28394 is out of bounds for axis 0 with size 28390
[bridge] ERROR: index 28394 is out of bounds for axis 0 with size 28390
[bridge] ERROR: index 28394 is out of bounds for axis 0 with size 28390
[bridge] ERROR: index 28394 is out of bounds for axis 0 with size 28390
[bridge] ERROR: index 28394 is out of bounds for axis 0 with size 28390
[bridge] ERROR: index 28394 is out of bounds for axis 0 with size 28390
[bridge] ERROR: index 28394 is out of bounds for axis 0 with size 28390
[bridge] ERROR: index 28394 is out of bounds for axis 0 with size 28390
[bridge] ERROR: index 28394 is out of bounds for axis 0 with size 28390
[bridge] ERROR: index 28394 is out of bounds for axis 0 with size 28390
[bridge] ERROR: index 28394 is out of bounds for axis 0 with size 28390
[bridge] ERROR: index 28394 is out of bounds for axis 0 with size 28390
[bridge] ERROR: index 28394 is out of bounds for axis 0 with size 28390
[bridge] ERROR: index 28394 is out of bounds for axis 0 with size 28390
[bridge] ERROR: index 28394 is out of bounds for axis 0 with size 28390
[bridge] ERROR: index 28394 is out of bounds for axis 0 with size 28390
[bridge] ERROR: index 28394 is out of bounds for axis 0 with size 28390
[bridge] ERROR: index 28394 is out of bounds for axis 0 with size 28390
[bridge] ERROR: index 28394 is out of bounds for axis 0 with size 28390
[bridge] ERROR: index 28394 is out of bounds for axis 0 with size 28390
[bridge] ERROR: index 28394 is out of bounds for axis 0 with size 28390
[bridge] ERROR: index 28394 is out of bounds for axis 0 with size 28390
[bridge] ERROR: index 28394 is out of bounds for axis 0 with size 28390
[bridge] ERROR: index 28394 is out of bounds for axis 0 with size 28390
[bridge] ERROR: index 28394 is out of bounds for axis 0 with size 28390
[bridge] ERROR: index 28394 is out of bounds for axis 0 with size 28390
[bridge] ERROR: index 28394 is out of bounds for axis 0 with size 28390
[bridge] ERROR: index 28394 is out of bounds for axis 0 with size 28390
[bridge] ERROR: index 28394 is out of bounds for axis 0 with size 28390
[bridge] ERROR: index 28394 is out of bounds for axis 0 with size 28390
[bridge] ERROR: index 28394 is out of bounds for axis 0 with size 28390
[bridge] ERROR: index 28394 is out of bounds for axis 0 with size 28390
[bridge] ERROR: index 28394 is out of bounds for axis 0 with size 28390
[bridge] ERROR: index 28394 is out of bounds for axis 0 with size 28390
[bridge] ERROR: index 28394 is out of bounds for axis 0 with size 28390
[bridge] ERROR: index 28394 is out of bounds for axis 0 with size 28390
[bridge] ERROR: index 28394 is out of bounds for axis 0 with size 28390
[bridge] ERROR: index 28394 is out of bounds for axis 0 with size 28390
[bridge] ERROR: index 28394 is out of bounds for axis 0 with size 28390
[bridge] ERROR: index 28394 is out of bounds for axis 0 with size 28390
[bridge] ERROR: index 28394 is out of bounds for axis 0 with size 28390
[bridge] ERROR: index 28394 is out of bounds for axis 0 with size 28390
[bridge] ERROR: index 28394 is out of bounds for axis 0 with size 28390
[bridge] ERROR: index 28394 is out of bounds for axis 0 with size 28390
[bridge] ERROR: index 28394 is out of bounds for axis 0 with size 28390
[bridge] ERROR: index 28394 is out of bounds for axis 0 with size 28390
[bridge] ERROR: index 28394 is out of bounds for axis 0 with size 28390
[bridge] ERROR: index 28394 is out of bounds for axis 0 with size 28390
[bridge] ERROR: index 28394 is out of bounds for axis 0 with size 28390
[bridge] ERROR: index 28394 is out of bounds for axis 0 with size 28390
[bridge] ERROR: index 28394 is out of bounds for axis 0 with size 28390
[bridge] ERROR: index 28394 is out of bounds for axis 0 with size 28390
[bridge] ERROR: index 28394 is out of bounds for axis 0 with size 28390
[bridge] ERROR: index 28394 is out of bounds for axis 0 with size 28390
[bridge] ERROR: index 28394 is out of bounds for axis 0 with size 28390
[bridge] ERROR: index 28394 is out of bounds for axis 0 with size 28390
[bridge] ERROR: index 28394 is out of bounds for axis 0 with size 28390
[bridge] ERROR: index 28394 is out of bounds for axis 0 with size 28390
[bridge] ERROR: index 28394 is out of bounds for axis 0 with size 28390
[bridge] ERROR: index 28394 is out of bounds for axis 0 with size 28390
[bridge] ERROR: index 28394 is out of bounds for axis 0 with size 28390
[bridge] ERROR: index 28394 is out of bounds for axis 0 with size 28390
[bridge] ERROR: index 28394 is out of bounds for axis 0 with size 28390
[bridge] ERROR: index 28394 is out of bounds for axis 0 with size 28390
[bridge] ERROR: index 28394 is out of bounds for axis 0 with size 28390
[bridge] ERROR: index 28394 is out of bounds for axis 0 with size 28390
[bridge] ERROR: index 28394 is out of bounds for axis 0 with size 28390
[bridge] ERROR: index 28394 is out of bounds for axis 0 with size 28390
[bridge] ERROR: index 28394 is out of bounds for axis 0 with size 28390
[bridge] ERROR: index 28394 is out of bounds for axis 0 with size 28390
[bridge] ERROR: index 28394 is out of bounds for axis 0 with size 28390
[bridge] ERROR: index 28394 is out of bounds for axis 0 with size 28390
[bridge] ERROR: index 28394 is out of bounds for axis 0 with size 28390
[bridge] ERROR: index 28394 is out of bounds for axis 0 with size 28390
[bridge] ERROR: index 28394 is out of bounds for axis 0 with size 28390
[bridge] ERROR: index 28394 is out of bounds for axis 0 with size 28390
[bridge] ERROR: index 28394 is out of bounds for axis 0 with size 28390
[bridge] ERROR: index 28394 is out of bounds for axis 0 with size 28390
[bridge] ERROR: index 28394 is out of bounds for axis 0 with size 28390
[bridge] ERROR: index 28394 is out of bounds for axis 0 with size 28390
[bridge] ERROR: index 28394 is out of bounds for axis 0 with size 28390
[bridge] ERROR: index 28394 is out of bounds for axis 0 with size 28390
[bridge] ERROR: index 28394 is out of bounds for axis 0 with size 28390
[bridge] ERROR: index 28394 is out of bounds for axis 0 with size 28390
[bridge] ERROR: index 28394 is out of bounds for axis 0 with size 28390
[bridge] ERROR: index 28394 is out of bounds for axis 0 with size 28390
[bridge] ERROR: index 28394 is out of bounds for axis 0 with size 28390
[bridge] ERROR: index 28394 is out of bounds for axis 0 with size 28390
[bridge] ERROR: index 28394 is out of bounds for axis 0 with size 28390
[bridge] ERROR: index 28394 is out of bounds for axis 0 with size 28390
[bridge] ERROR: index 28394 is out of bounds for axis 0 with size 28390
[bridge] ERROR: index 28394 is out of bounds for axis 0 with size 28390
[bridge] ERROR: index 28394 is out of bounds for axis 0 with size 28390
[bridge] ERROR: index 28394 is out of bounds for axis 0 with size 28390
[bridge] ERROR: index 28394 is out of bounds for axis 0 with size 28390
[bridge] ERROR: index 28394 is out of bounds for axis 0 with size 28390
[bridge] ERROR: index 28394 is out of bounds for axis 0 with size 28390
[bridge] ERROR: index 28394 is out of bounds for axis 0 with size 28390
[bridge] ERROR: index 28394 is out of bounds for axis 0 with size 28390
[bridge] ERROR: index 28394 is out of bounds for axis 0 with size 28390
[bridge] ERROR: index 28394 is out of bounds for axis 0 with size 28390
[bridge] ERROR: index 28394 is out of bounds for axis 0 with size 28390
[bridge] ERROR: index 28394 is out of bounds for axis 0 with size 28390
[bridge] ERROR: index 28394 is out of bounds for axis 0 with size 28390
[bridge] ERROR: index 28394 is out of bounds for axis 0 with size 28390
[bridge] ERROR: index 28394 is out of bounds for axis 0 with size 28390
[bridge] ERROR: index 28394 is out of bounds for axis 0 with size 28390
[bridge] ERROR: index 28394 is out of bounds for axis 0 with size 28390
[bridge] ERROR: index 28394 is out of bounds for axis 0 with size 28390
[bridge] ERROR: index 28394 is out of bounds for axis 0 with size 28390
[bridge] ERROR: index 28394 is out of bounds for axis 0 with size 28390
[bridge] ERROR: index 28394 is out of bounds for axis 0 with size 28390
[bridge] ERROR: index 28394 is out of bounds for axis 0 with size 28390
[bridge] ERROR: index 28394 is out of bounds for axis 0 with size 28390
[bridge] ERROR: index 28394 is out of bounds for axis 0 with size 28390
[bridge] ERROR: index 28394 is out of bounds for axis 0 with size 28390
[bridge] ERROR: index 28394 is out of bounds for axis 0 with size 28390
[bridge] ERROR: index 28394 is out of bounds for axis 0 with size 28390
[bridge] ERROR: index 28394 is out of bounds for axis 0 with size 28390
[bridge] ERROR: index 28394 is out of bounds for axis 0 with size 28390
[bridge] ERROR: index 28394 is out of bounds for axis 0 with size 28390
[bridge] ERROR: index 28394 is out of bounds for axis 0 with size 28390
[bridge] ERROR: index 28394 is out of bounds for axis 0 with size 28390
[bridge] ERROR: index 28394 is out of bounds for axis 0 with size 28390
[bridge] ERROR: index 28394 is out of bounds for axis 0 with size 28390
[bridge] ERROR: index 28394 is out of bounds for axis 0 with size 28390
[bridge] ERROR: index 28394 is out of bounds for axis 0 with size 28390
[bridge] ERROR: index 28394 is out of bounds for axis 0 with size 28390
[bridge] ERROR: index 28394 is out of bounds for axis 0 with size 28390
[bridge] ERROR: index 28394 is out of bounds for axis 0 with size 28390
[bridge] ERROR: index 28394 is out of bounds for axis 0 with size 28390
[bridge] ERROR: index 28394 is out of bounds for axis 0 with size 28390
[bridge] ERROR: index 28394 is out of bounds for axis 0 with size 28390
[bridge] ERROR: index 28394 is out of bounds for axis 0 with size 28390
[bridge] ERROR: index 28394 is out of bounds for axis 0 with size 28390
[bridge] ERROR: index 28394 is out of bounds for axis 0 with size 28390
[bridge] ERROR: index 28394 is out of bounds for axis 0 with size 28390
[bridge] ERROR: index 28394 is out of bounds for axis 0 with size 28390
[bridge] ERROR: index 28394 is out of bounds for axis 0 with size 28390
[bridge] ERROR: index 28394 is out of bounds for axis 0 with size 28390
[bridge] ERROR: index 28394 is out of bounds for axis 0 with size 28390
[bridge] ERROR: index 28394 is out of bounds for axis 0 with size 28390
[bridge] ERROR: index 28394 is out of bounds for axis 0 with size 28390
[bridge] ERROR: index 28394 is out of bounds for axis 0 with size 28390
[bridge] ERROR: index 28394 is out of bounds for axis 0 with size 28390
[bridge] ERROR: index 28394 is out of bounds for axis 0 with size 28390
[bridge] ERROR: index 28394 is out of bounds for axis 0 with size 28390
[bridge] ERROR: index 28394 is out of bounds for axis 0 with size 28390
[bridge] ERROR: index 28394 is out of bounds for axis 0 with size 28390
[bridge] ERROR: index 28394 is out of bounds for axis 0 with size 28390
[bridge] ERROR: index 28394 is out of bounds for axis 0 with size 28390
[bridge] ERROR: index 28394 is out of bounds for axis 0 with size 28390
[bridge] ERROR: index 28394 is out of bounds for axis 0 with size 28390
[bridge] ERROR: index 28394 is out of bounds for axis 0 with size 28390
[bridge] ERROR: index 28394 is out of bounds for axis 0 with size 28390
[bridge] ERROR: index 28394 is out of bounds for axis 0 with size 28390
[bridge] ERROR: index 28394 is out of bounds for axis 0 with size 28390
[bridge] ERROR: index 28394 is out of bounds for axis 0 with size 28390
[bridge] ERROR: index 28394 is out of bounds for axis 0 with size 28390
[bridge] ERROR: index 28394 is out of bounds for axis 0 with size 28390
[bridge] ERROR: index 28394 is out of bounds for axis 0 with size 28390
[bridge] ERROR: index 28394 is out of bounds for axis 0 with size 28390
[bridge] ERROR: index 28394 is out of bounds for axis 0 with size 28390
[bridge] ERROR: index 28394 is out of bounds for axis 0 with size 28390
[bridge] ERROR: index 28394 is out of bounds for axis 0 with size 28390
[bridge] ERROR: index 28394 is out of bounds for axis 0 with size 28390
[bridge] ERROR: index 28394 is out of bounds for axis 0 with size 28390
[bridge] ERROR: index 28394 is out of bounds for axis 0 with size 28390
[bridge] ERROR: index 28394 is out of bounds for axis 0 with size 28390
[bridge] ERROR: index 28394 is out of bounds for axis 0 with size 28390
[bridge] ERROR: index 28394 is out of bounds for axis 0 with size 28390
[bridge] ERROR: index 28394 is out of bounds for axis 0 with size 28390
[bridge] ERROR: index 28394 is out of bounds for axis 0 with size 28390
[bridge] ERROR: index 28394 is out of bounds for axis 0 with size 28390
[bridge] ERROR: index 28394 is out of bounds for axis 0 with size 28390
[bridge] ERROR: index 28394 is out of bounds for axis 0 with size 28390
[bridge] ERROR: index 28394 is out of bounds for axis 0 with size 28390
[bridge] ERROR: index 28394 is out of bounds for axis 0 with size 28390
[bridge] ERROR: index 28394 is out of bounds for axis 0 with size 28390
[bridge] ERROR: index 28394 is out of bounds for axis 0 with size 28390
[bridge] ERROR: index 28394 is out of bounds for axis 0 with size 28390
[bridge] ERROR: index 28394 is out of bounds for axis 0 with size 28390
[bridge] ERROR: index 28394 is out of bounds for axis 0 with size 28390
[bridge] ERROR: index 28394 is out of bounds for axis 0 with size 28390
[bridge] ERROR: index 28394 is out of bounds for axis 0 with size 28390
[bridge] ERROR: index 28394 is out of bounds for axis 0 with size 28390
[bridge] ERROR: index 28394 is out of bounds for axis 0 with size 28390
[bridge] ERROR: index 28394 is out of bounds for axis 0 with size 28390
[bridge] ERROR: index 28394 is out of bounds for axis 0 with size 28390
[bridge] ERROR: index 28394 is out of bounds for axis 0 with size 28390
[bridge] ERROR: index 28394 is out of bounds for axis 0 with size 28390
[bridge] ERROR: index 28394 is out of bounds for axis 0 with size 28390
[bridge] ERROR: index 28394 is out of bounds for axis 0 with size 28390
[bridge] ERROR: index 28394 is out of bounds for axis 0 with size 28390
[bridge] ERROR: index 28394 is out of bounds for axis 0 with size 28390
[bridge] ERROR: index 28394 is out of bounds for axis 0 with size 28390
[bridge] ERROR: index 28394 is out of bounds for axis 0 with size 28390
[bridge] ERROR: index 28394 is out of bounds for axis 0 with size 28390
[bridge] ERROR: index 28394 is out of bounds for axis 0 with size 28390
[bridge] ERROR: index 28394 is out of bounds for axis 0 with size 28390
[bridge] ERROR: index 28394 is out of bounds for axis 0 with size 28390
[bridge] ERROR: index 28394 is out of bounds for axis 0 with size 28390
[bridge] ERROR: index 28394 is out of bounds for axis 0 with size 28390
[bridge] ERROR: index 28394 is out of bounds for axis 0 with size 28390
[bridge] ERROR: index 28394 is out of bounds for axis 0 with size 28390
[bridge] ERROR: index 28394 is out of bounds for axis 0 with size 28390
[bridge] ERROR: index 28394 is out of bounds for axis 0 with size 28390
[bridge] ERROR: index 28394 is out of bounds for axis 0 with size 28390
[bridge] ERROR: index 28394 is out of bounds for axis 0 with size 28390
[bridge] ERROR: index 28394 is out of bounds for axis 0 with size 28390
[bridge] ERROR: index 28394 is out of bounds for axis 0 with size 28390
[bridge] ERROR: index 28394 is out of bounds for axis 0 with size 28390
[bridge] ERROR: index 28394 is out of bounds for axis 0 with size 28390
[bridge] ERROR: index 28394 is out of bounds for axis 0 with size 28390
[bridge] ERROR: index 28394 is out of bounds for axis 0 with size 28390
[bridge] ERROR: index 28394 is out of bounds for axis 0 with size 28390
[bridge] ERROR: index 28394 is out of bounds for axis 0 with size 28390
[bridge] ERROR: index 28394 is out of bounds for axis 0 with size 28390
[bridge] ERROR: index 28394 is out of bounds for axis 0 with size 28390
[bridge] ERROR: index 28394 is out of bounds for axis 0 with size 28390
[bridge] ERROR: index 28394 is out of bounds for axis 0 with size 28390
[bridge] ERROR: index 28394 is out of bounds for axis 0 with size 28390
[bridge] ERROR: index 28394 is out of bounds for axis 0 with size 28390
[bridge] ERROR: index 28394 is out of bounds for axis 0 with size 28390
[bridge] ERROR: index 28394 is out of bounds for axis 0 with size 28390
[bridge] ERROR: index 28394 is out of bounds for axis 0 with size 28390
[bridge] ERROR: index 28394 is out of bounds for axis 0 with size 28390
[bridge] ERROR: index 28394 is out of bounds for axis 0 with size 28390
[bridge] ERROR: index 28394 is out of bounds for axis 0 with size 28390
[bridge] ERROR: index 28394 is out of bounds for axis 0 with size 28390
[bridge] ERROR: index 28394 is out of bounds for axis 0 with size 28390
[bridge] ERROR: index 28394 is out of bounds for axis 0 with size 28390
[bridge] ERROR: index 28394 is out of bounds for axis 0 with size 28390
[bridge] ERROR: index 28394 is out of bounds for axis 0 with size 28390
[bridge] ERROR: index 28394 is out of bounds for axis 0 with size 28390
[bridge] ERROR: index 28394 is out of bounds for axis 0 with size 28390
[bridge] ERROR: index 28394 is out of bounds for axis 0 with size 28390
[bridge] ERROR: index 28394 is out of bounds for axis 0 with size 28390
[bridge] ERROR: index 28394 is out of bounds for axis 0 with size 28390
[bridge] ERROR: index 28394 is out of bounds for axis 0 with size 28390
[bridge] ERROR: index 28394 is out of bounds for axis 0 with size 28390
[bridge] ERROR: index 28394 is out of bounds for axis 0 with size 28390
[bridge] ERROR: index 28394 is out of bounds for axis 0 with size 28390
[bridge] ERROR: index 28394 is out of bounds for axis 0 with size 28390
[bridge] ERROR: index 28394 is out of bounds for axis 0 with size 28390
[bridge] ERROR: index 28394 is out of bounds for axis 0 with size 28390
[bridge] ERROR: index 28394 is out of bounds for axis 0 with size 28390
[bridge] ERROR: index 28394 is out of bounds for axis 0 with size 28390
[bridge] ERROR: index 28394 is out of bounds for axis 0 with size 28390
[bridge] ERROR: index 28394 is out of bounds for axis 0 with size 28390
[bridge] ERROR: index 28394 is out of bounds for axis 0 with size 28390
[bridge] ERROR: index 28394 is out of bounds for axis 0 with size 28390
[bridge] ERROR: index 28394 is out of bounds for axis 0 with size 28390
[bridge] ERROR: index 28394 is out of bounds for axis 0 with size 28390
[bridge] ERROR: index 28394 is out of bounds for axis 0 with size 28390
[bridge] ERROR: index 28394 is out of bounds for axis 0 with size 28390
[bridge] ERROR: index 28394 is out of bounds for axis 0 with size 28390
[bridge] ERROR: index 28394 is out of bounds for axis 0 with size 28390
[bridge] ERROR: index 28394 is out of bounds for axis 0 with size 28390
[bridge] ERROR: index 28394 is out of bounds for axis 0 with size 28390
[bridge] ERROR: index 28394 is out of bounds for axis 0 with size 28390
[bridge] ERROR: index 28394 is out of bounds for axis 0 with size 28390
[bridge] ERROR: index 28394 is out of bounds for axis 0 with size 28390
[bridge] ERROR: index 28394 is out of bounds for axis 0 with size 28390
[bridge] ERROR: index 28394 is out of bounds for axis 0 with size 28390
[bridge] ERROR: index 28394 is out of bounds for axis 0 with size 28390
[bridge] ERROR: index 28394 is out of bounds for axis 0 with size 28390
[bridge] ERROR: index 28394 is out of bounds for axis 0 with size 28390
[bridge] ERROR: index 28394 is out of bounds for axis 0 with size 28390
[bridge] ERROR: index 28394 is out of bounds for axis 0 with size 28390
[bridge] ERROR: index 28394 is out of bounds for axis 0 with size 28390
[bridge] ERROR: index 28394 is out of bounds for axis 0 with size 28390
[bridge] ERROR: index 28394 is out of bounds for axis 0 with size 28390
[bridge] ERROR: index 28394 is out of bounds for axis 0 with size 28390
[bridge] ERROR: index 28394 is out of bounds for axis 0 with size 28390
[bridge] ERROR: index 28394 is out of bounds for axis 0 with size 28390
[bridge] ERROR: index 28394 is out of bounds for axis 0 with size 28390
[bridge] ERROR: index 28394 is out of bounds for axis 0 with size 28390
[bridge] ERROR: index 28394 is out of bounds for axis 0 with size 28390
[bridge] ERROR: index 28394 is out of bounds for axis 0 with size 28390
[bridge] ERROR: index 28394 is out of bounds for axis 0 with size 28390
[bridge] ERROR: index 28394 is out of bounds for axis 0 with size 28390
[bridge] ERROR: index 28394 is out of bounds for axis 0 with size 28390
[bridge] ERROR: index 28394 is out of bounds for axis 0 with size 28390
[bridge] ERROR: index 28394 is out of bounds for axis 0 with size 28390
[bridge] ERROR: index 28394 is out of bounds for axis 0 with size 28390
[bridge] ERROR: index 28394 is out of bounds for axis 0 with size 28390
[bridge] ERROR: index 28394 is out of bounds for axis 0 with size 28390
[bridge] ERROR: index 28394 is out of bounds for axis 0 with size 28390
[bridge] ERROR: index 28394 is out of bounds for axis 0 with size 28390
[bridge] ERROR: index 28394 is out of bounds for axis 0 with size 28390
[bridge] ERROR: index 28394 is out of bounds for axis 0 with size 28390
[bridge] ERROR: index 28394 is out of bounds for axis 0 with size 28390
[bridge] ERROR: index 28394 is out of bounds for axis 0 with size 28390
[bridge] ERROR: index 28394 is out of bounds for axis 0 with size 28390
[bridge] ERROR: index 28394 is out of bounds for axis 0 with size 28390
[bridge] ERROR: index 28394 is out of bounds for axis 0 with size 28390
[bridge] ERROR: index 28394 is out of bounds for axis 0 with size 28390
[bridge] ERROR: index 28394 is out of bounds for axis 0 with size 28390
[bridge] ERROR: index 28394 is out of bounds for axis 0 with size 28390
[bridge] ERROR: index 28394 is out of bounds for axis 0 with size 28390
[bridge] ERROR: index 28394 is out of bounds for axis 0 with size 28390
[bridge] ERROR: index 28394 is out of bounds for axis 0 with size 28390
[bridge] ERROR: index 28394 is out of bounds for axis 0 with size 28390
[bridge] ERROR: index 28394 is out of bounds for axis 0 with size 28390
[bridge] ERROR: index 28394 is out of bounds for axis 0 with size 28390
[bridge] ERROR: index 28394 is out of bounds for axis 0 with size 28390
[bridge] ERROR: index 28394 is out of bounds for axis 0 with size 28390
[bridge] ERROR: index 28394 is out of bounds for axis 0 with size 28390
[bridge] ERROR: index 28394 is out of bounds for axis 0 with size 28390
[bridge] ERROR: index 28394 is out of bounds for axis 0 with size 28390
[bridge] ERROR: index 28394 is out of bounds for axis 0 with size 28390
[bridge] ERROR: index 28394 is out of bounds for axis 0 with size 28390
[bridge] ERROR: index 28394 is out of bounds for axis 0 with size 28390
[bridge] ERROR: index 28394 is out of bounds for axis 0 with size 28390
[bridge] ERROR: index 28394 is out of bounds for axis 0 with size 28390
[bridge] ERROR: index 28394 is out of bounds for axis 0 with size 28390
[bridge] ERROR: index 28394 is out of bounds for axis 0 with size 28390
[bridge] ERROR: index 28394 is out of bounds for axis 0 with size 28390
[bridge] ERROR: index 28394 is out of bounds for axis 0 with size 28390
[bridge] ERROR: index 28394 is out of bounds for axis 0 with size 28390
[bridge] ERROR: index 28394 is out of bounds for axis 0 with size 28390
[bridge] ERROR: index 28394 is out of bounds for axis 0 with size 28390
[bridge] ERROR: index 28394 is out of bounds for axis 0 with size 28390
[bridge] ERROR: index 28394 is out of bounds for axis 0 with size 28390
[bridge] ERROR: index 28394 is out of bounds for axis 0 with size 28390
[bridge] ERROR: index 28394 is out of bounds for axis 0 with size 28390
[bridge] ERROR: index 28394 is out of bounds for axis 0 with size 28390
[bridge] ERROR: index 28394 is out of bounds for axis 0 with size 28390
[bridge] ERROR: index 28394 is out of bounds for axis 0 with size 28390
[bridge] ERROR: index 28394 is out of bounds for axis 0 with size 28390
[bridge] ERROR: index 28394 is out of bounds for axis 0 with size 28390
[bridge] ERROR: index 28394 is out of bounds for axis 0 with size 28390
[bridge] ERROR: index 28394 is out of bounds for axis 0 with size 28390
[bridge] ERROR: index 28394 is out of bounds for axis 0 with size 28390
[bridge] ERROR: index 28394 is out of bounds for axis 0 with size 28390
[bridge] ERROR: index 28394 is out of bounds for axis 0 with size 28390
[bridge] ERROR: index 28394 is out of bounds for axis 0 with size 28390
[bridge] ERROR: index 28394 is out of bounds for axis 0 with size 28390
[bridge] ERROR: index 28394 is out of bounds for axis 0 with size 28390
[bridge] ERROR: index 28394 is out of bounds for axis 0 with size 28390
[bridge] ERROR: index 28394 is out of bounds for axis 0 with size 28390
[bridge] ERROR: index 28394 is out of bounds for axis 0 with size 28390
[bridge] ERROR: index 28394 is out of bounds for axis 0 with size 28390
[bridge] ERROR: index 28394 is out of bounds for axis 0 with size 28390
[bridge] ERROR: index 28394 is out of bounds for axis 0 with size 28390
[bridge] ERROR: index 28394 is out of bounds for axis 0 with size 28390
[bridge] ERROR: index 28394 is out of bounds for axis 0 with size 28390
[bridge] ERROR: index 28394 is out of bounds for axis 0 with size 28390
[bridge] ERROR: index 28394 is out of bounds for axis 0 with size 28390
[bridge] ERROR: index 28394 is out of bounds for axis 0 with size 28390
[bridge] ERROR: index 28394 is out of bounds for axis 0 with size 28390
[bridge] ERROR: index 28394 is out of bounds for axis 0 with size 28390
[bridge] ERROR: index 28394 is out of bounds for axis 0 with size 28390
[bridge] ERROR: index 28394 is out of bounds for axis 0 with size 28390
[bridge] ERROR: index 28394 is out of bounds for axis 0 with size 28390
[bridge] ERROR: index 28394 is out of bounds for axis 0 with size 28390
[bridge] ERROR: index 28394 is out of bounds for axis 0 with size 28390
[bridge] ERROR: index 28394 is out of bounds for axis 0 with size 28390
[bridge] ERROR: index 28394 is out of bounds for axis 0 with size 28390
[bridge] ERROR: index 28394 is out of bounds for axis 0 with size 28390
[bridge] ERROR: index 28394 is out of bounds for axis 0 with size 28390
[bridge] ERROR: index 28394 is out of bounds for axis 0 with size 28390
[bridge] ERROR: index 28394 is out of bounds for axis 0 with size 28390
[bridge] ERROR: index 28394 is out of bounds for axis 0 with size 28390
[bridge] ERROR: index 28394 is out of bounds for axis 0 with size 28390
[bridge] ERROR: index 28394 is out of bounds for axis 0 with size 28390
[bridge] live monitor=http://127.0.0.1:8765
[bridge] dir=C:\Work\ThuyenRepo\EdgeMiner2\mt5\bridge model=tm_best_3m_64e3f742
[bridge] waiting for MT5 history: MT5 history is not ready
[bridge] bar=2026.07.23 12:00 action=FLAT reason=no_signal strat=Forge RR2 full 4L6S engulf+sweep #FDB8
[bridge] bar=2026.07.23 13:00 action=FLAT reason=no_signal strat=Forge RR2 full 4L6S engulf+sweep #FDB8
[bridge] live monitor=http://127.0.0.1:8765
[bridge] dir=C:\Work\ThuyenRepo\EdgeMiner2\mt5\bridge model=tm_best_3m_64e3f742
[bridge] history bars=19841
[bridge] bar=2026.07.23 13:00 action=FLAT reason=no_signal strat=Forge RR3 full 4L6S engulf+sweep #F7CD
[bridge] live monitor=http://127.0.0.1:8765
[bridge] dir=C:\Work\ThuyenRepo\EdgeMiner2\mt5\bridge model=tm_best_3m_64e3f742
[bridge] history bars=22090
[bridge] bar=2026.07.23 13:00 action=FLAT reason=legacy_data_source_blocked strat=None
[bridge] bar=2026.07.23 13:00 action=FLAT reason=no_signal strat=Forge RR3 hybrid 3L5S rsi+price #0425

--- start 2026-07-23T21:57:05+07:00 ---
[bridge] live monitor=http://127.0.0.1:8765
[bridge] dir=C:\Work\ThuyenRepo\EdgeMiner2\mt5\bridge model=tm_mt5_best_94ef551a
[bridge] history bars=22090
[bridge] bar=2026.07.23 13:00 action=FLAT reason=no_signal strat=Forge RR3 hybrid 3L4S price+ema #602D
[bridge] bar=2026.07.23 14:00 action=FLAT reason=no_signal strat=Forge RR3 hybrid 3L4S price+ema #602D
[bridge] live monitor=http://127.0.0.1:8765
[bridge] dir=C:\Work\ThuyenRepo\EdgeMiner2\mt5\bridge model=tm_mt5_best_94ef551a
[bridge] history bars=22091
[bridge] bar=2026.07.23 17:00 action=FLAT reason=no_signal strat=Forge RR3 hybrid 3L4S price+ema #602D
[bridge] live monitor=http://127.0.0.1:8765
[bridge] dir=C:\Work\ThuyenRepo\EdgeMiner2\mt5\bridge model=tm_mt5_best_94ef551a
[bridge] history bars=22091
[bridge] bar=2026.07.23 17:00 action=FLAT reason=no_signal strat=Forge RR3 hybrid 3L4S price+ema #602D
[bridge] bar=2026.07.23 18:00 action=FLAT reason=no_signal strat=Forge RR3 hybrid 3L4S price+ema #602D

--- start 2026-07-24T02:27:55+07:00 ---
[bridge] live monitor=http://127.0.0.1:8765
[bridge] dir=C:\Work\ThuyenRepo\EdgeMiner2\mt5\bridge model=tm_m15_best_2cd3edb1
[bridge] history bars=38649
[bridge] bar=2026.07.23 22:00 action=FLAT reason=no_signal strat=Forge RR2.5 full 2L5S bb+zscore #2580

--- start 2026-07-24T02:29:21+07:00 ---
[bridge] live monitor=http://127.0.0.1:8765
[bridge] dir=C:\Work\ThuyenRepo\EdgeMiner2\mt5\bridge model=tm_m15_best_2cd3edb1
[bridge] history bars=38649
[bridge] bar=2026.07.23 22:00 action=FLAT reason=no_signal strat=Forge RR2.5 full 2L5S bb+zscore #2580
[bridge] bar=2026.07.23 22:15 action=FLAT reason=no_signal strat=Forge RR2.5 full 2L5S bb+zscore #2580
[bridge] ERROR: index 38649 is out of bounds for axis 0 with size 38649
[bridge] ERROR: index 38649 is out of bounds for axis 0 with size 38649
[bridge] ERROR: index 38649 is out of bounds for axis 0 with size 38649
[bridge] ERROR: index 38649 is out of bounds for axis 0 with size 38649
[bridge] ERROR: index 38649 is out of bounds for axis 0 with size 38649
[bridge] ERROR: index 38649 is out of bounds for axis 0 with size 38649
[bridge] ERROR: index 38649 is out of bounds for axis 0 with size 38649
[bridge] ERROR: index 38649 is out of bounds for axis 0 with size 38649
[bridge] ERROR: index 38649 is out of bounds for axis 0 with size 38649
[bridge] ERROR: index 38649 is out of bounds for axis 0 with size 38649
[bridge] ERROR: index 38649 is out of bounds for axis 0 with size 38649
[bridge] ERROR: index 38649 is out of bounds for axis 0 with size 38649
[bridge] ERROR: index 38649 is out of bounds for axis 0 with size 38649
[bridge] ERROR: index 38649 is out of bounds for axis 0 with size 38649
[bridge] ERROR: index 38649 is out of bounds for axis 0 with size 38649
[bridge] ERROR: index 38649 is out of bounds for axis 0 with size 38649
[bridge] ERROR: index 38649 is out of bounds for axis 0 with size 38649
[bridge] ERROR: index 38649 is out of bounds for axis 0 with size 38649
[bridge] ERROR: index 38649 is out of bounds for axis 0 with size 38649
[bridge] ERROR: index 38649 is out of bounds for axis 0 with size 38649
[bridge] ERROR: index 38649 is out of bounds for axis 0 with size 38649
[bridge] ERROR: index 38649 is out of bounds for axis 0 with size 38649
[bridge] ERROR: index 38649 is out of bounds for axis 0 with size 38649
[bridge] ERROR: index 38649 is out of bounds for axis 0 with size 38649
[bridge] ERROR: index 38649 is out of bounds for axis 0 with size 38649
[bridge] ERROR: index 38649 is out of bounds for axis 0 with size 38649
[bridge] ERROR: index 38649 is out of bounds for axis 0 with size 38649
[bridge] ERROR: index 38649 is out of bounds for axis 0 with size 38649
[bridge] ERROR: index 38649 is out of bounds for axis 0 with size 38649
[bridge] ERROR: index 38649 is out of bounds for axis 0 with size 38649
[bridge] ERROR: index 38649 is out of bounds for axis 0 with size 38649
[bridge] ERROR: index 38649 is out of bounds for axis 0 with size 38649
[bridge] ERROR: index 38649 is out of bounds for axis 0 with size 38649
[bridge] ERROR: index 38649 is out of bounds for axis 0 with size 38649
[bridge] ERROR: index 38649 is out of bounds for axis 0 with size 38649
[bridge] ERROR: index 38649 is out of bounds for axis 0 with size 38649
[bridge] ERROR: index 38649 is out of bounds for axis 0 with size 38649
[bridge] ERROR: index 38649 is out of bounds for axis 0 with size 38649
[bridge] ERROR: index 38649 is out of bounds for axis 0 with size 38649
[bridge] ERROR: index 38649 is out of bounds for axis 0 with size 38649
[bridge] ERROR: index 38649 is out of bounds for axis 0 with size 38649
[bridge] ERROR: index 38649 is out of bounds for axis 0 with size 38649
[bridge] ERROR: index 38649 is out of bounds for axis 0 with size 38649
[bridge] ERROR: index 38649 is out of bounds for axis 0 with size 38649
[bridge] ERROR: index 38649 is out of bounds for axis 0 with size 38649
[bridge] ERROR: index 38649 is out of bounds for axis 0 with size 38649
[bridge] ERROR: index 38649 is out of bounds for axis 0 with size 38649
[bridge] ERROR: index 38649 is out of bounds for axis 0 with size 38649
[bridge] ERROR: index 38649 is out of bounds for axis 0 with size 38649
[bridge] ERROR: index 38649 is out of bounds for axis 0 with size 38649
[bridge] ERROR: index 38649 is out of bounds for axis 0 with size 38649
[bridge] ERROR: index 38649 is out of bounds for axis 0 with size 38649
[bridge] ERROR: index 38649 is out of bounds for axis 0 with size 38649
[bridge] ERROR: index 38649 is out of bounds for axis 0 with size 38649
[bridge] ERROR: index 38649 is out of bounds for axis 0 with size 38649
[bridge] ERROR: index 38649 is out of bounds for axis 0 with size 38649
[bridge] ERROR: index 38649 is out of bounds for axis 0 with size 38649
[bridge] ERROR: index 38649 is out of bounds for axis 0 with size 38649
[bridge] ERROR: index 38649 is out of bounds for axis 0 with size 38649
[bridge] ERROR: index 38649 is out of bounds for axis 0 with size 38649
[bridge] ERROR: index 38649 is out of bounds for axis 0 with size 38649
[bridge] ERROR: index 38649 is out of bounds for axis 0 with size 38649
[bridge] ERROR: index 38649 is out of bounds for axis 0 with size 38649
[bridge] bar=2026.07.23 22:30 action=FLAT reason=no_signal strat=Forge RR2.5 full 2L5S bb+zscore #065E
[bridge] bar=2026.07.23 22:45 action=FLAT reason=no_signal strat=Forge RR2.5 full 2L5S bb+zscore #065E
[bridge] ERROR: index 38651 is out of bounds for axis 0 with size 38651
[bridge] ERROR: index 38651 is out of bounds for axis 0 with size 38651
[bridge] ERROR: index 38651 is out of bounds for axis 0 with size 38651
[bridge] ERROR: index 38651 is out of bounds for axis 0 with size 38651
[bridge] ERROR: index 38651 is out of bounds for axis 0 with size 38651
[bridge] ERROR: index 38651 is out of bounds for axis 0 with size 38651
[bridge] ERROR: index 38651 is out of bounds for axis 0 with size 38651
[bridge] ERROR: index 38651 is out of bounds for axis 0 with size 38651
[bridge] ERROR: index 38651 is out of bounds for axis 0 with size 38651
[bridge] ERROR: index 38651 is out of bounds for axis 0 with size 38651
[bridge] ERROR: index 38651 is out of bounds for axis 0 with size 38651
[bridge] ERROR: index 38651 is out of bounds for axis 0 with size 38651
[bridge] ERROR: index 38651 is out of bounds for axis 0 with size 38651
[bridge] ERROR: index 38651 is out of bounds for axis 0 with size 38651
[bridge] ERROR: index 38651 is out of bounds for axis 0 with size 38651
[bridge] ERROR: index 38651 is out of bounds for axis 0 with size 38651
[bridge] ERROR: index 38651 is out of bounds for axis 0 with size 38651
[bridge] ERROR: index 38651 is out of bounds for axis 0 with size 38651
[bridge] ERROR: index 38651 is out of bounds for axis 0 with size 38651
[bridge] ERROR: index 38651 is out of bounds for axis 0 with size 38651
[bridge] ERROR: index 38651 is out of bounds for axis 0 with size 38651
[bridge] ERROR: index 38651 is out of bounds for axis 0 with size 38651
[bridge] ERROR: index 38651 is out of bounds for axis 0 with size 38651
[bridge] ERROR: index 38651 is out of bounds for axis 0 with size 38651
[bridge] ERROR: index 38651 is out of bounds for axis 0 with size 38651
[bridge] ERROR: index 38651 is out of bounds for axis 0 with size 38651
[bridge] ERROR: index 38651 is out of bounds for axis 0 with size 38651
[bridge] ERROR: index 38651 is out of bounds for axis 0 with size 38651
[bridge] ERROR: index 38651 is out of bounds for axis 0 with size 38651
[bridge] ERROR: index 38651 is out of bounds for axis 0 with size 38651
[bridge] ERROR: index 38651 is out of bounds for axis 0 with size 38651
[bridge] ERROR: index 38651 is out of bounds for axis 0 with size 38651
[bridge] ERROR: index 38651 is out of bounds for axis 0 with size 38651
[bridge] ERROR: index 38651 is out of bounds for axis 0 with size 38651
[bridge] ERROR: index 38651 is out of bounds for axis 0 with size 38651
[bridge] ERROR: index 38651 is out of bounds for axis 0 with size 38651
[bridge] ERROR: index 38651 is out of bounds for axis 0 with size 38651
[bridge] ERROR: index 38651 is out of bounds for axis 0 with size 38651
[bridge] ERROR: index 38651 is out of bounds for axis 0 with size 38651
[bridge] ERROR: index 38651 is out of bounds for axis 0 with size 38651
[bridge] ERROR: index 38651 is out of bounds for axis 0 with size 38651
[bridge] ERROR: index 38651 is out of bounds for axis 0 with size 38651
[bridge] ERROR: index 38651 is out of bounds for axis 0 with size 38651
[bridge] ERROR: index 38651 is out of bounds for axis 0 with size 38651
[bridge] ERROR: index 38651 is out of bounds for axis 0 with size 38651
[bridge] ERROR: index 38651 is out of bounds for axis 0 with size 38651
[bridge] ERROR: index 38651 is out of bounds for axis 0 with size 38651
[bridge] ERROR: index 38651 is out of bounds for axis 0 with size 38651
[bridge] ERROR: index 38651 is out of bounds for axis 0 with size 38651
[bridge] ERROR: index 38651 is out of bounds for axis 0 with size 38651
[bridge] ERROR: index 38651 is out of bounds for axis 0 with size 38651
[bridge] ERROR: index 38651 is out of bounds for axis 0 with size 38651
[bridge] ERROR: index 38651 is out of bounds for axis 0 with size 38651
[bridge] ERROR: index 38651 is out of bounds for axis 0 with size 38651
[bridge] ERROR: index 38651 is out of bounds for axis 0 with size 38651
[bridge] ERROR: index 38651 is out of bounds for axis 0 with size 38651
[bridge] ERROR: index 38651 is out of bounds for axis 0 with size 38651
[bridge] ERROR: index 38651 is out of bounds for axis 0 with size 38651
[bridge] ERROR: index 38651 is out of bounds for axis 0 with size 38651
[bridge] ERROR: index 38651 is out of bounds for axis 0 with size 38651
[bridge] ERROR: index 38651 is out of bounds for axis 0 with size 38651
[bridge] ERROR: index 38651 is out of bounds for axis 0 with size 38651
[bridge] ERROR: index 38651 is out of bounds for axis 0 with size 38651
[bridge] ERROR: index 38651 is out of bounds for axis 0 with size 38651
[bridge] ERROR: index 38651 is out of bounds for axis 0 with size 38651
[bridge] ERROR: index 38651 is out of bounds for axis 0 with size 38651
[bridge] ERROR: index 38651 is out of bounds for axis 0 with size 38651
[bridge] ERROR: index 38651 is out of bounds for axis 0 with size 38651
[bridge] ERROR: index 38651 is out of bounds for axis 0 with size 38651
[bridge] ERROR: index 38651 is out of bounds for axis 0 with size 38651
[bridge] ERROR: index 38651 is out of bounds for axis 0 with size 38651
[bridge] ERROR: index 38651 is out of bounds for axis 0 with size 38651
[bridge] ERROR: index 38651 is out of bounds for axis 0 with size 38651
[bridge] ERROR: index 38651 is out of bounds for axis 0 with size 38651
[bridge] ERROR: index 38651 is out of bounds for axis 0 with size 38651
[bridge] ERROR: index 38651 is out of bounds for axis 0 with size 38651
[bridge] ERROR: index 38651 is out of bounds for axis 0 with size 38651
[bridge] ERROR: index 38651 is out of bounds for axis 0 with size 38651
[bridge] ERROR: index 38651 is out of bounds for axis 0 with size 38651
[bridge] ERROR: index 38651 is out of bounds for axis 0 with size 38651
[bridge] ERROR: index 38651 is out of bounds for axis 0 with size 38651
[bridge] ERROR: index 38651 is out of bounds for axis 0 with size 38651
[bridge] ERROR: index 38651 is out of bounds for axis 0 with size 38651
[bridge] ERROR: index 38651 is out of bounds for axis 0 with size 38651
[bridge] ERROR: index 38651 is out of bounds for axis 0 with size 38651
[bridge] ERROR: index 38651 is out of bounds for axis 0 with size 38651
[bridge] ERROR: index 38651 is out of bounds for axis 0 with size 38651
[bridge] ERROR: index 38651 is out of bounds for axis 0 with size 38651
[bridge] ERROR: index 38651 is out of bounds for axis 0 with size 38651
[bridge] ERROR: index 38651 is out of bounds for axis 0 with size 38651
[bridge] ERROR: index 38651 is out of bounds for axis 0 with size 38651
[bridge] ERROR: index 38651 is out of bounds for axis 0 with size 38651
[bridge] ERROR: index 38651 is out of bounds for axis 0 with size 38651
[bridge] ERROR: index 38651 is out of bounds for axis 0 with size 38651
[bridge] ERROR: index 38651 is out of bounds for axis 0 with size 38651
[bridge] ERROR: index 38651 is out of bounds for axis 0 with size 38651
[bridge] ERROR: index 38651 is out of bounds for axis 0 with size 38651
[bridge] ERROR: index 38651 is out of bounds for axis 0 with size 38651
[bridge] ERROR: index 38651 is out of bounds for axis 0 with size 38651
[bridge] ERROR: index 38651 is out of bounds for axis 0 with size 38651
[bridge] ERROR: index 38651 is out of bounds for axis 0 with size 38651
[bridge] ERROR: index 38651 is out of bounds for axis 0 with size 38651
[bridge] ERROR: index 38651 is out of bounds for axis 0 with size 38651
[bridge] ERROR: index 38651 is out of bounds for axis 0 with size 38651
[bridge] ERROR: index 38651 is out of bounds for axis 0 with size 38651
[bridge] ERROR: index 38651 is out of bounds for axis 0 with size 38651
[bridge] ERROR: index 38651 is out of bounds for axis 0 with size 38651
[bridge] ERROR: index 38651 is out of bounds for axis 0 with size 38651
[bridge] ERROR: index 38651 is out of bounds for axis 0 with size 38651
[bridge] ERROR: index 38651 is out of bounds for axis 0 with size 38651
[bridge] ERROR: index 38651 is out of bounds for axis 0 with size 38651
[bridge] ERROR: index 38651 is out of bounds for axis 0 with size 38651
[bridge] ERROR: index 38651 is out of bounds for axis 0 with size 38651
[bridge] ERROR: index 38651 is out of bounds for axis 0 with size 38651
[bridge] ERROR: index 38651 is out of bounds for axis 0 with size 38651
[bridge] ERROR: index 38651 is out of bounds for axis 0 with size 38651
[bridge] ERROR: index 38651 is out of bounds for axis 0 with size 38651
[bridge] ERROR: index 38651 is out of bounds for axis 0 with size 38651
[bridge] ERROR: index 38651 is out of bounds for axis 0 with size 38651
[bridge] ERROR: index 38651 is out of bounds for axis 0 with size 38651
[bridge] ERROR: index 38651 is out of bounds for axis 0 with size 38651
[bridge] ERROR: index 38651 is out of bounds for axis 0 with size 38651
[bridge] ERROR: index 38651 is out of bounds for axis 0 with size 38651
[bridge] ERROR: index 38651 is out of bounds for axis 0 with size 38651
[bridge] ERROR: index 38651 is out of bounds for axis 0 with size 38651
[bridge] ERROR: index 38651 is out of bounds for axis 0 with size 38651
[bridge] ERROR: index 38651 is out of bounds for axis 0 with size 38651
[bridge] ERROR: index 38651 is out of bounds for axis 0 with size 38651
[bridge] ERROR: index 38651 is out of bounds for axis 0 with size 38651
[bridge] ERROR: index 38651 is out of bounds for axis 0 with size 38651
[bridge] ERROR: index 38651 is out of bounds for axis 0 with size 38651
[bridge] ERROR: index 38651 is out of bounds for axis 0 with size 38651
[bridge] ERROR: index 38651 is out of bounds for axis 0 with size 38651
[bridge] ERROR: index 38651 is out of bounds for axis 0 with size 38651
[bridge] ERROR: index 38651 is out of bounds for axis 0 with size 38651
[bridge] ERROR: index 38651 is out of bounds for axis 0 with size 38651
[bridge] ERROR: index 38651 is out of bounds for axis 0 with size 38651
[bridge] ERROR: index 38651 is out of bounds for axis 0 with size 38651
[bridge] ERROR: index 38651 is out of bounds for axis 0 with size 38651
[bridge] ERROR: index 38651 is out of bounds for axis 0 with size 38651
[bridge] ERROR: index 38651 is out of bounds for axis 0 with size 38651
[bridge] ERROR: index 38651 is out of bounds for axis 0 with size 38651
[bridge] ERROR: index 38651 is out of bounds for axis 0 with size 38651
[bridge] ERROR: index 38651 is out of bounds for axis 0 with size 38651
[bridge] ERROR: index 38651 is out of bounds for axis 0 with size 38651
[bridge] ERROR: index 38651 is out of bounds for axis 0 with size 38651
[bridge] ERROR: index 38651 is out of bounds for axis 0 with size 38651
[bridge] ERROR: index 38651 is out of bounds for axis 0 with size 38651
[bridge] ERROR: index 38651 is out of bounds for axis 0 with size 38651
[bridge] ERROR: index 38651 is out of bounds for axis 0 with size 38651
[bridge] ERROR: index 38651 is out of bounds for axis 0 with size 38651
[bridge] ERROR: index 38651 is out of bounds for axis 0 with size 38651
[bridge] ERROR: index 38651 is out of bounds for axis 0 with size 38651
[bridge] ERROR: index 38651 is out of bounds for axis 0 with size 38651
[bridge] ERROR: index 38651 is out of bounds for axis 0 with size 38651
[bridge] ERROR: index 38651 is out of bounds for axis 0 with size 38651
[bridge] ERROR: index 38651 is out of bounds for axis 0 with size 38651
[bridge] ERROR: index 38651 is out of bounds for axis 0 with size 38651
[bridge] ERROR: index 38651 is out of bounds for axis 0 with size 38651
[bridge] ERROR: index 38651 is out of bounds for axis 0 with size 38651
[bridge] ERROR: index 38651 is out of bounds for axis 0 with size 38651
[bridge] ERROR: index 38651 is out of bounds for axis 0 with size 38651
[bridge] ERROR: index 38651 is out of bounds for axis 0 with size 38651
[bridge] ERROR: index 38651 is out of bounds for axis 0 with size 38651
[bridge] ERROR: index 38651 is out of bounds for axis 0 with size 38651
[bridge] ERROR: index 38651 is out of bounds for axis 0 with size 38651
[bridge] ERROR: index 38651 is out of bounds for axis 0 with size 38651
[bridge] ERROR: index 38651 is out of bounds for axis 0 with size 38651
[bridge] ERROR: index 38651 is out of bounds for axis 0 with size 38651
[bridge] ERROR: index 38651 is out of bounds for axis 0 with size 38651
[bridge] ERROR: index 38651 is out of bounds for axis 0 with size 38651
[bridge] ERROR: index 38651 is out of bounds for axis 0 with size 38651
[bridge] ERROR: index 38651 is out of bounds for axis 0 with size 38651
[bridge] ERROR: index 38651 is out of bounds for axis 0 with size 38651
[bridge] ERROR: index 38651 is out of bounds for axis 0 with size 38651
[bridge] ERROR: index 38651 is out of bounds for axis 0 with size 38651
[bridge] ERROR: index 38651 is out of bounds for axis 0 with size 38651
[bridge] ERROR: index 38651 is out of bounds for axis 0 with size 38651
[bridge] ERROR: index 38651 is out of bounds for axis 0 with size 38651
[bridge] ERROR: index 38651 is out of bounds for axis 0 with size 38651
[bridge] ERROR: index 38651 is out of bounds for axis 0 with size 38651
[bridge] ERROR: index 38651 is out of bounds for axis 0 with size 38651
[bridge] ERROR: index 38651 is out of bounds for axis 0 with size 38651
[bridge] ERROR: index 38651 is out of bounds for axis 0 with size 38651
[bridge] ERROR: index 38651 is out of bounds for axis 0 with size 38651
[bridge] ERROR: index 38651 is out of bounds for axis 0 with size 38651
[bridge] ERROR: index 38651 is out of bounds for axis 0 with size 38651
[bridge] ERROR: index 38651 is out of bounds for axis 0 with size 38651
[bridge] ERROR: index 38651 is out of bounds for axis 0 with size 38651
[bridge] ERROR: index 38651 is out of bounds for axis 0 with size 38651
[bridge] ERROR: index 38651 is out of bounds for axis 0 with size 38651
[bridge] ERROR: index 38651 is out of bounds for axis 0 with size 38651
[bridge] ERROR: index 38651 is out of bounds for axis 0 with size 38651
[bridge] ERROR: index 38651 is out of bounds for axis 0 with size 38651
[bridge] ERROR: index 38651 is out of bounds for axis 0 with size 38651
[bridge] ERROR: index 38651 is out of bounds for axis 0 with size 38651
[bridge] ERROR: index 38651 is out of bounds for axis 0 with size 38651
[bridge] ERROR: index 38651 is out of bounds for axis 0 with size 38651
[bridge] ERROR: index 38651 is out of bounds for axis 0 with size 38651
[bridge] ERROR: index 38651 is out of bounds for axis 0 with size 38651
[bridge] ERROR: index 38651 is out of bounds for axis 0 with size 38651
[bridge] ERROR: index 38651 is out of bounds for axis 0 with size 38651
[bridge] ERROR: index 38651 is out of bounds for axis 0 with size 38651
[bridge] ERROR: index 38651 is out of bounds for axis 0 with size 38651
[bridge] ERROR: index 38651 is out of bounds for axis 0 with size 38651
[bridge] ERROR: index 38651 is out of bounds for axis 0 with size 38651
[bridge] ERROR: index 38651 is out of bounds for axis 0 with size 38651
[bridge] ERROR: index 38651 is out of bounds for axis 0 with size 38651
[bridge] ERROR: index 38651 is out of bounds for axis 0 with size 38651
[bridge] ERROR: index 38651 is out of bounds for axis 0 with size 38651
[bridge] ERROR: index 38651 is out of bounds for axis 0 with size 38651
[bridge] ERROR: index 38651 is out of bounds for axis 0 with size 38651
[bridge] ERROR: index 38651 is out of bounds for axis 0 with size 38651
[bridge] ERROR: index 38651 is out of bounds for axis 0 with size 38651
[bridge] ERROR: index 38651 is out of bounds for axis 0 with size 38651
[bridge] ERROR: index 38651 is out of bounds for axis 0 with size 38651
[bridge] ERROR: index 38651 is out of bounds for axis 0 with size 38651
[bridge] ERROR: index 38651 is out of bounds for axis 0 with size 38651
[bridge] ERROR: index 38651 is out of bounds for axis 0 with size 38651
[bridge] ERROR: index 38651 is out of bounds for axis 0 with size 38651
[bridge] ERROR: index 38651 is out of bounds for axis 0 with size 38651
[bridge] ERROR: index 38651 is out of bounds for axis 0 with size 38651
[bridge] ERROR: index 38651 is out of bounds for axis 0 with size 38651
[bridge] ERROR: index 38651 is out of bounds for axis 0 with size 38651
[bridge] ERROR: index 38651 is out of bounds for axis 0 with size 38651
[bridge] ERROR: index 38651 is out of bounds for axis 0 with size 38651
[bridge] ERROR: index 38651 is out of bounds for axis 0 with size 38651
[bridge] ERROR: index 38651 is out of bounds for axis 0 with size 38651
[bridge] ERROR: index 38651 is out of bounds for axis 0 with size 38651
[bridge] ERROR: index 38651 is out of bounds for axis 0 with size 38651
[bridge] ERROR: index 38651 is out of bounds for axis 0 with size 38651
[bridge] ERROR: index 38651 is out of bounds for axis 0 with size 38651
[bridge] ERROR: index 38651 is out of bounds for axis 0 with size 38651
[bridge] ERROR: index 38651 is out of bounds for axis 0 with size 38651
[bridge] ERROR: index 38651 is out of bounds for axis 0 with size 38651
[bridge] ERROR: index 38651 is out of bounds for axis 0 with size 38651
[bridge] ERROR: index 38651 is out of bounds for axis 0 with size 38651
[bridge] ERROR: index 38651 is out of bounds for axis 0 with size 38651
[bridge] ERROR: index 38651 is out of bounds for axis 0 with size 38651
[bridge] ERROR: index 38651 is out of bounds for axis 0 with size 38651
[bridge] ERROR: index 38651 is out of bounds for axis 0 with size 38651
[bridge] ERROR: index 38651 is out of bounds for axis 0 with size 38651
[bridge] ERROR: index 38651 is out of bounds for axis 0 with size 38651
[bridge] ERROR: index 38651 is out of bounds for axis 0 with size 38651
[bridge] ERROR: index 38651 is out of bounds for axis 0 with size 38651
[bridge] ERROR: index 38651 is out of bounds for axis 0 with size 38651
[bridge] ERROR: index 38651 is out of bounds for axis 0 with size 38651
[bridge] ERROR: index 38651 is out of bounds for axis 0 with size 38651
[bridge] ERROR: index 38651 is out of bounds for axis 0 with size 38651
[bridge] ERROR: index 38651 is out of bounds for axis 0 with size 38651
[bridge] ERROR: index 38651 is out of bounds for axis 0 with size 38651
[bridge] ERROR: index 38651 is out of bounds for axis 0 with size 38651
[bridge] ERROR: index 38651 is out of bounds for axis 0 with size 38651
[bridge] ERROR: index 38651 is out of bounds for axis 0 with size 38651
[bridge] ERROR: index 38651 is out of bounds for axis 0 with size 38651
[bridge] ERROR: index 38651 is out of bounds for axis 0 with size 38651
[bridge] ERROR: index 38651 is out of bounds for axis 0 with size 38651
[bridge] ERROR: index 38651 is out of bounds for axis 0 with size 38651
[bridge] ERROR: index 38651 is out of bounds for axis 0 with size 38651
[bridge] ERROR: index 38651 is out of bounds for axis 0 with size 38651
[bridge] ERROR: index 38651 is out of bounds for axis 0 with size 38651
[bridge] ERROR: index 38651 is out of bounds for axis 0 with size 38651
[bridge] ERROR: index 38651 is out of bounds for axis 0 with size 38651
[bridge] ERROR: index 38651 is out of bounds for axis 0 with size 38651
[bridge] ERROR: index 38651 is out of bounds for axis 0 with size 38651
[bridge] ERROR: index 38651 is out of bounds for axis 0 with size 38651
[bridge] ERROR: index 38651 is out of bounds for axis 0 with size 38651
[bridge] ERROR: index 38651 is out of bounds for axis 0 with size 38651
[bridge] ERROR: index 38651 is out of bounds for axis 0 with size 38651
[bridge] ERROR: index 38651 is out of bounds for axis 0 with size 38651
[bridge] ERROR: index 38651 is out of bounds for axis 0 with size 38651
[bridge] ERROR: index 38651 is out of bounds for axis 0 with size 38651
[bridge] ERROR: index 38651 is out of bounds for axis 0 with size 38651
[bridge] ERROR: index 38651 is out of bounds for axis 0 with size 38651
[bridge] ERROR: index 38651 is out of bounds for axis 0 with size 38651
[bridge] ERROR: index 38651 is out of bounds for axis 0 with size 38651
[bridge] ERROR: index 38651 is out of bounds for axis 0 with size 38651
[bridge] ERROR: index 38651 is out of bounds for axis 0 with size 38651
[bridge] ERROR: index 38651 is out of bounds for axis 0 with size 38651
[bridge] ERROR: index 38651 is out of bounds for axis 0 with size 38651
[bridge] ERROR: index 38651 is out of bounds for axis 0 with size 38651
[bridge] ERROR: index 38651 is out of bounds for axis 0 with size 38651
[bridge] ERROR: index 38651 is out of bounds for axis 0 with size 38651
[bridge] ERROR: index 38651 is out of bounds for axis 0 with size 38651
[bridge] ERROR: index 38651 is out of bounds for axis 0 with size 38651
[bridge] ERROR: index 38651 is out of bounds for axis 0 with size 38651
[bridge] ERROR: index 38651 is out of bounds for axis 0 with size 38651
[bridge] ERROR: index 38651 is out of bounds for axis 0 with size 38651
[bridge] ERROR: index 38651 is out of bounds for axis 0 with size 38651
[bridge] ERROR: index 38651 is out of bounds for axis 0 with size 38651
[bridge] ERROR: index 38651 is out of bounds for axis 0 with size 38651
[bridge] ERROR: index 38651 is out of bounds for axis 0 with size 38651
[bridge] ERROR: index 38651 is out of bounds for axis 0 with size 38651
[bridge] ERROR: index 38651 is out of bounds for axis 0 with size 38651
[bridge] ERROR: index 38651 is out of bounds for axis 0 with size 38651
[bridge] ERROR: index 38651 is out of bounds for axis 0 with size 38651
[bridge] ERROR: index 38651 is out of bounds for axis 0 with size 38651
[bridge] ERROR: index 38651 is out of bounds for axis 0 with size 38651
[bridge] ERROR: index 38651 is out of bounds for axis 0 with size 38651
[bridge] ERROR: index 38651 is out of bounds for axis 0 with size 38651
[bridge] ERROR: index 38651 is out of bounds for axis 0 with size 38651
[bridge] ERROR: index 38651 is out of bounds for axis 0 with size 38651
[bridge] ERROR: index 38651 is out of bounds for axis 0 with size 38651
[bridge] ERROR: index 38651 is out of bounds for axis 0 with size 38651
[bridge] ERROR: index 38651 is out of bounds for axis 0 with size 38651
[bridge] ERROR: index 38651 is out of bounds for axis 0 with size 38651
[bridge] ERROR: index 38651 is out of bounds for axis 0 with size 38651
[bridge] ERROR: index 38651 is out of bounds for axis 0 with size 38651
[bridge] ERROR: index 38651 is out of bounds for axis 0 with size 38651
[bridge] ERROR: index 38651 is out of bounds for axis 0 with size 38651
[bridge] ERROR: index 38651 is out of bounds for axis 0 with size 38651
[bridge] ERROR: index 38651 is out of bounds for axis 0 with size 38651
[bridge] ERROR: index 38651 is out of bounds for axis 0 with size 38651
[bridge] ERROR: index 38651 is out of bounds for axis 0 with size 38651
[bridge] ERROR: index 38651 is out of bounds for axis 0 with size 38651
[bridge] ERROR: index 38651 is out of bounds for axis 0 with size 38651
[bridge] ERROR: index 38651 is out of bounds for axis 0 with size 38651
[bridge] ERROR: index 38651 is out of bounds for axis 0 with size 38651
[bridge] ERROR: index 38651 is out of bounds for axis 0 with size 38651
[bridge] ERROR: index 38651 is out of bounds for axis 0 with size 38651
[bridge] ERROR: index 38651 is out of bounds for axis 0 with size 38651
[bridge] ERROR: index 38651 is out of bounds for axis 0 with size 38651
[bridge] ERROR: index 38651 is out of bounds for axis 0 with size 38651
[bridge] ERROR: index 38651 is out of bounds for axis 0 with size 38651
[bridge] ERROR: index 38651 is out of bounds for axis 0 with size 38651
[bridge] ERROR: index 38651 is out of bounds for axis 0 with size 38651
[bridge] ERROR: index 38651 is out of bounds for axis 0 with size 38651
[bridge] ERROR: index 38651 is out of bounds for axis 0 with size 38651
[bridge] ERROR: index 38651 is out of bounds for axis 0 with size 38651
[bridge] ERROR: index 38651 is out of bounds for axis 0 with size 38651
[bridge] ERROR: index 38651 is out of bounds for axis 0 with size 38651
[bridge] ERROR: index 38651 is out of bounds for axis 0 with size 38651
[bridge] ERROR: index 38651 is out of bounds for axis 0 with size 38651
[bridge] ERROR: index 38651 is out of bounds for axis 0 with size 38651
[bridge] ERROR: index 38651 is out of bounds for axis 0 with size 38651
[bridge] ERROR: index 38651 is out of bounds for axis 0 with size 38651
[bridge] ERROR: index 38651 is out of bounds for axis 0 with size 38651
[bridge] ERROR: index 38651 is out of bounds for axis 0 with size 38651
[bridge] ERROR: index 38651 is out of bounds for axis 0 with size 38651
[bridge] ERROR: index 38651 is out of bounds for axis 0 with size 38651
[bridge] ERROR: index 38651 is out of bounds for axis 0 with size 38651
[bridge] ERROR: index 38651 is out of bounds for axis 0 with size 38651
[bridge] ERROR: index 38651 is out of bounds for axis 0 with size 38651
[bridge] ERROR: index 38651 is out of bounds for axis 0 with size 38651
[bridge] ERROR: index 38651 is out of bounds for axis 0 with size 38651
[bridge] ERROR: index 38651 is out of bounds for axis 0 with size 38651
[bridge] ERROR: index 38651 is out of bounds for axis 0 with size 38651
[bridge] ERROR: index 38651 is out of bounds for axis 0 with size 38651
[bridge] ERROR: index 38651 is out of bounds for axis 0 with size 38651
[bridge] ERROR: index 38651 is out of bounds for axis 0 with size 38651
[bridge] ERROR: index 38651 is out of bounds for axis 0 with size 38651
[bridge] ERROR: index 38651 is out of bounds for axis 0 with size 38651
[bridge] ERROR: index 38651 is out of bounds for axis 0 with size 38651
[bridge] ERROR: index 38651 is out of bounds for axis 0 with size 38651
[bridge] ERROR: index 38651 is out of bounds for axis 0 with size 38651
[bridge] ERROR: index 38651 is out of bounds for axis 0 with size 38651
[bridge] ERROR: index 38651 is out of bounds for axis 0 with size 38651
[bridge] ERROR: index 38651 is out of bounds for axis 0 with size 38651
[bridge] ERROR: index 38651 is out of bounds for axis 0 with size 38651
[bridge] ERROR: index 38651 is out of bounds for axis 0 with size 38651
[bridge] ERROR: index 38651 is out of bounds for axis 0 with size 38651
[bridge] ERROR: index 38651 is out of bounds for axis 0 with size 38651
[bridge] ERROR: index 38651 is out of bounds for axis 0 with size 38651
[bridge] ERROR: index 38651 is out of bounds for axis 0 with size 38651
[bridge] ERROR: index 38651 is out of bounds for axis 0 with size 38651
[bridge] ERROR: index 38651 is out of bounds for axis 0 with size 38651
[bridge] ERROR: index 38651 is out of bounds for axis 0 with size 38651
[bridge] ERROR: index 38651 is out of bounds for axis 0 with size 38651
[bridge] ERROR: index 38651 is out of bounds for axis 0 with size 38651
[bridge] ERROR: index 38651 is out of bounds for axis 0 with size 38651
[bridge] ERROR: index 38651 is out of bounds for axis 0 with size 38651
[bridge] ERROR: index 38651 is out of bounds for axis 0 with size 38651
[bridge] ERROR: index 38651 is out of bounds for axis 0 with size 38651
[bridge] ERROR: index 38651 is out of bounds for axis 0 with size 38651
[bridge] ERROR: index 38651 is out of bounds for axis 0 with size 38651
[bridge] ERROR: index 38651 is out of bounds for axis 0 with size 38651
[bridge] ERROR: index 38651 is out of bounds for axis 0 with size 38651
[bridge] ERROR: index 38651 is out of bounds for axis 0 with size 38651
[bridge] ERROR: index 38651 is out of bounds for axis 0 with size 38651
[bridge] ERROR: index 38651 is out of bounds for axis 0 with size 38651
[bridge] ERROR: index 38651 is out of bounds for axis 0 with size 38651
[bridge] ERROR: index 38651 is out of bounds for axis 0 with size 38651
[bridge] ERROR: index 38651 is out of bounds for axis 0 with size 38651
[bridge] ERROR: index 38651 is out of bounds for axis 0 with size 38651
[bridge] ERROR: index 38651 is out of bounds for axis 0 with size 38651
[bridge] ERROR: index 38651 is out of bounds for axis 0 with size 38651
[bridge] ERROR: index 38651 is out of bounds for axis 0 with size 38651
[bridge] ERROR: index 38651 is out of bounds for axis 0 with size 38651
[bridge] ERROR: index 38651 is out of bounds for axis 0 with size 38651
[bridge] ERROR: index 38651 is out of bounds for axis 0 with size 38651
[bridge] ERROR: index 38651 is out of bounds for axis 0 with size 38651
[bridge] ERROR: index 38651 is out of bounds for axis 0 with size 38651
[bridge] ERROR: index 38651 is out of bounds for axis 0 with size 38651
[bridge] ERROR: index 38651 is out of bounds for axis 0 with size 38651
[bridge] ERROR: index 38651 is out of bounds for axis 0 with size 38651
[bridge] ERROR: index 38651 is out of bounds for axis 0 with size 38651
[bridge] ERROR: index 38651 is out of bounds for axis 0 with size 38651
[bridge] ERROR: index 38651 is out of bounds for axis 0 with size 38651
[bridge] ERROR: index 38651 is out of bounds for axis 0 with size 38651
[bridge] ERROR: index 38651 is out of bounds for axis 0 with size 38651
[bridge] ERROR: index 38651 is out of bounds for axis 0 with size 38651
[bridge] ERROR: index 38651 is out of bounds for axis 0 with size 38651
[bridge] ERROR: index 38651 is out of bounds for axis 0 with size 38651
[bridge] ERROR: index 38651 is out of bounds for axis 0 with size 38651
[bridge] ERROR: index 38651 is out of bounds for axis 0 with size 38651
[bridge] ERROR: index 38651 is out of bounds for axis 0 with size 38651
[bridge] ERROR: index 38651 is out of bounds for axis 0 with size 38651
[bridge] ERROR: index 38651 is out of bounds for axis 0 with size 38651
[bridge] ERROR: index 38651 is out of bounds for axis 0 with size 38651
[bridge] ERROR: index 38651 is out of bounds for axis 0 with size 38651
[bridge] ERROR: index 38651 is out of bounds for axis 0 with size 38651
[bridge] ERROR: index 38651 is out of bounds for axis 0 with size 38651
[bridge] ERROR: index 38651 is out of bounds for axis 0 with size 38651
[bridge] ERROR: index 38651 is out of bounds for axis 0 with size 38651
[bridge] ERROR: index 38651 is out of bounds for axis 0 with size 38651
[bridge] ERROR: index 38651 is out of bounds for axis 0 with size 38651
[bridge] ERROR: index 38651 is out of bounds for axis 0 with size 38651
[bridge] ERROR: index 38651 is out of bounds for axis 0 with size 38651
[bridge] ERROR: index 38651 is out of bounds for axis 0 with size 38651
[bridge] ERROR: index 38651 is out of bounds for axis 0 with size 38651
[bridge] ERROR: index 38651 is out of bounds for axis 0 with size 38651
[bridge] ERROR: index 38651 is out of bounds for axis 0 with size 38651
[bridge] ERROR: index 38651 is out of bounds for axis 0 with size 38651
[bridge] ERROR: index 38651 is out of bounds for axis 0 with size 38651
[bridge] ERROR: index 38651 is out of bounds for axis 0 with size 38651
[bridge] ERROR: index 38651 is out of bounds for axis 0 with size 38651
[bridge] ERROR: index 38651 is out of bounds for axis 0 with size 38651
[bridge] ERROR: index 38651 is out of bounds for axis 0 with size 38651
[bridge] ERROR: index 38651 is out of bounds for axis 0 with size 38651
[bridge] ERROR: index 38651 is out of bounds for axis 0 with size 38651
[bridge] ERROR: index 38651 is out of bounds for axis 0 with size 38651
[bridge] ERROR: index 38651 is out of bounds for axis 0 with size 38651
[bridge] ERROR: index 38651 is out of bounds for axis 0 with size 38651
[bridge] ERROR: index 38651 is out of bounds for axis 0 with size 38651
[bridge] ERROR: index 38651 is out of bounds for axis 0 with size 38651
[bridge] ERROR: index 38651 is out of bounds for axis 0 with size 38651
[bridge] ERROR: index 38651 is out of bounds for axis 0 with size 38651
[bridge] ERROR: index 38651 is out of bounds for axis 0 with size 38651
[bridge] ERROR: index 38651 is out of bounds for axis 0 with size 38651
[bridge] ERROR: index 38651 is out of bounds for axis 0 with size 38651
[bridge] ERROR: index 38651 is out of bounds for axis 0 with size 38651
[bridge] ERROR: [WinError 5] Access is denied: 'C:\\Work\\ThuyenRepo\\EdgeMiner2\\data\\mt5_eurusd_m15.parquet.tmp' -> 'C:\\Work\\ThuyenRepo\\EdgeMiner2\\data\\mt5_eurusd_m15.parquet'
[bridge] ERROR: index 38651 is out of bounds for axis 0 with size 38651
[bridge] ERROR: index 38651 is out of bounds for axis 0 with size 38651
[bridge] ERROR: index 38651 is out of bounds for axis 0 with size 38651
[bridge] ERROR: index 38651 is out of bounds for axis 0 with size 38651
[bridge] ERROR: index 38651 is out of bounds for axis 0 with size 38651
[bridge] ERROR: index 38651 is out of bounds for axis 0 with size 38651
[bridge] ERROR: index 38651 is out of bounds for axis 0 with size 38651
[bridge] ERROR: index 38651 is out of bounds for axis 0 with size 38651
[bridge] ERROR: index 38651 is out of bounds for axis 0 with size 38651
[bridge] ERROR: index 38651 is out of bounds for axis 0 with size 38651
[bridge] ERROR: index 38651 is out of bounds for axis 0 with size 38651
[bridge] ERROR: index 38651 is out of bounds for axis 0 with size 38651
[bridge] ERROR: index 38651 is out of bounds for axis 0 with size 38651
[bridge] ERROR: index 38651 is out of bounds for axis 0 with size 38651
[bridge] ERROR: index 38651 is out of bounds for axis 0 with size 38651
[bridge] ERROR: index 38651 is out of bounds for axis 0 with size 38651
[bridge] ERROR: index 38651 is out of bounds for axis 0 with size 38651
[bridge] ERROR: index 38651 is out of bounds for axis 0 with size 38651
[bridge] ERROR: index 38651 is out of bounds for axis 0 with size 38651
[bridge] ERROR: index 38651 is out of bounds for axis 0 with size 38651
[bridge] ERROR: index 38651 is out of bounds for axis 0 with size 38651
[bridge] ERROR: index 38651 is out of bounds for axis 0 with size 38651
[bridge] ERROR: index 38651 is out of bounds for axis 0 with size 38651
[bridge] ERROR: index 38651 is out of bounds for axis 0 with size 38651
[bridge] ERROR: index 38651 is out of bounds for axis 0 with size 38651
[bridge] ERROR: index 38651 is out of bounds for axis 0 with size 38651
[bridge] ERROR: index 38651 is out of bounds for axis 0 with size 38651
[bridge] ERROR: index 38651 is out of bounds for axis 0 with size 38651
[bridge] ERROR: index 38651 is out of bounds for axis 0 with size 38651
[bridge] ERROR: index 38651 is out of bounds for axis 0 with size 38651
[bridge] ERROR: index 38651 is out of bounds for axis 0 with size 38651
[bridge] ERROR: index 38651 is out of bounds for axis 0 with size 38651
[bridge] ERROR: index 38651 is out of bounds for axis 0 with size 38651
[bridge] ERROR: index 38651 is out of bounds for axis 0 with size 38651
[bridge] ERROR: index 38651 is out of bounds for axis 0 with size 38651
[bridge] ERROR: index 38651 is out of bounds for axis 0 with size 38651
[bridge] ERROR: index 38651 is out of bounds for axis 0 with size 38651
[bridge] ERROR: index 38651 is out of bounds for axis 0 with size 38651
[bridge] ERROR: index 38651 is out of bounds for axis 0 with size 38651
[bridge] ERROR: index 38651 is out of bounds for axis 0 with size 38651
[bridge] ERROR: index 38651 is out of bounds for axis 0 with size 38651
[bridge] ERROR: index 38651 is out of bounds for axis 0 with size 38651
[bridge] ERROR: index 38651 is out of bounds for axis 0 with size 38651
[bridge] ERROR: index 38651 is out of bounds for axis 0 with size 38651
[bridge] ERROR: index 38651 is out of bounds for axis 0 with size 38651
[bridge] ERROR: index 38651 is out of bounds for axis 0 with size 38651
[bridge] ERROR: index 38651 is out of bounds for axis 0 with size 38651
[bridge] ERROR: index 38651 is out of bounds for axis 0 with size 38651
[bridge] ERROR: index 38651 is out of bounds for axis 0 with size 38651
[bridge] ERROR: index 38651 is out of bounds for axis 0 with size 38651
[bridge] ERROR: index 38651 is out of bounds for axis 0 with size 38651
[bridge] ERROR: index 38651 is out of bounds for axis 0 with size 38651
[bridge] ERROR: index 38651 is out of bounds for axis 0 with size 38651
[bridge] ERROR: index 38651 is out of bounds for axis 0 with size 38651
[bridge] ERROR: index 38651 is out of bounds for axis 0 with size 38651
[bridge] ERROR: index 38651 is out of bounds for axis 0 with size 38651
[bridge] ERROR: index 38651 is out of bounds for axis 0 with size 38651
[bridge] ERROR: index 38651 is out of bounds for axis 0 with size 38651
[bridge] ERROR: index 38651 is out of bounds for axis 0 with size 38651
[bridge] ERROR: index 38651 is out of bounds for axis 0 with size 38651
[bridge] ERROR: index 38651 is out of bounds for axis 0 with size 38651
[bridge] ERROR: index 38651 is out of bounds for axis 0 with size 38651
[bridge] ERROR: index 38651 is out of bounds for axis 0 with size 38651
[bridge] ERROR: index 38651 is out of bounds for axis 0 with size 38651
[bridge] ERROR: index 38651 is out of bounds for axis 0 with size 38651
[bridge] ERROR: index 38651 is out of bounds for axis 0 with size 38651
[bridge] ERROR: index 38651 is out of bounds for axis 0 with size 38651
[bridge] ERROR: index 38651 is out of bounds for axis 0 with size 38651
[bridge] ERROR: index 38651 is out of bounds for axis 0 with size 38651
[bridge] ERROR: index 38651 is out of bounds for axis 0 with size 38651
[bridge] ERROR: index 38651 is out of bounds for axis 0 with size 38651
[bridge] ERROR: index 38651 is out of bounds for axis 0 with size 38651
[bridge] ERROR: index 38651 is out of bounds for axis 0 with size 38651
[bridge] ERROR: index 38651 is out of bounds for axis 0 with size 38651
[bridge] ERROR: index 38651 is out of bounds for axis 0 with size 38651
[bridge] ERROR: index 38651 is out of bounds for axis 0 with size 38651
[bridge] ERROR: index 38651 is out of bounds for axis 0 with size 38651
[bridge] ERROR: index 38651 is out of bounds for axis 0 with size 38651
[bridge] ERROR: index 38651 is out of bounds for axis 0 with size 38651
[bridge] ERROR: index 38651 is out of bounds for axis 0 with size 38651
[bridge] ERROR: index 38651 is out of bounds for axis 0 with size 38651
[bridge] ERROR: index 38651 is out of bounds for axis 0 with size 38651
[bridge] ERROR: index 38651 is out of bounds for axis 0 with size 38651
[bridge] ERROR: index 38651 is out of bounds for axis 0 with size 38651
[bridge] ERROR: index 38651 is out of bounds for axis 0 with size 38651
[bridge] ERROR: index 38651 is out of bounds for axis 0 with size 38651
[bridge] ERROR: index 38651 is out of bounds for axis 0 with size 38651
[bridge] ERROR: index 38651 is out of bounds for axis 0 with size 38651
[bridge] ERROR: index 38651 is out of bounds for axis 0 with size 38651
[bridge] ERROR: index 38651 is out of bounds for axis 0 with size 38651
[bridge] ERROR: index 38651 is out of bounds for axis 0 with size 38651
[bridge] ERROR: index 38651 is out of bounds for axis 0 with size 38651
[bridge] ERROR: index 38651 is out of bounds for axis 0 with size 38651
[bridge] ERROR: index 38651 is out of bounds for axis 0 with size 38651
[bridge] ERROR: index 38651 is out of bounds for axis 0 with size 38651
[bridge] ERROR: index 38651 is out of bounds for axis 0 with size 38651
[bridge] ERROR: index 38651 is out of bounds for axis 0 with size 38651
[bridge] ERROR: index 38651 is out of bounds for axis 0 with size 38651
[bridge] ERROR: index 38651 is out of bounds for axis 0 with size 38651
[bridge] ERROR: index 38651 is out of bounds for axis 0 with size 38651
[bridge] ERROR: index 38651 is out of bounds for axis 0 with size 38651
[bridge] ERROR: index 38651 is out of bounds for axis 0 with size 38651
[bridge] ERROR: index 38651 is out of bounds for axis 0 with size 38651
[bridge] ERROR: index 38651 is out of bounds for axis 0 with size 38651
[bridge] ERROR: index 38651 is out of bounds for axis 0 with size 38651
[bridge] ERROR: index 38651 is out of bounds for axis 0 with size 38651
[bridge] ERROR: index 38651 is out of bounds for axis 0 with size 38651
[bridge] ERROR: index 38651 is out of bounds for axis 0 with size 38651
[bridge] ERROR: index 38651 is out of bounds for axis 0 with size 38651
[bridge] ERROR: index 38651 is out of bounds for axis 0 with size 38651
[bridge] ERROR: index 38651 is out of bounds for axis 0 with size 38651
[bridge] ERROR: index 38651 is out of bounds for axis 0 with size 38651
[bridge] ERROR: index 38651 is out of bounds for axis 0 with size 38651
[bridge] ERROR: index 38651 is out of bounds for axis 0 with size 38651
[bridge] ERROR: index 38651 is out of bounds for axis 0 with size 38651
[bridge] ERROR: index 38651 is out of bounds for axis 0 with size 38651
[bridge] ERROR: index 38651 is out of bounds for axis 0 with size 38651
[bridge] ERROR: index 38651 is out of bounds for axis 0 with size 38651
[bridge] ERROR: index 38651 is out of bounds for axis 0 with size 38651
[bridge] ERROR: index 38651 is out of bounds for axis 0 with size 38651
[bridge] ERROR: index 38651 is out of bounds for axis 0 with size 38651
[bridge] ERROR: index 38651 is out of bounds for axis 0 with size 38651
[bridge] ERROR: index 38651 is out of bounds for axis 0 with size 38651
[bridge] ERROR: index 38651 is out of bounds for axis 0 with size 38651
[bridge] ERROR: index 38651 is out of bounds for axis 0 with size 38651
[bridge] ERROR: index 38651 is out of bounds for axis 0 with size 38651
[bridge] ERROR: index 38651 is out of bounds for axis 0 with size 38651
[bridge] ERROR: index 38651 is out of bounds for axis 0 with size 38651
[bridge] ERROR: index 38651 is out of bounds for axis 0 with size 38651
[bridge] ERROR: index 38651 is out of bounds for axis 0 with size 38651
[bridge] ERROR: index 38651 is out of bounds for axis 0 with size 38651
[bridge] ERROR: index 38651 is out of bounds for axis 0 with size 38651
[bridge] ERROR: index 38651 is out of bounds for axis 0 with size 38651
[bridge] ERROR: index 38651 is out of bounds for axis 0 with size 38651
[bridge] ERROR: index 38651 is out of bounds for axis 0 with size 38651
[bridge] ERROR: index 38651 is out of bounds for axis 0 with size 38651
[bridge] ERROR: index 38651 is out of bounds for axis 0 with size 38651
[bridge] ERROR: index 38651 is out of bounds for axis 0 with size 38651
[bridge] ERROR: index 38651 is out of bounds for axis 0 with size 38651
[bridge] ERROR: index 38651 is out of bounds for axis 0 with size 38651
[bridge] ERROR: index 38651 is out of bounds for axis 0 with size 38651
[bridge] ERROR: index 38651 is out of bounds for axis 0 with size 38651
[bridge] ERROR: index 38651 is out of bounds for axis 0 with size 38651
[bridge] ERROR: index 38651 is out of bounds for axis 0 with size 38651
[bridge] ERROR: index 38651 is out of bounds for axis 0 with size 38651
[bridge] ERROR: index 38651 is out of bounds for axis 0 with size 38651
[bridge] ERROR: index 38651 is out of bounds for axis 0 with size 38651
[bridge] ERROR: index 38651 is out of bounds for axis 0 with size 38651
[bridge] ERROR: index 38651 is out of bounds for axis 0 with size 38651
[bridge] ERROR: index 38651 is out of bounds for axis 0 with size 38651
[bridge] ERROR: index 38651 is out of bounds for axis 0 with size 38651
[bridge] ERROR: index 38651 is out of bounds for axis 0 with size 38651
[bridge] ERROR: index 38651 is out of bounds for axis 0 with size 38651
[bridge] ERROR: index 38651 is out of bounds for axis 0 with size 38651
[bridge] ERROR: index 38651 is out of bounds for axis 0 with size 38651
[bridge] ERROR: index 38651 is out of bounds for axis 0 with size 38651
[bridge] ERROR: index 38651 is out of bounds for axis 0 with size 38651
[bridge] ERROR: index 38651 is out of bounds for axis 0 with size 38651
[bridge] ERROR: index 38651 is out of bounds for axis 0 with size 38651
[bridge] ERROR: index 38651 is out of bounds for axis 0 with size 38651
[bridge] ERROR: index 38651 is out of bounds for axis 0 with size 38651
[bridge] ERROR: index 38651 is out of bounds for axis 0 with size 38651
[bridge] ERROR: index 38651 is out of bounds for axis 0 with size 38651
[bridge] ERROR: index 38651 is out of bounds for axis 0 with size 38651
[bridge] ERROR: index 38651 is out of bounds for axis 0 with size 38651
[bridge] ERROR: index 38651 is out of bounds for axis 0 with size 38651
[bridge] ERROR: index 38651 is out of bounds for axis 0 with size 38651
[bridge] ERROR: index 38651 is out of bounds for axis 0 with size 38651
[bridge] ERROR: index 38651 is out of bounds for axis 0 with size 38651
[bridge] ERROR: index 38651 is out of bounds for axis 0 with size 38651
[bridge] ERROR: index 38651 is out of bounds for axis 0 with size 38651
[bridge] ERROR: index 38651 is out of bounds for axis 0 with size 38651
[bridge] ERROR: index 38651 is out of bounds for axis 0 with size 38651
[bridge] ERROR: index 38651 is out of bounds for axis 0 with size 38651
[bridge] ERROR: index 38651 is out of bounds for axis 0 with size 38651
[bridge] ERROR: index 38651 is out of bounds for axis 0 with size 38651
[bridge] ERROR: index 38651 is out of bounds for axis 0 with size 38651
[bridge] ERROR: index 38651 is out of bounds for axis 0 with size 38651
[bridge] ERROR: index 38651 is out of bounds for axis 0 with size 38651
[bridge] ERROR: index 38651 is out of bounds for axis 0 with size 38651
[bridge] ERROR: index 38651 is out of bounds for axis 0 with size 38651
[bridge] ERROR: index 38651 is out of bounds for axis 0 with size 38651
[bridge] ERROR: index 38651 is out of bounds for axis 0 with size 38651
[bridge] ERROR: index 38651 is out of bounds for axis 0 with size 38651
[bridge] ERROR: index 38651 is out of bounds for axis 0 with size 38651
[bridge] ERROR: index 38651 is out of bounds for axis 0 with size 38651
[bridge] ERROR: index 38651 is out of bounds for axis 0 with size 38651
[bridge] ERROR: index 38651 is out of bounds for axis 0 with size 38651
[bridge] ERROR: index 38651 is out of bounds for axis 0 with size 38651
[bridge] ERROR: index 38651 is out of bounds for axis 0 with size 38651
[bridge] ERROR: index 38651 is out of bounds for axis 0 with size 38651
[bridge] ERROR: index 38651 is out of bounds for axis 0 with size 38651
[bridge] ERROR: index 38651 is out of bounds for axis 0 with size 38651
[bridge] ERROR: index 38651 is out of bounds for axis 0 with size 38651
[bridge] ERROR: index 38651 is out of bounds for axis 0 with size 38651
[bridge] ERROR: index 38651 is out of bounds for axis 0 with size 38651
[bridge] ERROR: index 38651 is out of bounds for axis 0 with size 38651
[bridge] ERROR: index 38651 is out of bounds for axis 0 with size 38651
[bridge] ERROR: index 38651 is out of bounds for axis 0 with size 38651
[bridge] ERROR: index 38651 is out of bounds for axis 0 with size 38651
[bridge] ERROR: index 38651 is out of bounds for axis 0 with size 38651
[bridge] ERROR: index 38651 is out of bounds for axis 0 with size 38651
[bridge] ERROR: index 38651 is out of bounds for axis 0 with size 38651
[bridge] ERROR: index 38651 is out of bounds for axis 0 with size 38651
[bridge] ERROR: index 38651 is out of bounds for axis 0 with size 38651
[bridge] ERROR: index 38651 is out of bounds for axis 0 with size 38651
[bridge] ERROR: index 38651 is out of bounds for axis 0 with size 38651
[bridge] ERROR: index 38651 is out of bounds for axis 0 with size 38651
[bridge] ERROR: index 38651 is out of bounds for axis 0 with size 38651
[bridge] ERROR: index 38651 is out of bounds for axis 0 with size 38651
[bridge] ERROR: index 38651 is out of bounds for axis 0 with size 38651
[bridge] ERROR: index 38651 is out of bounds for axis 0 with size 38651
[bridge] ERROR: index 38651 is out of bounds for axis 0 with size 38651
[bridge] ERROR: index 38651 is out of bounds for axis 0 with size 38651
[bridge] ERROR: index 38651 is out of bounds for axis 0 with size 38651
[bridge] ERROR: index 38651 is out of bounds for axis 0 with size 38651
[bridge] ERROR: index 38651 is out of bounds for axis 0 with size 38651
[bridge] ERROR: index 38651 is out of bounds for axis 0 with size 38651
[bridge] ERROR: index 38651 is out of bounds for axis 0 with size 38651
[bridge] ERROR: index 38651 is out of bounds for axis 0 with size 38651
[bridge] ERROR: index 38651 is out of bounds for axis 0 with size 38651
[bridge] ERROR: index 38651 is out of bounds for axis 0 with size 38651
[bridge] ERROR: index 38651 is out of bounds for axis 0 with size 38651
[bridge] ERROR: index 38651 is out of bounds for axis 0 with size 38651
[bridge] ERROR: index 38651 is out of bounds for axis 0 with size 38651
[bridge] ERROR: index 38651 is out of bounds for axis 0 with size 38651
[bridge] ERROR: index 38651 is out of bounds for axis 0 with size 38651
[bridge] ERROR: index 38651 is out of bounds for axis 0 with size 38651
[bridge] ERROR: index 38651 is out of bounds for axis 0 with size 38651
[bridge] ERROR: index 38651 is out of bounds for axis 0 with size 38651
[bridge] ERROR: index 38651 is out of bounds for axis 0 with size 38651
[bridge] ERROR: index 38651 is out of bounds for axis 0 with size 38651
[bridge] ERROR: index 38651 is out of bounds for axis 0 with size 38651
[bridge] ERROR: index 38651 is out of bounds for axis 0 with size 38651
[bridge] ERROR: index 38651 is out of bounds for axis 0 with size 38651
[bridge] ERROR: index 38651 is out of bounds for axis 0 with size 38651
[bridge] ERROR: index 38651 is out of bounds for axis 0 with size 38651
[bridge] ERROR: index 38651 is out of bounds for axis 0 with size 38651
[bridge] ERROR: index 38651 is out of bounds for axis 0 with size 38651
[bridge] ERROR: index 38651 is out of bounds for axis 0 with size 38651
[bridge] ERROR: index 38651 is out of bounds for axis 0 with size 38651
[bridge] ERROR: index 38651 is out of bounds for axis 0 with size 38651
[bridge] ERROR: index 38651 is out of bounds for axis 0 with size 38651
[bridge] ERROR: index 38651 is out of bounds for axis 0 with size 38651
[bridge] ERROR: index 38651 is out of bounds for axis 0 with size 38651
[bridge] ERROR: index 38651 is out of bounds for axis 0 with size 38651
[bridge] ERROR: index 38651 is out of bounds for axis 0 with size 38651
[bridge] ERROR: index 38651 is out of bounds for axis 0 with size 38651
[bridge] ERROR: index 38651 is out of bounds for axis 0 with size 38651
[bridge] ERROR: index 38651 is out of bounds for axis 0 with size 38651
[bridge] ERROR: index 38651 is out of bounds for axis 0 with size 38651
[bridge] ERROR: index 38651 is out of bounds for axis 0 with size 38651
[bridge] ERROR: index 38651 is out of bounds for axis 0 with size 38651
[bridge] ERROR: index 38651 is out of bounds for axis 0 with size 38651
[bridge] ERROR: index 38651 is out of bounds for axis 0 with size 38651
[bridge] ERROR: index 38651 is out of bounds for axis 0 with size 38651
[bridge] ERROR: index 38651 is out of bounds for axis 0 with size 38651
[bridge] ERROR: index 38651 is out of bounds for axis 0 with size 38651
[bridge] ERROR: index 38651 is out of bounds for axis 0 with size 38651
[bridge] ERROR: index 38651 is out of bounds for axis 0 with size 38651
[bridge] ERROR: index 38651 is out of bounds for axis 0 with size 38651
[bridge] ERROR: index 38651 is out of bounds for axis 0 with size 38651
[bridge] ERROR: index 38651 is out of bounds for axis 0 with size 38651
[bridge] ERROR: index 38651 is out of bounds for axis 0 with size 38651
[bridge] ERROR: index 38651 is out of bounds for axis 0 with size 38651
[bridge] ERROR: index 38651 is out of bounds for axis 0 with size 38651
[bridge] ERROR: index 38651 is out of bounds for axis 0 with size 38651
[bridge] ERROR: index 38651 is out of bounds for axis 0 with size 38651
[bridge] ERROR: index 38651 is out of bounds for axis 0 with size 38651
[bridge] ERROR: index 38651 is out of bounds for axis 0 with size 38651
[bridge] ERROR: index 38651 is out of bounds for axis 0 with size 38651
[bridge] ERROR: index 38651 is out of bounds for axis 0 with size 38651
[bridge] ERROR: index 38651 is out of bounds for axis 0 with size 38651
[bridge] ERROR: index 38651 is out of bounds for axis 0 with size 38651
[bridge] ERROR: index 38651 is out of bounds for axis 0 with size 38651
[bridge] ERROR: index 38651 is out of bounds for axis 0 with size 38651
[bridge] ERROR: index 38651 is out of bounds for axis 0 with size 38651
[bridge] ERROR: index 38651 is out of bounds for axis 0 with size 38651
[bridge] ERROR: index 38651 is out of bounds for axis 0 with size 38651
[bridge] ERROR: index 38651 is out of bounds for axis 0 with size 38651
[bridge] ERROR: index 38651 is out of bounds for axis 0 with size 38651
[bridge] ERROR: index 38651 is out of bounds for axis 0 with size 38651
[bridge] ERROR: index 38651 is out of bounds for axis 0 with size 38651
[bridge] ERROR: index 38651 is out of bounds for axis 0 with size 38651
[bridge] ERROR: index 38651 is out of bounds for axis 0 with size 38651
[bridge] ERROR: index 38651 is out of bounds for axis 0 with size 38651
[bridge] ERROR: index 38651 is out of bounds for axis 0 with size 38651
[bridge] ERROR: index 38651 is out of bounds for axis 0 with size 38651
[bridge] ERROR: index 38651 is out of bounds for axis 0 with size 38651
[bridge] ERROR: index 38651 is out of bounds for axis 0 with size 38651
[bridge] ERROR: index 38651 is out of bounds for axis 0 with size 38651
[bridge] ERROR: index 38651 is out of bounds for axis 0 with size 38651
[bridge] ERROR: index 38651 is out of bounds for axis 0 with size 38651
[bridge] ERROR: index 38651 is out of bounds for axis 0 with size 38651
[bridge] ERROR: index 38651 is out of bounds for axis 0 with size 38651
[bridge] ERROR: index 38651 is out of bounds for axis 0 with size 38651
[bridge] ERROR: index 38651 is out of bounds for axis 0 with size 38651
[bridge] ERROR: index 38651 is out of bounds for axis 0 with size 38651
[bridge] ERROR: index 38651 is out of bounds for axis 0 with size 38651
[bridge] ERROR: index 38651 is out of bounds for axis 0 with size 38651
[bridge] ERROR: index 38651 is out of bounds for axis 0 with size 38651
[bridge] ERROR: index 38651 is out of bounds for axis 0 with size 38651
[bridge] ERROR: index 38651 is out of bounds for axis 0 with size 38651
[bridge] ERROR: index 38651 is out of bounds for axis 0 with size 38651
[bridge] ERROR: index 38651 is out of bounds for axis 0 with size 38651
[bridge] ERROR: index 38651 is out of bounds for axis 0 with size 38651
[bridge] ERROR: index 38651 is out of bounds for axis 0 with size 38651
[bridge] ERROR: index 38651 is out of bounds for axis 0 with size 38651
[bridge] ERROR: index 38651 is out of bounds for axis 0 with size 38651
[bridge] ERROR: index 38651 is out of bounds for axis 0 with size 38651
[bridge] ERROR: index 38651 is out of bounds for axis 0 with size 38651
[bridge] ERROR: index 38651 is out of bounds for axis 0 with size 38651
[bridge] ERROR: index 38651 is out of bounds for axis 0 with size 38651
[bridge] ERROR: index 38651 is out of bounds for axis 0 with size 38651
[bridge] ERROR: index 38651 is out of bounds for axis 0 with size 38651
[bridge] ERROR: index 38651 is out of bounds for axis 0 with size 38651
[bridge] ERROR: index 38651 is out of bounds for axis 0 with size 38651
[bridge] ERROR: index 38651 is out of bounds for axis 0 with size 38651
[bridge] ERROR: index 38651 is out of bounds for axis 0 with size 38651
[bridge] ERROR: index 38651 is out of bounds for axis 0 with size 38651
[bridge] ERROR: index 38651 is out of bounds for axis 0 with size 38651
[bridge] ERROR: index 38651 is out of bounds for axis 0 with size 38651
[bridge] ERROR: index 38651 is out of bounds for axis 0 with size 38651
[bridge] ERROR: index 38651 is out of bounds for axis 0 with size 38651
[bridge] ERROR: index 38651 is out of bounds for axis 0 with size 38651
[bridge] ERROR: index 38651 is out of bounds for axis 0 with size 38651
[bridge] ERROR: index 38651 is out of bounds for axis 0 with size 38651
[bridge] ERROR: index 38651 is out of bounds for axis 0 with size 38651
[bridge] ERROR: index 38651 is out of bounds for axis 0 with size 38651
[bridge] ERROR: index 38651 is out of bounds for axis 0 with size 38651
[bridge] ERROR: index 38651 is out of bounds for axis 0 with size 38651
[bridge] ERROR: index 38651 is out of bounds for axis 0 with size 38651
[bridge] ERROR: index 38651 is out of bounds for axis 0 with size 38651
[bridge] ERROR: index 38651 is out of bounds for axis 0 with size 38651
[bridge] ERROR: index 38651 is out of bounds for axis 0 with size 38651
[bridge] ERROR: index 38651 is out of bounds for axis 0 with size 38651
[bridge] ERROR: index 38651 is out of bounds for axis 0 with size 38651
[bridge] ERROR: index 38651 is out of bounds for axis 0 with size 38651
[bridge] ERROR: index 38651 is out of bounds for axis 0 with size 38651
[bridge] ERROR: index 38651 is out of bounds for axis 0 with size 38651
[bridge] ERROR: index 38651 is out of bounds for axis 0 with size 38651
[bridge] ERROR: index 38651 is out of bounds for axis 0 with size 38651
[bridge] ERROR: index 38651 is out of bounds for axis 0 with size 38651
[bridge] ERROR: index 38651 is out of bounds for axis 0 with size 38651
[bridge] ERROR: index 38651 is out of bounds for axis 0 with size 38651
[bridge] ERROR: index 38651 is out of bounds for axis 0 with size 38651
[bridge] ERROR: index 38651 is out of bounds for axis 0 with size 38651
[bridge] ERROR: index 38651 is out of bounds for axis 0 with size 38651
[bridge] ERROR: index 38651 is out of bounds for axis 0 with size 38651
[bridge] ERROR: index 38651 is out of bounds for axis 0 with size 38651
[bridge] ERROR: index 38651 is out of bounds for axis 0 with size 38651
[bridge] ERROR: index 38651 is out of bounds for axis 0 with size 38651
[bridge] ERROR: index 38651 is out of bounds for axis 0 with size 38651
[bridge] ERROR: index 38651 is out of bounds for axis 0 with size 38651
[bridge] ERROR: index 38651 is out of bounds for axis 0 with size 38651
[bridge] ERROR: index 38651 is out of bounds for axis 0 with size 38651
[bridge] ERROR: index 38651 is out of bounds for axis 0 with size 38651
[bridge] ERROR: index 38651 is out of bounds for axis 0 with size 38651
[bridge] ERROR: index 38651 is out of bounds for axis 0 with size 38651
[bridge] ERROR: index 38651 is out of bounds for axis 0 with size 38651
[bridge] ERROR: index 38651 is out of bounds for axis 0 with size 38651
[bridge] ERROR: index 38651 is out of bounds for axis 0 with size 38651
[bridge] ERROR: index 38651 is out of bounds for axis 0 with size 38651
[bridge] ERROR: index 38651 is out of bounds for axis 0 with size 38651
[bridge] ERROR: index 38651 is out of bounds for axis 0 with size 38651
[bridge] ERROR: index 38651 is out of bounds for axis 0 with size 38651
[bridge] ERROR: index 38651 is out of bounds for axis 0 with size 38651
[bridge] ERROR: index 38651 is out of bounds for axis 0 with size 38651
[bridge] ERROR: index 38651 is out of bounds for axis 0 with size 38651
[bridge] ERROR: index 38651 is out of bounds for axis 0 with size 38651
[bridge] ERROR: index 38651 is out of bounds for axis 0 with size 38651
[bridge] ERROR: index 38651 is out of bounds for axis 0 with size 38651
[bridge] ERROR: index 38651 is out of bounds for axis 0 with size 38651
[bridge] ERROR: index 38651 is out of bounds for axis 0 with size 38651
[bridge] ERROR: index 38651 is out of bounds for axis 0 with size 38651
[bridge] ERROR: index 38651 is out of bounds for axis 0 with size 38651
[bridge] ERROR: index 38651 is out of bounds for axis 0 with size 38651
[bridge] ERROR: index 38651 is out of bounds for axis 0 with size 38651
[bridge] ERROR: index 38651 is out of bounds for axis 0 with size 38651
[bridge] ERROR: index 38651 is out of bounds for axis 0 with size 38651
[bridge] ERROR: index 38651 is out of bounds for axis 0 with size 38651
[bridge] ERROR: index 38651 is out of bounds for axis 0 with size 38651
[bridge] ERROR: index 38651 is out of bounds for axis 0 with size 38651
[bridge] ERROR: index 38651 is out of bounds for axis 0 with size 38651
[bridge] ERROR: [WinError 5] Access is denied: 'C:\\Work\\ThuyenRepo\\EdgeMiner2\\data\\mt5_eurusd_m15.parquet.tmp' -> 'C:\\Work\\ThuyenRepo\\EdgeMiner2\\data\\mt5_eurusd_m15.parquet'
[bridge] ERROR: index 38651 is out of bounds for axis 0 with size 38651
[bridge] ERROR: index 38651 is out of bounds for axis 0 with size 38651
[bridge] ERROR: index 38651 is out of bounds for axis 0 with size 38651
[bridge] ERROR: index 38651 is out of bounds for axis 0 with size 38651
[bridge] ERROR: index 38651 is out of bounds for axis 0 with size 38651
[bridge] ERROR: index 38651 is out of bounds for axis 0 with size 38651
[bridge] ERROR: index 38651 is out of bounds for axis 0 with size 38651
[bridge] ERROR: index 38651 is out of bounds for axis 0 with size 38651
[bridge] ERROR: index 38651 is out of bounds for axis 0 with size 38651
[bridge] ERROR: index 38651 is out of bounds for axis 0 with size 38651
[bridge] ERROR: index 38651 is out of bounds for axis 0 with size 38651
[bridge] ERROR: index 38651 is out of bounds for axis 0 with size 38651
[bridge] ERROR: index 38651 is out of bounds for axis 0 with size 38651
[bridge] ERROR: index 38651 is out of bounds for axis 0 with size 38651
[bridge] ERROR: index 38651 is out of bounds for axis 0 with size 38651
[bridge] ERROR: index 38651 is out of bounds for axis 0 with size 38651
[bridge] ERROR: index 38651 is out of bounds for axis 0 with size 38651
[bridge] ERROR: index 38651 is out of bounds for axis 0 with size 38651
[bridge] ERROR: index 38651 is out of bounds for axis 0 with size 38651
[bridge] ERROR: index 38651 is out of bounds for axis 0 with size 38651
[bridge] ERROR: index 38651 is out of bounds for axis 0 with size 38651
[bridge] ERROR: index 38651 is out of bounds for axis 0 with size 38651
[bridge] ERROR: index 38651 is out of bounds for axis 0 with size 38651
[bridge] ERROR: index 38651 is out of bounds for axis 0 with size 38651
[bridge] ERROR: index 38651 is out of bounds for axis 0 with size 38651
[bridge] ERROR: index 38651 is out of bounds for axis 0 with size 38651
[bridge] ERROR: index 38651 is out of bounds for axis 0 with size 38651
[bridge] ERROR: index 38651 is out of bounds for axis 0 with size 38651
[bridge] ERROR: index 38651 is out of bounds for axis 0 with size 38651
[bridge] ERROR: index 38651 is out of bounds for axis 0 with size 38651
[bridge] ERROR: index 38651 is out of bounds for axis 0 with size 38651
[bridge] ERROR: index 38651 is out of bounds for axis 0 with size 38651
[bridge] ERROR: index 38651 is out of bounds for axis 0 with size 38651
[bridge] ERROR: index 38651 is out of bounds for axis 0 with size 38651
[bridge] ERROR: index 38651 is out of bounds for axis 0 with size 38651
[bridge] ERROR: index 38651 is out of bounds for axis 0 with size 38651
[bridge] ERROR: index 38651 is out of bounds for axis 0 with size 38651
[bridge] ERROR: index 38651 is out of bounds for axis 0 with size 38651
[bridge] ERROR: index 38651 is out of bounds for axis 0 with size 38651
[bridge] ERROR: index 38651 is out of bounds for axis 0 with size 38651
[bridge] ERROR: index 38651 is out of bounds for axis 0 with size 38651
[bridge] ERROR: index 38651 is out of bounds for axis 0 with size 38651
[bridge] ERROR: index 38651 is out of bounds for axis 0 with size 38651
[bridge] ERROR: index 38651 is out of bounds for axis 0 with size 38651
[bridge] ERROR: index 38651 is out of bounds for axis 0 with size 38651
[bridge] ERROR: index 38651 is out of bounds for axis 0 with size 38651
[bridge] ERROR: index 38651 is out of bounds for axis 0 with size 38651
[bridge] ERROR: index 38651 is out of bounds for axis 0 with size 38651
[bridge] ERROR: index 38651 is out of bounds for axis 0 with size 38651
[bridge] ERROR: index 38651 is out of bounds for axis 0 with size 38651
[bridge] ERROR: index 38651 is out of bounds for axis 0 with size 38651
[bridge] ERROR: index 38651 is out of bounds for axis 0 with size 38651
[bridge] ERROR: index 38651 is out of bounds for axis 0 with size 38651
[bridge] ERROR: index 38651 is out of bounds for axis 0 with size 38651
[bridge] ERROR: index 38651 is out of bounds for axis 0 with size 38651
[bridge] ERROR: index 38651 is out of bounds for axis 0 with size 38651
[bridge] ERROR: index 38651 is out of bounds for axis 0 with size 38651
[bridge] ERROR: index 38651 is out of bounds for axis 0 with size 38651
[bridge] ERROR: index 38651 is out of bounds for axis 0 with size 38651
[bridge] ERROR: index 38651 is out of bounds for axis 0 with size 38651
[bridge] ERROR: index 38651 is out of bounds for axis 0 with size 38651
[bridge] ERROR: index 38651 is out of bounds for axis 0 with size 38651
[bridge] ERROR: index 38651 is out of bounds for axis 0 with size 38651
[bridge] ERROR: index 38651 is out of bounds for axis 0 with size 38651
[bridge] ERROR: index 38651 is out of bounds for axis 0 with size 38651
[bridge] ERROR: index 38651 is out of bounds for axis 0 with size 38651
[bridge] ERROR: index 38651 is out of bounds for axis 0 with size 38651
[bridge] ERROR: index 38651 is out of bounds for axis 0 with size 38651
[bridge] ERROR: index 38651 is out of bounds for axis 0 with size 38651
[bridge] ERROR: index 38651 is out of bounds for axis 0 with size 38651
[bridge] ERROR: index 38651 is out of bounds for axis 0 with size 38651
[bridge] ERROR: index 38651 is out of bounds for axis 0 with size 38651
[bridge] ERROR: index 38651 is out of bounds for axis 0 with size 38651
[bridge] ERROR: index 38651 is out of bounds for axis 0 with size 38651
[bridge] ERROR: index 38651 is out of bounds for axis 0 with size 38651
[bridge] ERROR: index 38651 is out of bounds for axis 0 with size 38651
[bridge] ERROR: index 38651 is out of bounds for axis 0 with size 38651
[bridge] ERROR: index 38651 is out of bounds for axis 0 with size 38651
[bridge] ERROR: index 38651 is out of bounds for axis 0 with size 38651
[bridge] ERROR: index 38651 is out of bounds for axis 0 with size 38651
[bridge] ERROR: index 38651 is out of bounds for axis 0 with size 38651
[bridge] ERROR: index 38651 is out of bounds for axis 0 with size 38651
[bridge] ERROR: index 38651 is out of bounds for axis 0 with size 38651
[bridge] ERROR: index 38651 is out of bounds for axis 0 with size 38651
[bridge] ERROR: index 38651 is out of bounds for axis 0 with size 38651
[bridge] ERROR: index 38651 is out of bounds for axis 0 with size 38651
[bridge] ERROR: index 38651 is out of bounds for axis 0 with size 38651
[bridge] ERROR: index 38651 is out of bounds for axis 0 with size 38651
[bridge] ERROR: index 38651 is out of bounds for axis 0 with size 38651
[bridge] ERROR: index 38651 is out of bounds for axis 0 with size 38651
[bridge] ERROR: index 38651 is out of bounds for axis 0 with size 38651
[bridge] ERROR: index 38651 is out of bounds for axis 0 with size 38651
[bridge] ERROR: index 38651 is out of bounds for axis 0 with size 38651
[bridge] ERROR: index 38651 is out of bounds for axis 0 with size 38651
[bridge] ERROR: index 38651 is out of bounds for axis 0 with size 38651
[bridge] ERROR: index 38651 is out of bounds for axis 0 with size 38651
[bridge] ERROR: index 38651 is out of bounds for axis 0 with size 38651
[bridge] ERROR: index 38651 is out of bounds for axis 0 with size 38651
[bridge] ERROR: index 38651 is out of bounds for axis 0 with size 38651
[bridge] ERROR: index 38651 is out of bounds for axis 0 with size 38651
[bridge] ERROR: index 38651 is out of bounds for axis 0 with size 38651
[bridge] ERROR: index 38651 is out of bounds for axis 0 with size 38651
[bridge] ERROR: index 38651 is out of bounds for axis 0 with size 38651
[bridge] ERROR: index 38651 is out of bounds for axis 0 with size 38651
[bridge] ERROR: index 38651 is out of bounds for axis 0 with size 38651
[bridge] ERROR: index 38651 is out of bounds for axis 0 with size 38651
[bridge] ERROR: index 38651 is out of bounds for axis 0 with size 38651
[bridge] ERROR: index 38651 is out of bounds for axis 0 with size 38651
[bridge] ERROR: index 38651 is out of bounds for axis 0 with size 38651
[bridge] ERROR: index 38651 is out of bounds for axis 0 with size 38651
[bridge] ERROR: index 38651 is out of bounds for axis 0 with size 38651
[bridge] ERROR: index 38651 is out of bounds for axis 0 with size 38651
[bridge] ERROR: index 38651 is out of bounds for axis 0 with size 38651
[bridge] ERROR: index 38651 is out of bounds for axis 0 with size 38651
[bridge] ERROR: index 38651 is out of bounds for axis 0 with size 38651
[bridge] ERROR: index 38651 is out of bounds for axis 0 with size 38651
[bridge] ERROR: index 38651 is out of bounds for axis 0 with size 38651
[bridge] ERROR: index 38651 is out of bounds for axis 0 with size 38651
[bridge] ERROR: index 38651 is out of bounds for axis 0 with size 38651
[bridge] ERROR: index 38651 is out of bounds for axis 0 with size 38651
[bridge] ERROR: index 38651 is out of bounds for axis 0 with size 38651
[bridge] ERROR: index 38651 is out of bounds for axis 0 with size 38651
[bridge] ERROR: index 38651 is out of bounds for axis 0 with size 38651
[bridge] ERROR: index 38651 is out of bounds for axis 0 with size 38651
[bridge] ERROR: index 38651 is out of bounds for axis 0 with size 38651
[bridge] ERROR: index 38651 is out of bounds for axis 0 with size 38651
[bridge] ERROR: index 38651 is out of bounds for axis 0 with size 38651
[bridge] ERROR: index 38651 is out of bounds for axis 0 with size 38651
[bridge] ERROR: index 38651 is out of bounds for axis 0 with size 38651
[bridge] ERROR: index 38651 is out of bounds for axis 0 with size 38651
[bridge] ERROR: index 38651 is out of bounds for axis 0 with size 38651
[bridge] ERROR: index 38651 is out of bounds for axis 0 with size 38651
[bridge] ERROR: index 38651 is out of bounds for axis 0 with size 38651
[bridge] ERROR: index 38651 is out of bounds for axis 0 with size 38651
[bridge] ERROR: index 38651 is out of bounds for axis 0 with size 38651
[bridge] ERROR: index 38651 is out of bounds for axis 0 with size 38651
[bridge] ERROR: index 38651 is out of bounds for axis 0 with size 38651
[bridge] ERROR: index 38651 is out of bounds for axis 0 with size 38651
[bridge] ERROR: index 38651 is out of bounds for axis 0 with size 38651
[bridge] ERROR: index 38651 is out of bounds for axis 0 with size 38651
[bridge] ERROR: index 38651 is out of bounds for axis 0 with size 38651
[bridge] ERROR: index 38651 is out of bounds for axis 0 with size 38651
[bridge] ERROR: index 38651 is out of bounds for axis 0 with size 38651
[bridge] ERROR: index 38651 is out of bounds for axis 0 with size 38651
[bridge] ERROR: index 38651 is out of bounds for axis 0 with size 38651
[bridge] ERROR: index 38651 is out of bounds for axis 0 with size 38651
[bridge] ERROR: index 38651 is out of bounds for axis 0 with size 38651
[bridge] ERROR: index 38651 is out of bounds for axis 0 with size 38651
[bridge] ERROR: index 38651 is out of bounds for axis 0 with size 38651
[bridge] ERROR: index 38651 is out of bounds for axis 0 with size 38651
[bridge] ERROR: index 38651 is out of bounds for axis 0 with size 38651
[bridge] ERROR: index 38651 is out of bounds for axis 0 with size 38651
[bridge] ERROR: index 38651 is out of bounds for axis 0 with size 38651
[bridge] ERROR: index 38651 is out of bounds for axis 0 with size 38651
[bridge] ERROR: index 38651 is out of bounds for axis 0 with size 38651
[bridge] ERROR: index 38651 is out of bounds for axis 0 with size 38651
[bridge] ERROR: index 38651 is out of bounds for axis 0 with size 38651
[bridge] ERROR: index 38651 is out of bounds for axis 0 with size 38651
[bridge] ERROR: index 38651 is out of bounds for axis 0 with size 38651
[bridge] ERROR: index 38651 is out of bounds for axis 0 with size 38651
[bridge] ERROR: index 38651 is out of bounds for axis 0 with size 38651
[bridge] ERROR: index 38651 is out of bounds for axis 0 with size 38651
[bridge] ERROR: index 38651 is out of bounds for axis 0 with size 38651
[bridge] ERROR: index 38651 is out of bounds for axis 0 with size 38651
[bridge] ERROR: index 38651 is out of bounds for axis 0 with size 38651
[bridge] ERROR: index 38651 is out of bounds for axis 0 with size 38651
[bridge] ERROR: index 38651 is out of bounds for axis 0 with size 38651
[bridge] ERROR: index 38651 is out of bounds for axis 0 with size 38651
[bridge] ERROR: index 38651 is out of bounds for axis 0 with size 38651
[bridge] ERROR: index 38651 is out of bounds for axis 0 with size 38651
[bridge] ERROR: index 38651 is out of bounds for axis 0 with size 38651
[bridge] ERROR: index 38651 is out of bounds for axis 0 with size 38651
[bridge] ERROR: index 38651 is out of bounds for axis 0 with size 38651
[bridge] ERROR: index 38651 is out of bounds for axis 0 with size 38651
[bridge] ERROR: index 38651 is out of bounds for axis 0 with size 38651
[bridge] ERROR: index 38651 is out of bounds for axis 0 with size 38651
[bridge] ERROR: index 38651 is out of bounds for axis 0 with size 38651
[bridge] ERROR: index 38651 is out of bounds for axis 0 with size 38651
[bridge] ERROR: index 38651 is out of bounds for axis 0 with size 38651
[bridge] ERROR: index 38651 is out of bounds for axis 0 with size 38651
[bridge] ERROR: index 38651 is out of bounds for axis 0 with size 38651
[bridge] ERROR: index 38651 is out of bounds for axis 0 with size 38651
[bridge] ERROR: index 38651 is out of bounds for axis 0 with size 38651
[bridge] ERROR: index 38651 is out of bounds for axis 0 with size 38651
[bridge] ERROR: index 38651 is out of bounds for axis 0 with size 38651
[bridge] ERROR: index 38651 is out of bounds for axis 0 with size 38651
[bridge] ERROR: index 38651 is out of bounds for axis 0 with size 38651
[bridge] ERROR: index 38651 is out of bounds for axis 0 with size 38651
[bridge] ERROR: index 38651 is out of bounds for axis 0 with size 38651
[bridge] ERROR: index 38651 is out of bounds for axis 0 with size 38651
[bridge] ERROR: index 38651 is out of bounds for axis 0 with size 38651
[bridge] ERROR: index 38651 is out of bounds for axis 0 with size 38651
[bridge] ERROR: index 38651 is out of bounds for axis 0 with size 38651
[bridge] ERROR: index 38651 is out of bounds for axis 0 with size 38651
[bridge] ERROR: index 38651 is out of bounds for axis 0 with size 38651
[bridge] ERROR: index 38651 is out of bounds for axis 0 with size 38651
[bridge] ERROR: index 38651 is out of bounds for axis 0 with size 38651
[bridge] ERROR: index 38651 is out of bounds for axis 0 with size 38651
[bridge] ERROR: index 38651 is out of bounds for axis 0 with size 38651
[bridge] ERROR: index 38651 is out of bounds for axis 0 with size 38651
[bridge] ERROR: index 38651 is out of bounds for axis 0 with size 38651
[bridge] ERROR: index 38651 is out of bounds for axis 0 with size 38651
[bridge] ERROR: index 38651 is out of bounds for axis 0 with size 38651
[bridge] ERROR: index 38651 is out of bounds for axis 0 with size 38651
[bridge] ERROR: index 38651 is out of bounds for axis 0 with size 38651
[bridge] ERROR: index 38651 is out of bounds for axis 0 with size 38651
[bridge] ERROR: index 38651 is out of bounds for axis 0 with size 38651
[bridge] ERROR: index 38651 is out of bounds for axis 0 with size 38651
[bridge] ERROR: index 38651 is out of bounds for axis 0 with size 38651
[bridge] ERROR: index 38651 is out of bounds for axis 0 with size 38651
[bridge] ERROR: index 38651 is out of bounds for axis 0 with size 38651
[bridge] ERROR: index 38651 is out of bounds for axis 0 with size 38651
[bridge] ERROR: index 38651 is out of bounds for axis 0 with size 38651
[bridge] ERROR: index 38651 is out of bounds for axis 0 with size 38651
[bridge] ERROR: index 38651 is out of bounds for axis 0 with size 38651
[bridge] ERROR: index 38651 is out of bounds for axis 0 with size 38651
[bridge] ERROR: index 38651 is out of bounds for axis 0 with size 38651
[bridge] ERROR: index 38651 is out of bounds for axis 0 with size 38651
[bridge] ERROR: index 38651 is out of bounds for axis 0 with size 38651
[bridge] ERROR: index 38651 is out of bounds for axis 0 with size 38651
[bridge] ERROR: index 38651 is out of bounds for axis 0 with size 38651
[bridge] ERROR: index 38651 is out of bounds for axis 0 with size 38651
[bridge] ERROR: index 38651 is out of bounds for axis 0 with size 38651
[bridge] ERROR: index 38651 is out of bounds for axis 0 with size 38651
[bridge] ERROR: index 38651 is out of bounds for axis 0 with size 38651
[bridge] ERROR: index 38651 is out of bounds for axis 0 with size 38651
[bridge] ERROR: index 38651 is out of bounds for axis 0 with size 38651
[bridge] ERROR: index 38651 is out of bounds for axis 0 with size 38651
[bridge] ERROR: index 38651 is out of bounds for axis 0 with size 38651
[bridge] ERROR: index 38651 is out of bounds for axis 0 with size 38651
[bridge] ERROR: index 38651 is out of bounds for axis 0 with size 38651
[bridge] ERROR: index 38651 is out of bounds for axis 0 with size 38651
[bridge] ERROR: index 38651 is out of bounds for axis 0 with size 38651
[bridge] ERROR: index 38651 is out of bounds for axis 0 with size 38651
[bridge] ERROR: index 38651 is out of bounds for axis 0 with size 38651
[bridge] ERROR: index 38651 is out of bounds for axis 0 with size 38651
[bridge] ERROR: index 38651 is out of bounds for axis 0 with size 38651
[bridge] ERROR: index 38651 is out of bounds for axis 0 with size 38651
[bridge] ERROR: index 38651 is out of bounds for axis 0 with size 38651
[bridge] ERROR: index 38651 is out of bounds for axis 0 with size 38651
[bridge] ERROR: index 38651 is out of bounds for axis 0 with size 38651
[bridge] ERROR: index 38651 is out of bounds for axis 0 with size 38651
[bridge] ERROR: index 38651 is out of bounds for axis 0 with size 38651
[bridge] ERROR: index 38651 is out of bounds for axis 0 with size 38651
[bridge] ERROR: index 38651 is out of bounds for axis 0 with size 38651
[bridge] ERROR: index 38651 is out of bounds for axis 0 with size 38651
[bridge] ERROR: index 38651 is out of bounds for axis 0 with size 38651
[bridge] ERROR: index 38651 is out of bounds for axis 0 with size 38651
[bridge] ERROR: index 38651 is out of bounds for axis 0 with size 38651
[bridge] ERROR: index 38651 is out of bounds for axis 0 with size 38651
[bridge] ERROR: index 38651 is out of bounds for axis 0 with size 38651
[bridge] ERROR: index 38651 is out of bounds for axis 0 with size 38651
[bridge] ERROR: index 38651 is out of bounds for axis 0 with size 38651
[bridge] ERROR: index 38651 is out of bounds for axis 0 with size 38651
[bridge] ERROR: index 38651 is out of bounds for axis 0 with size 38651
[bridge] ERROR: index 38651 is out of bounds for axis 0 with size 38651
[bridge] ERROR: index 38651 is out of bounds for axis 0 with size 38651
[bridge] ERROR: index 38651 is out of bounds for axis 0 with size 38651
[bridge] ERROR: index 38651 is out of bounds for axis 0 with size 38651
[bridge] ERROR: index 38651 is out of bounds for axis 0 with size 38651
[bridge] ERROR: index 38651 is out of bounds for axis 0 with size 38651
[bridge] ERROR: index 38651 is out of bounds for axis 0 with size 38651
[bridge] ERROR: index 38651 is out of bounds for axis 0 with size 38651
[bridge] ERROR: index 38651 is out of bounds for axis 0 with size 38651
[bridge] ERROR: index 38651 is out of bounds for axis 0 with size 38651
[bridge] ERROR: index 38651 is out of bounds for axis 0 with size 38651
[bridge] ERROR: index 38651 is out of bounds for axis 0 with size 38651
[bridge] ERROR: index 38651 is out of bounds for axis 0 with size 38651
[bridge] ERROR: index 38651 is out of bounds for axis 0 with size 38651
[bridge] ERROR: index 38651 is out of bounds for axis 0 with size 38651
[bridge] ERROR: index 38651 is out of bounds for axis 0 with size 38651
[bridge] ERROR: index 38651 is out of bounds for axis 0 with size 38651
[bridge] ERROR: index 38651 is out of bounds for axis 0 with size 38651
[bridge] ERROR: index 38651 is out of bounds for axis 0 with size 38651
[bridge] ERROR: index 38651 is out of bounds for axis 0 with size 38651
[bridge] ERROR: index 38651 is out of bounds for axis 0 with size 38651
[bridge] ERROR: index 38651 is out of bounds for axis 0 with size 38651
[bridge] ERROR: index 38651 is out of bounds for axis 0 with size 38651
[bridge] ERROR: index 38651 is out of bounds for axis 0 with size 38651
[bridge] ERROR: index 38651 is out of bounds for axis 0 with size 38651
[bridge] ERROR: index 38651 is out of bounds for axis 0 with size 38651
[bridge] ERROR: index 38651 is out of bounds for axis 0 with size 38651
[bridge] ERROR: index 38651 is out of bounds for axis 0 with size 38651
[bridge] ERROR: index 38651 is out of bounds for axis 0 with size 38651
[bridge] ERROR: index 38651 is out of bounds for axis 0 with size 38651
[bridge] ERROR: index 38651 is out of bounds for axis 0 with size 38651
[bridge] ERROR: index 38651 is out of bounds for axis 0 with size 38651
[bridge] ERROR: index 38651 is out of bounds for axis 0 with size 38651
[bridge] ERROR: index 38651 is out of bounds for axis 0 with size 38651
[bridge] ERROR: index 38651 is out of bounds for axis 0 with size 38651
[bridge] ERROR: index 38651 is out of bounds for axis 0 with size 38651
[bridge] ERROR: index 38651 is out of bounds for axis 0 with size 38651
[bridge] ERROR: index 38651 is out of bounds for axis 0 with size 38651
[bridge] ERROR: index 38651 is out of bounds for axis 0 with size 38651
[bridge] ERROR: index 38651 is out of bounds for axis 0 with size 38651
[bridge] ERROR: index 38651 is out of bounds for axis 0 with size 38651
[bridge] ERROR: index 38651 is out of bounds for axis 0 with size 38651
[bridge] ERROR: index 38651 is out of bounds for axis 0 with size 38651
[bridge] ERROR: index 38651 is out of bounds for axis 0 with size 38651
[bridge] ERROR: index 38651 is out of bounds for axis 0 with size 38651
[bridge] ERROR: index 38651 is out of bounds for axis 0 with size 38651
[bridge] ERROR: index 38651 is out of bounds for axis 0 with size 38651
[bridge] ERROR: index 38651 is out of bounds for axis 0 with size 38651
[bridge] ERROR: index 38651 is out of bounds for axis 0 with size 38651
[bridge] ERROR: index 38651 is out of bounds for axis 0 with size 38651
[bridge] ERROR: index 38651 is out of bounds for axis 0 with size 38651
[bridge] ERROR: index 38651 is out of bounds for axis 0 with size 38651
[bridge] ERROR: index 38651 is out of bounds for axis 0 with size 38651
[bridge] ERROR: index 38651 is out of bounds for axis 0 with size 38651
[bridge] ERROR: index 38651 is out of bounds for axis 0 with size 38651
[bridge] ERROR: index 38651 is out of bounds for axis 0 with size 38651
[bridge] ERROR: index 38651 is out of bounds for axis 0 with size 38651
[bridge] ERROR: index 38651 is out of bounds for axis 0 with size 38651
[bridge] ERROR: index 38651 is out of bounds for axis 0 with size 38651
[bridge] ERROR: index 38651 is out of bounds for axis 0 with size 38651
[bridge] ERROR: index 38651 is out of bounds for axis 0 with size 38651
[bridge] ERROR: index 38651 is out of bounds for axis 0 with size 38651
[bridge] ERROR: index 38651 is out of bounds for axis 0 with size 38651
[bridge] ERROR: index 38651 is out of bounds for axis 0 with size 38651
[bridge] ERROR: index 38651 is out of bounds for axis 0 with size 38651
[bridge] ERROR: index 38651 is out of bounds for axis 0 with size 38651
[bridge] ERROR: index 38651 is out of bounds for axis 0 with size 38651
[bridge] ERROR: index 38651 is out of bounds for axis 0 with size 38651
[bridge] ERROR: index 38651 is out of bounds for axis 0 with size 38651
[bridge] ERROR: index 38651 is out of bounds for axis 0 with size 38651
[bridge] ERROR: index 38651 is out of bounds for axis 0 with size 38651
[bridge] ERROR: index 38651 is out of bounds for axis 0 with size 38651
[bridge] ERROR: index 38651 is out of bounds for axis 0 with size 38651
[bridge] ERROR: index 38651 is out of bounds for axis 0 with size 38651
[bridge] ERROR: index 38651 is out of bounds for axis 0 with size 38651
[bridge] ERROR: index 38651 is out of bounds for axis 0 with size 38651
[bridge] ERROR: index 38651 is out of bounds for axis 0 with size 38651
[bridge] ERROR: index 38651 is out of bounds for axis 0 with size 38651
[bridge] ERROR: index 38651 is out of bounds for axis 0 with size 38651
[bridge] ERROR: index 38651 is out of bounds for axis 0 with size 38651
[bridge] ERROR: index 38651 is out of bounds for axis 0 with size 38651
[bridge] ERROR: index 38651 is out of bounds for axis 0 with size 38651
[bridge] ERROR: index 38651 is out of bounds for axis 0 with size 38651
[bridge] ERROR: index 38651 is out of bounds for axis 0 with size 38651
[bridge] ERROR: index 38651 is out of bounds for axis 0 with size 38651
[bridge] ERROR: index 38651 is out of bounds for axis 0 with size 38651
[bridge] ERROR: index 38651 is out of bounds for axis 0 with size 38651
[bridge] ERROR: index 38651 is out of bounds for axis 0 with size 38651
[bridge] ERROR: index 38651 is out of bounds for axis 0 with size 38651
[bridge] ERROR: index 38651 is out of bounds for axis 0 with size 38651
[bridge] ERROR: index 38651 is out of bounds for axis 0 with size 38651
[bridge] ERROR: index 38651 is out of bounds for axis 0 with size 38651
[bridge] ERROR: index 38651 is out of bounds for axis 0 with size 38651
[bridge] ERROR: index 38651 is out of bounds for axis 0 with size 38651
[bridge] ERROR: index 38651 is out of bounds for axis 0 with size 38651
[bridge] ERROR: index 38651 is out of bounds for axis 0 with size 38651
[bridge] ERROR: index 38651 is out of bounds for axis 0 with size 38651
[bridge] ERROR: index 38651 is out of bounds for axis 0 with size 38651
[bridge] ERROR: index 38651 is out of bounds for axis 0 with size 38651
[bridge] ERROR: index 38651 is out of bounds for axis 0 with size 38651
[bridge] ERROR: index 38651 is out of bounds for axis 0 with size 38651
[bridge] ERROR: index 38651 is out of bounds for axis 0 with size 38651
[bridge] ERROR: index 38651 is out of bounds for axis 0 with size 38651
[bridge] ERROR: index 38651 is out of bounds for axis 0 with size 38651
[bridge] ERROR: index 38651 is out of bounds for axis 0 with size 38651
[bridge] ERROR: index 38651 is out of bounds for axis 0 with size 38651
[bridge] ERROR: index 38651 is out of bounds for axis 0 with size 38651
[bridge] ERROR: index 38651 is out of bounds for axis 0 with size 38651
[bridge] ERROR: index 38651 is out of bounds for axis 0 with size 38651
[bridge] ERROR: index 38651 is out of bounds for axis 0 with size 38651
[bridge] ERROR: index 38651 is out of bounds for axis 0 with size 38651
[bridge] ERROR: index 38651 is out of bounds for axis 0 with size 38651
[bridge] ERROR: index 38651 is out of bounds for axis 0 with size 38651
[bridge] ERROR: index 38651 is out of bounds for axis 0 with size 38651
[bridge] ERROR: index 38651 is out of bounds for axis 0 with size 38651
[bridge] ERROR: index 38651 is out of bounds for axis 0 with size 38651
[bridge] ERROR: index 38651 is out of bounds for axis 0 with size 38651
[bridge] ERROR: index 38651 is out of bounds for axis 0 with size 38651
[bridge] ERROR: index 38651 is out of bounds for axis 0 with size 38651
[bridge] ERROR: index 38651 is out of bounds for axis 0 with size 38651
[bridge] ERROR: index 38651 is out of bounds for axis 0 with size 38651
[bridge] ERROR: index 38651 is out of bounds for axis 0 with size 38651
[bridge] ERROR: index 38651 is out of bounds for axis 0 with size 38651
[bridge] ERROR: index 38651 is out of bounds for axis 0 with size 38651
[bridge] ERROR: index 38651 is out of bounds for axis 0 with size 38651
[bridge] ERROR: index 38651 is out of bounds for axis 0 with size 38651
[bridge] ERROR: index 38651 is out of bounds for axis 0 with size 38651
[bridge] ERROR: index 38651 is out of bounds for axis 0 with size 38651
[bridge] ERROR: index 38651 is out of bounds for axis 0 with size 38651
[bridge] ERROR: index 38651 is out of bounds for axis 0 with size 38651
[bridge] ERROR: index 38651 is out of bounds for axis 0 with size 38651
[bridge] ERROR: index 38651 is out of bounds for axis 0 with size 38651
[bridge] ERROR: index 38651 is out of bounds for axis 0 with size 38651
[bridge] ERROR: index 38651 is out of bounds for axis 0 with size 38651
[bridge] ERROR: index 38651 is out of bounds for axis 0 with size 38651
[bridge] ERROR: index 38651 is out of bounds for axis 0 with size 38651
[bridge] ERROR: index 38651 is out of bounds for axis 0 with size 38651
[bridge] ERROR: index 38651 is out of bounds for axis 0 with size 38651
[bridge] ERROR: index 38651 is out of bounds for axis 0 with size 38651
[bridge] ERROR: index 38651 is out of bounds for axis 0 with size 38651
[bridge] ERROR: index 38651 is out of bounds for axis 0 with size 38651
[bridge] ERROR: index 38651 is out of bounds for axis 0 with size 38651
[bridge] ERROR: index 38651 is out of bounds for axis 0 with size 38651
[bridge] ERROR: index 38651 is out of bounds for axis 0 with size 38651
[bridge] ERROR: index 38651 is out of bounds for axis 0 with size 38651
[bridge] ERROR: index 38651 is out of bounds for axis 0 with size 38651
[bridge] ERROR: index 38651 is out of bounds for axis 0 with size 38651
[bridge] ERROR: index 38651 is out of bounds for axis 0 with size 38651
[bridge] ERROR: index 38651 is out of bounds for axis 0 with size 38651
[bridge] ERROR: index 38651 is out of bounds for axis 0 with size 38651
[bridge] ERROR: index 38651 is out of bounds for axis 0 with size 38651
[bridge] ERROR: index 38651 is out of bounds for axis 0 with size 38651
[bridge] ERROR: index 38651 is out of bounds for axis 0 with size 38651
[bridge] ERROR: index 38651 is out of bounds for axis 0 with size 38651
[bridge] ERROR: index 38651 is out of bounds for axis 0 with size 38651
[bridge] ERROR: index 38651 is out of bounds for axis 0 with size 38651
[bridge] ERROR: index 38651 is out of bounds for axis 0 with size 38651
[bridge] ERROR: index 38651 is out of bounds for axis 0 with size 38651
[bridge] ERROR: index 38651 is out of bounds for axis 0 with size 38651
[bridge] ERROR: index 38651 is out of bounds for axis 0 with size 38651
[bridge] ERROR: index 38651 is out of bounds for axis 0 with size 38651
[bridge] ERROR: index 38651 is out of bounds for axis 0 with size 38651
[bridge] ERROR: index 38651 is out of bounds for axis 0 with size 38651
[bridge] ERROR: index 38651 is out of bounds for axis 0 with size 38651
[bridge] ERROR: index 38651 is out of bounds for axis 0 with size 38651
[bridge] ERROR: index 38651 is out of bounds for axis 0 with size 38651
[bridge] ERROR: index 38651 is out of bounds for axis 0 with size 38651
[bridge] ERROR: index 38651 is out of bounds for axis 0 with size 38651
[bridge] ERROR: index 38651 is out of bounds for axis 0 with size 38651
[bridge] ERROR: index 38651 is out of bounds for axis 0 with size 38651
[bridge] ERROR: index 38651 is out of bounds for axis 0 with size 38651
[bridge] ERROR: index 38651 is out of bounds for axis 0 with size 38651
[bridge] ERROR: index 38651 is out of bounds for axis 0 with size 38651
[bridge] ERROR: index 38651 is out of bounds for axis 0 with size 38651
[bridge] ERROR: index 38651 is out of bounds for axis 0 with size 38651
[bridge] ERROR: index 38651 is out of bounds for axis 0 with size 38651
[bridge] ERROR: index 38651 is out of bounds for axis 0 with size 38651
[bridge] ERROR: index 38651 is out of bounds for axis 0 with size 38651
[bridge] ERROR: index 38651 is out of bounds for axis 0 with size 38651
[bridge] ERROR: index 38651 is out of bounds for axis 0 with size 38651
[bridge] ERROR: index 38651 is out of bounds for axis 0 with size 38651
[bridge] ERROR: index 38651 is out of bounds for axis 0 with size 38651
[bridge] ERROR: index 38651 is out of bounds for axis 0 with size 38651
[bridge] ERROR: index 38651 is out of bounds for axis 0 with size 38651
[bridge] ERROR: index 38651 is out of bounds for axis 0 with size 38651
[bridge] ERROR: index 38651 is out of bounds for axis 0 with size 38651
[bridge] ERROR: index 38651 is out of bounds for axis 0 with size 38651
[bridge] ERROR: index 38651 is out of bounds for axis 0 with size 38651
[bridge] ERROR: index 38651 is out of bounds for axis 0 with size 38651
[bridge] ERROR: index 38651 is out of bounds for axis 0 with size 38651
[bridge] ERROR: index 38651 is out of bounds for axis 0 with size 38651
[bridge] ERROR: index 38651 is out of bounds for axis 0 with size 38651
[bridge] ERROR: index 38651 is out of bounds for axis 0 with size 38651
[bridge] ERROR: index 38651 is out of bounds for axis 0 with size 38651
[bridge] ERROR: index 38651 is out of bounds for axis 0 with size 38651
[bridge] ERROR: index 38651 is out of bounds for axis 0 with size 38651
[bridge] ERROR: index 38651 is out of bounds for axis 0 with size 38651
[bridge] ERROR: index 38651 is out of bounds for axis 0 with size 38651
[bridge] ERROR: index 38651 is out of bounds for axis 0 with size 38651
[bridge] ERROR: index 38651 is out of bounds for axis 0 with size 38651
[bridge] ERROR: index 38651 is out of bounds for axis 0 with size 38651
[bridge] ERROR: index 38651 is out of bounds for axis 0 with size 38651
[bridge] ERROR: index 38651 is out of bounds for axis 0 with size 38651
[bridge] ERROR: index 38651 is out of bounds for axis 0 with size 38651
[bridge] ERROR: index 38651 is out of bounds for axis 0 with size 38651
[bridge] ERROR: index 38651 is out of bounds for axis 0 with size 38651
[bridge] ERROR: index 38651 is out of bounds for axis 0 with size 38651
[bridge] ERROR: index 38651 is out of bounds for axis 0 with size 38651
[bridge] ERROR: index 38651 is out of bounds for axis 0 with size 38651
[bridge] ERROR: index 38651 is out of bounds for axis 0 with size 38651
[bridge] ERROR: index 38651 is out of bounds for axis 0 with size 38651
[bridge] ERROR: index 38651 is out of bounds for axis 0 with size 38651
[bridge] ERROR: index 38651 is out of bounds for axis 0 with size 38651
[bridge] ERROR: index 38651 is out of bounds for axis 0 with size 38651
[bridge] ERROR: index 38651 is out of bounds for axis 0 with size 38651
[bridge] ERROR: index 38651 is out of bounds for axis 0 with size 38651
[bridge] ERROR: index 38651 is out of bounds for axis 0 with size 38651
[bridge] ERROR: index 38651 is out of bounds for axis 0 with size 38651
[bridge] ERROR: index 38651 is out of bounds for axis 0 with size 38651
[bridge] ERROR: index 38651 is out of bounds for axis 0 with size 38651
[bridge] ERROR: index 38651 is out of bounds for axis 0 with size 38651
[bridge] ERROR: index 38651 is out of bounds for axis 0 with size 38651
[bridge] ERROR: index 38651 is out of bounds for axis 0 with size 38651
[bridge] ERROR: index 38651 is out of bounds for axis 0 with size 38651
[bridge] ERROR: index 38651 is out of bounds for axis 0 with size 38651
[bridge] ERROR: index 38651 is out of bounds for axis 0 with size 38651
[bridge] ERROR: index 38651 is out of bounds for axis 0 with size 38651
[bridge] ERROR: index 38651 is out of bounds for axis 0 with size 38651
[bridge] ERROR: index 38651 is out of bounds for axis 0 with size 38651
[bridge] ERROR: index 38651 is out of bounds for axis 0 with size 38651
[bridge] ERROR: index 38651 is out of bounds for axis 0 with size 38651
[bridge] ERROR: index 38651 is out of bounds for axis 0 with size 38651
[bridge] ERROR: index 38651 is out of bounds for axis 0 with size 38651
[bridge] ERROR: index 38651 is out of bounds for axis 0 with size 38651
[bridge] ERROR: index 38651 is out of bounds for axis 0 with size 38651
[bridge] ERROR: index 38651 is out of bounds for axis 0 with size 38651
[bridge] ERROR: index 38651 is out of bounds for axis 0 with size 38651
[bridge] ERROR: index 38651 is out of bounds for axis 0 with size 38651
[bridge] ERROR: index 38651 is out of bounds for axis 0 with size 38651
[bridge] ERROR: index 38651 is out of bounds for axis 0 with size 38651
[bridge] ERROR: index 38651 is out of bounds for axis 0 with size 38651
[bridge] ERROR: index 38651 is out of bounds for axis 0 with size 38651
[bridge] ERROR: index 38651 is out of bounds for axis 0 with size 38651
[bridge] ERROR: index 38651 is out of bounds for axis 0 with size 38651
[bridge] ERROR: index 38651 is out of bounds for axis 0 with size 38651
[bridge] ERROR: index 38651 is out of bounds for axis 0 with size 38651
[bridge] ERROR: index 38651 is out of bounds for axis 0 with size 38651
[bridge] ERROR: index 38651 is out of bounds for axis 0 with size 38651
[bridge] ERROR: index 38651 is out of bounds for axis 0 with size 38651
[bridge] ERROR: index 38651 is out of bounds for axis 0 with size 38651
[bridge] ERROR: index 38651 is out of bounds for axis 0 with size 38651
[bridge] ERROR: index 38651 is out of bounds for axis 0 with size 38651
[bridge] ERROR: index 38651 is out of bounds for axis 0 with size 38651
[bridge] ERROR: index 38651 is out of bounds for axis 0 with size 38651
[bridge] ERROR: index 38651 is out of bounds for axis 0 with size 38651
[bridge] ERROR: index 38651 is out of bounds for axis 0 with size 38651
[bridge] ERROR: index 38651 is out of bounds for axis 0 with size 38651
[bridge] ERROR: index 38651 is out of bounds for axis 0 with size 38651
[bridge] ERROR: index 38651 is out of bounds for axis 0 with size 38651
[bridge] ERROR: index 38651 is out of bounds for axis 0 with size 38651
[bridge] ERROR: index 38651 is out of bounds for axis 0 with size 38651
[bridge] ERROR: index 38651 is out of bounds for axis 0 with size 38651
[bridge] ERROR: index 38651 is out of bounds for axis 0 with size 38651
[bridge] ERROR: index 38651 is out of bounds for axis 0 with size 38651
[bridge] ERROR: index 38651 is out of bounds for axis 0 with size 38651
[bridge] ERROR: index 38651 is out of bounds for axis 0 with size 38651
[bridge] ERROR: index 38651 is out of bounds for axis 0 with size 38651
[bridge] ERROR: index 38651 is out of bounds for axis 0 with size 38651
[bridge] ERROR: index 38651 is out of bounds for axis 0 with size 38651
[bridge] ERROR: index 38651 is out of bounds for axis 0 with size 38651
[bridge] ERROR: index 38651 is out of bounds for axis 0 with size 38651
[bridge] ERROR: index 38651 is out of bounds for axis 0 with size 38651
[bridge] ERROR: index 38651 is out of bounds for axis 0 with size 38651
[bridge] ERROR: index 38651 is out of bounds for axis 0 with size 38651
[bridge] ERROR: index 38651 is out of bounds for axis 0 with size 38651
[bridge] ERROR: index 38651 is out of bounds for axis 0 with size 38651
[bridge] ERROR: index 38651 is out of bounds for axis 0 with size 38651
[bridge] ERROR: index 38651 is out of bounds for axis 0 with size 38651
[bridge] ERROR: index 38651 is out of bounds for axis 0 with size 38651
[bridge] ERROR: index 38651 is out of bounds for axis 0 with size 38651
[bridge] ERROR: index 38651 is out of bounds for axis 0 with size 38651
[bridge] ERROR: index 38651 is out of bounds for axis 0 with size 38651
[bridge] ERROR: index 38651 is out of bounds for axis 0 with size 38651
[bridge] ERROR: index 38651 is out of bounds for axis 0 with size 38651
[bridge] ERROR: index 38651 is out of bounds for axis 0 with size 38651
[bridge] ERROR: index 38651 is out of bounds for axis 0 with size 38651
[bridge] ERROR: index 38651 is out of bounds for axis 0 with size 38651
[bridge] ERROR: index 38651 is out of bounds for axis 0 with size 38651
[bridge] ERROR: index 38651 is out of bounds for axis 0 with size 38651
[bridge] ERROR: index 38651 is out of bounds for axis 0 with size 38651
[bridge] ERROR: index 38651 is out of bounds for axis 0 with size 38651
[bridge] ERROR: index 38651 is out of bounds for axis 0 with size 38651
[bridge] ERROR: index 38651 is out of bounds for axis 0 with size 38651
[bridge] ERROR: index 38651 is out of bounds for axis 0 with size 38651
[bridge] ERROR: index 38651 is out of bounds for axis 0 with size 38651
[bridge] ERROR: index 38651 is out of bounds for axis 0 with size 38651
[bridge] ERROR: index 38651 is out of bounds for axis 0 with size 38651
[bridge] ERROR: index 38651 is out of bounds for axis 0 with size 38651
[bridge] ERROR: index 38651 is out of bounds for axis 0 with size 38651
[bridge] ERROR: index 38651 is out of bounds for axis 0 with size 38651
[bridge] ERROR: index 38651 is out of bounds for axis 0 with size 38651
[bridge] ERROR: index 38651 is out of bounds for axis 0 with size 38651
[bridge] ERROR: index 38651 is out of bounds for axis 0 with size 38651
[bridge] ERROR: index 38651 is out of bounds for axis 0 with size 38651
[bridge] ERROR: index 38651 is out of bounds for axis 0 with size 38651
----------------------------------------
Exception occurred during processing of request from ('127.0.0.1', 58570)
Traceback (most recent call last):
  File "C:\Python314\Lib\socketserver.py", line 697, in process_request_thread
    self.finish_request(request, client_address)
    ~~~~~~~~~~~~~~~~~~~^^^^^^^^^^^^^^^^^^^^^^^^^
  File "C:\Python314\Lib\socketserver.py", line 362, in finish_request
    self.RequestHandlerClass(request, client_address, self)
    ~~~~~~~~~~~~~~~~~~~~~~~~^^^^^^^^^^^^^^^^^^^^^^^^^^^^^^^
  File "C:\Python314\Lib\socketserver.py", line 766, in __init__
    self.handle()
    ~~~~~~~~~~~^^
  File "C:\Python314\Lib\http\server.py", line 496, in handle
    self.handle_one_request()
    ~~~~~~~~~~~~~~~~~~~~~~~^^
  File "C:\Python314\Lib\http\server.py", line 484, in handle_one_request
    method()
    ~~~~~~^^
  File "C:\Work\ThuyenRepo\EdgeMiner2\mt5_bridge\live_monitor_server.py", line 268, in do_GET
    self._send(
    ~~~~~~~~~~^
      200,
      ^^^^
      json.dumps(payload, ensure_ascii=False, default=str).encode("utf-8"),
      ^^^^^^^^^^^^^^^^^^^^^^^^^^^^^^^^^^^^^^^^^^^^^^^^^^^^^^^^^^^^^^^^^^^^^
      "application/json; charset=utf-8",
      ^^^^^^^^^^^^^^^^^^^^^^^^^^^^^^^^^^
    )
    ^
  File "C:\Work\ThuyenRepo\EdgeMiner2\mt5_bridge\live_monitor_server.py", line 227, in _send
    self.wfile.write(body)
    ~~~~~~~~~~~~~~~~^^^^^^
  File "C:\Python314\Lib\socketserver.py", line 845, in write
    self._sock.sendall(b)
    ~~~~~~~~~~~~~~~~~~^^^
ConnectionAbortedError: [WinError 10053] An established connection was aborted by the software in your host machine
----------------------------------------
[bridge] ERROR: index 38651 is out of bounds for axis 0 with size 38651
[bridge] ERROR: index 38651 is out of bounds for axis 0 with size 38651
[bridge] ERROR: index 38651 is out of bounds for axis 0 with size 38651
[bridge] ERROR: index 38651 is out of bounds for axis 0 with size 38651

--- start 2026-07-24T06:43:44+07:00 ---
[bridge] live monitor=http://127.0.0.1:8765
[bridge] dir=C:\Work\ThuyenRepo\EdgeMiner2\mt5\bridge model=tm_m15_best_2_49216b56
[bridge] history bars=38666
[bridge] bar=2026.07.24 02:15 action=FLAT reason=no_signal strat=Forge RR2.5 full 2L5S bb+zscore #065E
----------------------------------------
Exception occurred during processing of request from ('127.0.0.1', 49670)
Traceback (most recent call last):
  File "C:\Python314\Lib\socketserver.py", line 697, in process_request_thread
    self.finish_request(request, client_address)
    ~~~~~~~~~~~~~~~~~~~^^^^^^^^^^^^^^^^^^^^^^^^^
  File "C:\Python314\Lib\socketserver.py", line 362, in finish_request
    self.RequestHandlerClass(request, client_address, self)
    ~~~~~~~~~~~~~~~~~~~~~~~~^^^^^^^^^^^^^^^^^^^^^^^^^^^^^^^
  File "C:\Python314\Lib\socketserver.py", line 766, in __init__
    self.handle()
    ~~~~~~~~~~~^^
  File "C:\Python314\Lib\http\server.py", line 496, in handle
    self.handle_one_request()
    ~~~~~~~~~~~~~~~~~~~~~~~^^
  File "C:\Python314\Lib\http\server.py", line 484, in handle_one_request
    method()
    ~~~~~~^^
  File "C:\Work\ThuyenRepo\EdgeMiner2\mt5_bridge\live_monitor_server.py", line 268, in do_GET
    self._send(
    ~~~~~~~~~~^
      200,
      ^^^^
      json.dumps(payload, ensure_ascii=False, default=str).encode("utf-8"),
      ^^^^^^^^^^^^^^^^^^^^^^^^^^^^^^^^^^^^^^^^^^^^^^^^^^^^^^^^^^^^^^^^^^^^^
      "application/json; charset=utf-8",
      ^^^^^^^^^^^^^^^^^^^^^^^^^^^^^^^^^^
    )
    ^
  File "C:\Work\ThuyenRepo\EdgeMiner2\mt5_bridge\live_monitor_server.py", line 227, in _send
    self.wfile.write(body)
    ~~~~~~~~~~~~~~~~^^^^^^
  File "C:\Python314\Lib\socketserver.py", line 845, in write
    self._sock.sendall(b)
    ~~~~~~~~~~~~~~~~~~^^^
ConnectionAbortedError: [WinError 10053] An established connection was aborted by the software in your host machine
----------------------------------------
[bridge] bar=2026.07.24 02:30 action=FLAT reason=no_signal strat=Forge RR2.5 full 2L5S bb+zscore #065E
[bridge] bar=2026.07.24 02:45 action=FLAT reason=no_signal strat=Forge RR2.5 full 2L5S bb+zscore #065E
[bridge] bar=2026.07.24 03:00 action=FLAT reason=no_signal strat=Forge RR2.5 full 2L5S bb+zscore #065E
[bridge] bar=2026.07.24 03:15 action=FLAT reason=no_signal strat=Forge RR2.5 full 2L5S bb+zscore #065E
[bridge] bar=2026.07.24 03:30 action=FLAT reason=no_signal strat=Forge RR2.5 full 2L5S bb+zscore #065E
[bridge] bar=2026.07.24 03:45 action=FLAT reason=no_signal strat=Forge RR2.5 full 2L5S bb+zscore #065E
[bridge] bar=2026.07.24 04:00 action=FLAT reason=no_signal strat=Forge RR2.5 full 2L5S bb+zscore #065E
[bridge] bar=2026.07.24 04:15 action=FLAT reason=no_signal strat=Forge RR2.5 full 2L5S bb+zscore #065E
[bridge] bar=2026.07.24 04:30 action=FLAT reason=no_signal strat=Forge RR2.5 full 2L5S bb+zscore #065E
[bridge] bar=2026.07.24 04:45 action=FLAT reason=no_signal strat=Forge RR2.5 full 2L5S bb+zscore #065E
[bridge] bar=2026.07.24 05:00 action=FLAT reason=no_signal strat=Forge RR2.5 full 2L5S bb+zscore #065E
[bridge] bar=2026.07.24 05:15 action=FLAT reason=no_signal strat=Forge RR2.5 full 2L5S bb+zscore #065E

--- start 2026-07-24T09:35:23+07:00 ---
[bridge] live monitor=http://127.0.0.1:8765
[bridge] dir=C:\Work\ThuyenRepo\EdgeMiner2\mt5\bridge model=tm_m15_best_2_49216b56
[bridge] history bars=38678
[bridge] bar=2026.07.24 05:15 action=FLAT reason=no_signal strat=Forge RR2.5 full 2L5S bb+zscore #065E

--- start 2026-07-24T09:38:53+07:00 ---
[bridge] live monitor=http://127.0.0.1:8765
[bridge] dir=C:\Work\ThuyenRepo\EdgeMiner2\mt5\bridge model=tm_m15_best_2_49216b56
[bridge] history bars=38678
[bridge] bar=2026.07.24 05:15 action=FLAT reason=no_signal strat=Forge RR2.5 full 2L5S bb+zscore #065E
[bridge] bar=2026.07.24 05:30 action=FLAT reason=no_signal strat=Forge RR2.5 full 2L5S bb+zscore #065E
[bridge] bar=2026.07.24 05:45 action=FLAT reason=no_signal strat=Forge RR2.5 full 2L5S bb+zscore #065E
[bridge] bar=2026.07.24 06:00 action=FLAT reason=no_signal strat=Forge RR2.5 full 2L5S bb+zscore #065E
[bridge] bar=2026.07.24 06:15 action=FLAT reason=no_signal strat=Forge RR2.5 full 2L5S bb+zscore #065E
[bridge] bar=2026.07.24 06:30 action=FLAT reason=no_signal strat=Forge RR2.5 full 2L5S bb+zscore #065E

--- start 2026-07-24T14:20:09+05:30 ---
[bridge] live monitor unavailable: [Errno 98] Address already in use
[bridge] dir=C:\Work\ThuyenRepo\EdgeMiner2\mt5\bridge model=tm_m15_best_2_49216b56
[bridge] history bars=38685

--- start 2026-07-24T16:29:11+07:00 ---
[bridge] live monitor=http://127.0.0.1:8765
[bridge] dir=C:\Work\ThuyenRepo\EdgeMiner2\mt5\bridge model=tm_m15_best_2_49216b56
[bridge] history bars=38685
[bridge] bar=2026.07.24 12:00 action=FLAT reason=no_signal strat=Forge RR3 full 2L5S bb+zscore #E3A7

--- start 2026-07-24T16:31:08+07:00 ---
[bridge] live monitor=http://127.0.0.1:8765
[bridge] dir=C:\Work\ThuyenRepo\EdgeMiner2\mt5\bridge model=tm_m15_best_2_49216b56
[bridge] history bars=38686
[bridge] bar=2026.07.24 12:15 action=FLAT reason=no_signal strat=Forge RR3 full 2L5S bb+zscore #E3A7
[bridge] live monitor=http://127.0.0.1:8765
[bridge] dir=C:\Work\ThuyenRepo\EdgeMinerM15\mt5\bridge model=tm_m15_best_2_49216b56
[bridge] history bars=38687
[bridge] bar=2026.07.24 12:15 action=FLAT reason=no_signal strat=Forge RR3 full 2L5S bb+zscore #E3A7
[bridge] bar=2026.07.24 12:30 action=FLAT reason=no_signal strat=Forge RR3 full 2L5S bb+zscore #E3A7
[bridge] live monitor=http://127.0.0.1:8765
[bridge] dir=C:\Work\ThuyenRepo\EdgeMinerM15\mt5\bridge model=tm_m15_best_2_49216b56
[bridge] history bars=38688
----------------------------------------
Exception occurred during processing of request from ('127.0.0.1', 64618)
Traceback (most recent call last):
  File "C:\Python314\Lib\socketserver.py", line 697, in process_request_thread
    self.finish_request(request, client_address)
    ~~~~~~~~~~~~~~~~~~~^^^^^^^^^^^^^^^^^^^^^^^^^
  File "C:\Python314\Lib\socketserver.py", line 362, in finish_request
    self.RequestHandlerClass(request, client_address, self)
    ~~~~~~~~~~~~~~~~~~~~~~~~^^^^^^^^^^^^^^^^^^^^^^^^^^^^^^^
  File "C:\Python314\Lib\socketserver.py", line 766, in __init__
    self.handle()
    ~~~~~~~~~~~^^
  File "C:\Python314\Lib\http\server.py", line 496, in handle
    self.handle_one_request()
    ~~~~~~~~~~~~~~~~~~~~~~~^^
  File "C:\Python314\Lib\http\server.py", line 484, in handle_one_request
    method()
    ~~~~~~^^
  File "C:\Work\ThuyenRepo\EdgeMinerM15\mt5_bridge\live_monitor_server.py", line 293, in do_GET
    self._send(
    ~~~~~~~~~~^
      200,
      ^^^^
      json.dumps(payload, ensure_ascii=False, default=str).encode("utf-8"),
      ^^^^^^^^^^^^^^^^^^^^^^^^^^^^^^^^^^^^^^^^^^^^^^^^^^^^^^^^^^^^^^^^^^^^^
      "application/json; charset=utf-8",
      ^^^^^^^^^^^^^^^^^^^^^^^^^^^^^^^^^^
    )
    ^
  File "C:\Work\ThuyenRepo\EdgeMinerM15\mt5_bridge\live_monitor_server.py", line 252, in _send
    self.wfile.write(body)
    ~~~~~~~~~~~~~~~~^^^^^^
  File "C:\Python314\Lib\socketserver.py", line 845, in write
    self._sock.sendall(b)
    ~~~~~~~~~~~~~~~~~~^^^
ConnectionAbortedError: [WinError 10053] An established connection was aborted by the software in your host machine
----------------------------------------
[bridge] bar=2026.07.24 12:30 action=FLAT reason=no_signal strat=Forge RR3 full 2L5S bb+zscore #E3A7

--- start 2026-07-24T17:25:55+07:00 ---
[bridge] live monitor=http://127.0.0.1:8765
[bridge] dir=C:\Work\ThuyenRepo\EdgeMinerM15\mt5\bridge model=tm_m15_best_2_49216b56
[bridge] history bars=38688
[bridge] bar=2026.07.24 12:30 action=SELL reason=signal strat=Forge RR3 full 2L5S bb+zscore #E3A7
[bridge] bar=2026.07.24 13:15 action=HOLD reason=position_open strat=Forge RR3 full 2L5S bb+zscore #E3A7
[bridge] live monitor=http://127.0.0.1:8765
[bridge] dir=C:\Work\ThuyenRepo\EdgeMinerM15\mt5\bridge model=tm_m15_best_2_49216b56
[bridge] history bars=38689
[bridge] bar=2026.07.24 13:15 action=HOLD reason=position_open strat=Forge RR3 full 2L5S bb+zscore #E3A7
[bridge] live monitor=http://127.0.0.1:8765
[bridge] dir=C:\Work\ThuyenRepo\EdgeMinerM15\mt5\bridge model=tm_m15_best_2_49216b56
[bridge] history bars=38689
[bridge] bar=2026.07.24 13:15 action=HOLD reason=position_open strat=Forge RR3 full 2L5S bb+zscore #E3A7
[bridge] ERROR: [WinError 5] Access is denied: 'C:\\Work\\ThuyenRepo\\EdgeMinerM15\\data\\mt5_eurusd_m15.parquet.tmp' -> 'C:\\Work\\ThuyenRepo\\EdgeMinerM15\\data\\mt5_eurusd_m15.parquet'
[bridge] bar=2026.07.24 13:30 action=FLAT reason=no_signal strat=Forge RR3 full 2L5S bb+zscore #E3A7
[bridge] bar=2026.07.24 13:45 action=FLAT reason=no_signal strat=Forge RR3 full 2L5S bb+zscore #E3A7
[bridge] bar=2026.07.24 14:00 action=FLAT reason=no_signal strat=Forge RR3 full 2L5S bb+zscore #E3A7
[bridge] live monitor=http://127.0.0.1:8765
[bridge] dir=C:\Work\ThuyenRepo\EdgeMinerM15\mt5\bridge model=tm_m15_best_2_49216b56
[bridge] history bars=38713
[bridge] bar=2026.07.24 14:00 action=FLAT reason=no_signal strat=Forge RR3 full 2L5S bb+zscore #E3A7

--- start 2026-07-24T18:40:14+07:00 ---
[bridge] live monitor=http://127.0.0.1:8765
[bridge] dir=C:\Work\ThuyenRepo\EdgeMinerM15\mt5\bridge model=tm_m15_best_2_49216b56
[bridge] history bars=38713
[bridge] bar=2026.07.24 14:00 action=FLAT reason=no_signal strat=Forge RR3 full 2L5S bb+zscore #E3A7

--- start 2026-07-24T18:44:58+07:00 ---
[bridge] live monitor=http://127.0.0.1:8765
[bridge] dir=C:\Work\ThuyenRepo\EdgeMinerM15\mt5\bridge model=tm_m15_best_2_49216b56
[bridge] history bars=38713
[bridge] bar=2026.07.24 14:00 action=FLAT reason=no_signal strat=Forge RR3 full 2L5S bb+zscore #E3A7

--- start 2026-07-24T19:28:51+07:00 ---
[bridge] live monitor=http://127.0.0.1:8765
[bridge] dir=C:\Work\ThuyenRepo\EdgeMinerM15\mt5\bridge model=tm_m15_best_2_49216b56
[bridge] history bars=38713
[bridge] bar=2026.07.24 14:00 action=FLAT reason=no_signal strat=Forge RR3 full 2L5S bb+zscore #E3A7
[bridge] live monitor=http://127.0.0.1:8765
[bridge] dir=C:\Work\ThuyenRepo\EdgeMinerM15\mt5\bridge model=tm_m15_best_2_49216b56
[bridge] history bars=38713
[bridge] bar=2026.07.24 14:00 action=FLAT reason=no_signal strat=Forge RR3 full 2L5S bb+zscore #E3A7

--- start 2026-07-25T06:19:58+05:30 ---
[bridge] live monitor unavailable: [Errno 98] Address already in use
[bridge] dir=C:\Work\ThuyenRepo\EdgeMinerM15\mt5\bridge model=tm_m15_best_2_49216b56
[bridge] history bars=38719

--- start 2026-07-25T12:48:36+07:00 ---
[bridge] live monitor=http://127.0.0.1:8765
[bridge] dir=C:\Work\ThuyenRepo\EdgeMinerM15\mt5\bridge model=tm_m15_best_2_49216b56 conditions_fp=5a1f7bd0f375
[bridge] history bars=38719
[bridge] bar=2026.07.24 15:30 action=FLAT reason=no_signal strat=Forge RR3 full 2L5S bb+zscore #E3A7
Traceback (most recent call last):
  File "C:\Work\ThuyenRepo\EdgeMinerM15\scripts\mt5_bridge_service.py", line 305, in main
    last_fp, last_fill_fp = process_once(
                            ~~~~~~~~~~~~^
      engine, bridge_dir, last_fp=last_fp, last_fill_fp=last_fill_fp,
      ^^^^^^^^^^^^^^^^^^^^^^^^^^^^^^^^^^^^^^^^^^^^^^^^^^^^^^^^^^^^^^^
    )
    ^
  File "C:\Work\ThuyenRepo\EdgeMinerM15\scripts\mt5_bridge_service.py", line 158, in process_once
    write_status(
    ~~~~~~~~~~~~^
      bridge_dir,
      ^^^^^^^^^^^
    ...<5 lines>...
      error=None,
      ^^^^^^^^^^^
    )
    ^
  File "C:\Work\ThuyenRepo\EdgeMinerM15\mt5_bridge\protocol.py", line 209, in write_status
    atomic_write_json(status_path(bridge_dir), payload)
    ~~~~~~~~~~~~~~~~~^^^^^^^^^^^^^^^^^^^^^^^^^^^^^^^^^^
  File "C:\Work\ThuyenRepo\EdgeMinerM15\mt5_bridge\protocol.py", line 46, in atomic_write_json
    tmp.replace(path)
    ~~~~~~~~~~~^^^^^^
  File "C:\Python314\Lib\pathlib\__init__.py", line 1091, in replace
    os.replace(self, target)
    ~~~~~~~~~~^^^^^^^^^^^^^^
PermissionError: [WinError 5] Access is denied: 'C:\\Work\\ThuyenRepo\\EdgeMinerM15\\mt5\\bridge\\status.json.tmp' -> 'C:\\Work\\ThuyenRepo\\EdgeMinerM15\\mt5\\bridge\\status.json'

During handling of the above exception, another exception occurred:

Traceback (most recent call last):
  File "C:\Work\ThuyenRepo\EdgeMinerM15\scripts\mt5_bridge_service.py", line 326, in <module>
    raise SystemExit(main())
                     ~~~~^^
  File "C:\Work\ThuyenRepo\EdgeMinerM15\scripts\mt5_bridge_service.py", line 309, in main
    write_status(
    ~~~~~~~~~~~~^
      bridge_dir,
      ^^^^^^^^^^^
    ...<3 lines>...
      traceback=traceback.format_exc()[-2000:],
      ^^^^^^^^^^^^^^^^^^^^^^^^^^^^^^^^^^^^^^^^^
    )
    ^
  File "C:\Work\ThuyenRepo\EdgeMinerM15\mt5_bridge\protocol.py", line 209, in write_status
    atomic_write_json(status_path(bridge_dir), payload)
    ~~~~~~~~~~~~~~~~~^^^^^^^^^^^^^^^^^^^^^^^^^^^^^^^^^^
  File "C:\Work\ThuyenRepo\EdgeMinerM15\mt5_bridge\protocol.py", line 46, in atomic_write_json
    tmp.replace(path)
    ~~~~~~~~~~~^^^^^^
  File "C:\Python314\Lib\pathlib\__init__.py", line 1091, in replace
    os.replace(self, target)
    ~~~~~~~~~~^^^^^^^^^^^^^^
PermissionError: [WinError 5] Access is denied: 'C:\\Work\\ThuyenRepo\\EdgeMinerM15\\mt5\\bridge\\status.json.tmp' -> 'C:\\Work\\ThuyenRepo\\EdgeMinerM15\\mt5\\bridge\\status.json'

--- start 2026-07-25T13:49:50+07:00 ---
Traceback (most recent call last):
  File "C:\Work\ThuyenRepo\EdgeMinerM15\scripts\mt5_bridge_service.py", line 326, in <module>
    raise SystemExit(main())
                     ~~~~^^
  File "C:\Work\ThuyenRepo\EdgeMinerM15\scripts\mt5_bridge_service.py", line 224, in main
    _register_service_process(args)
    ~~~~~~~~~~~~~~~~~~~~~~~~~^^^^^^
  File "C:\Work\ThuyenRepo\EdgeMinerM15\scripts\mt5_bridge_service.py", line 65, in _register_service_process
    save_config(
    ~~~~~~~~~~~^
      enabled=True,
      ^^^^^^^^^^^^^
    ...<6 lines>...
      last_error=None,
      ^^^^^^^^^^^^^^^^
    )
    ^
  File "C:\Work\ThuyenRepo\EdgeMinerM15\mt5_bridge\background.py", line 110, in save_config
    _write_json(CONFIG_PATH, cfg)
    ~~~~~~~~~~~^^^^^^^^^^^^^^^^^^
  File "C:\Work\ThuyenRepo\EdgeMinerM15\mt5_bridge\background.py", line 77, in _write_json
    tmp.replace(path)
    ~~~~~~~~~~~^^^^^^
  File "C:\Python314\Lib\pathlib\__init__.py", line 1091, in replace
    os.replace(self, target)
    ~~~~~~~~~~^^^^^^^^^^^^^^
PermissionError: [WinError 5] Access is denied: 'C:\\Work\\ThuyenRepo\\EdgeMinerM15\\results\\mt5_bridge_config.tmp' -> 'C:\\Work\\ThuyenRepo\\EdgeMinerM15\\results\\mt5_bridge_config.json'

--- start 2026-07-25T13:50:36+07:00 ---
[bridge] live monitor=http://127.0.0.1:8765
[bridge] dir=C:\Work\ThuyenRepo\EdgeMinerM15\mt5\bridge model=tm_m15_best_2_49216b56 conditions_fp=5a1f7bd0f375
[bridge] history bars=38719
[bridge] bar=2026.07.24 15:30 action=FLAT reason=no_signal strat=Forge RR3 full 2L5S bb+zscore #E3A7
Traceback (most recent call last):
  File "C:\Work\ThuyenRepo\EdgeMinerM15\scripts\mt5_bridge_service.py", line 305, in main
    last_fp, last_fill_fp = process_once(
                            ~~~~~~~~~~~~^
      engine, bridge_dir, last_fp=last_fp, last_fill_fp=last_fill_fp,
      ^^^^^^^^^^^^^^^^^^^^^^^^^^^^^^^^^^^^^^^^^^^^^^^^^^^^^^^^^^^^^^^
    )
    ^
  File "C:\Work\ThuyenRepo\EdgeMinerM15\scripts\mt5_bridge_service.py", line 158, in process_once
    write_status(
    ~~~~~~~~~~~~^
      bridge_dir,
      ^^^^^^^^^^^
    ...<5 lines>...
      error=None,
      ^^^^^^^^^^^
    )
    ^
  File "C:\Work\ThuyenRepo\EdgeMinerM15\mt5_bridge\protocol.py", line 209, in write_status
    atomic_write_json(status_path(bridge_dir), payload)
    ~~~~~~~~~~~~~~~~~^^^^^^^^^^^^^^^^^^^^^^^^^^^^^^^^^^
  File "C:\Work\ThuyenRepo\EdgeMinerM15\mt5_bridge\protocol.py", line 46, in atomic_write_json
    tmp.replace(path)
    ~~~~~~~~~~~^^^^^^
  File "C:\Python314\Lib\pathlib\__init__.py", line 1091, in replace
    os.replace(self, target)
    ~~~~~~~~~~^^^^^^^^^^^^^^
PermissionError: [WinError 5] Access is denied: 'C:\\Work\\ThuyenRepo\\EdgeMinerM15\\mt5\\bridge\\status.json.tmp' -> 'C:\\Work\\ThuyenRepo\\EdgeMinerM15\\mt5\\bridge\\status.json'

During handling of the above exception, another exception occurred:

Traceback (most recent call last):
  File "C:\Work\ThuyenRepo\EdgeMinerM15\scripts\mt5_bridge_service.py", line 326, in <module>
    raise SystemExit(main())
                     ~~~~^^
  File "C:\Work\ThuyenRepo\EdgeMinerM15\scripts\mt5_bridge_service.py", line 309, in main
    write_status(
    ~~~~~~~~~~~~^
      bridge_dir,
      ^^^^^^^^^^^
    ...<3 lines>...
      traceback=traceback.format_exc()[-2000:],
      ^^^^^^^^^^^^^^^^^^^^^^^^^^^^^^^^^^^^^^^^^
    )
    ^
  File "C:\Work\ThuyenRepo\EdgeMinerM15\mt5_bridge\protocol.py", line 209, in write_status
    atomic_write_json(status_path(bridge_dir), payload)
    ~~~~~~~~~~~~~~~~~^^^^^^^^^^^^^^^^^^^^^^^^^^^^^^^^^^
  File "C:\Work\ThuyenRepo\EdgeMinerM15\mt5_bridge\protocol.py", line 46, in atomic_write_json
    tmp.replace(path)
    ~~~~~~~~~~~^^^^^^
  File "C:\Python314\Lib\pathlib\__init__.py", line 1091, in replace
    os.replace(self, target)
    ~~~~~~~~~~^^^^^^^^^^^^^^
PermissionError: [WinError 5] Access is denied: 'C:\\Work\\ThuyenRepo\\EdgeMinerM15\\mt5\\bridge\\status.json.tmp' -> 'C:\\Work\\ThuyenRepo\\EdgeMinerM15\\mt5\\bridge\\status.json'

--- start 2026-07-25T17:40:18+07:00 ---
[bridge] live monitor=http://127.0.0.1:8765
[bridge] dir=C:\Work\ThuyenRepo\EdgeMinerM15\mt5\bridge model=tm_m15_best_2_49216b56 conditions_fp=5a1f7bd0f375
[bridge] history bars=38719
[bridge] bar=2026.07.24 15:30 action=FLAT reason=no_signal strat=Forge RR3 full 2L5S bb+zscore #E3A7

--- start 2026-07-25T18:03:00+07:00 ---
[bridge] live monitor=http://127.0.0.1:8765
[bridge] dir=C:\Work\ThuyenRepo\EdgeMinerM15\mt5\bridge model=tm_m15_best_2_49216b56 conditions_fp=5a1f7bd0f375
[bridge] history bars=38719
[bridge] bar=2026.07.24 15:30 action=FLAT reason=no_signal strat=Forge RR3 full 2L5S bb+zscore #E3A7

--- start 2026-07-25T21:28:00+07:00 ---
[bridge] live monitor=http://127.0.0.1:8765
[bridge] dir=C:\Work\ThuyenRepo\EdgeMinerM15\mt5\bridge model=tm_m15_best_2_49216b56 conditions_fp=5a1f7bd0f375
[bridge] history bars=38719
[bridge] bar=2026.07.24 15:30 action=FLAT reason=no_signal strat=Forge RR3 full 2L5S bb+zscore #585B
[bridge] bar=2026.07.24 15:30 action=FLAT reason=no_signal strat=Forge RR3 full 2L5S bb+zscore #585B
[bridge] ERROR: [Errno 13] Permission denied: 'C:\\Work\\ThuyenRepo\\EdgeMinerM15\\mt5\\bridge\\status.json.tmp'
[bridge] ERROR: [Errno 13] Permission denied: 'C:\\Work\\ThuyenRepo\\EdgeMinerM15\\mt5\\bridge\\status.json.tmp'
[bridge] ERROR: [Errno 13] Permission denied: 'C:\\Work\\ThuyenRepo\\EdgeMinerM15\\mt5\\bridge\\status.json.tmp'
[bridge] ERROR: [Errno 13] Permission denied: 'C:\\Work\\ThuyenRepo\\EdgeMinerM15\\mt5\\bridge\\status.j[bridge] ERROR: [Errno 13] Permission denied: 'C:\\Work\\ThuyenRepo\\EdgeMinerM15\\mt5\\bridge\\status.json.tmp'
[bridge] ERROR: [Errno 13] Permission denied: 'C:\\Work\\ThuyenRepo\\EdgeMinerM15\\mt5\\bridge\\status.json.tmp'
[bridge] ERROR: [Errno 13] Permission denied: 'C:\\Work\\ThuyenRepo\\EdgeMinerM15\\mt5\\bridge\\status.json.tmp'
[bridge] ERROR: [Errno 13] Permission denied: 'C:\\Work\\ThuyenRepo\\EdgeMinerM15\\mt5\\bridge\\status.json.tmp'
[bridge] ERROR: [Errno 13] Permission denied: 'C:\\Work\\ThuyenRepo\\EdgeMinerM15\\mt5\\bridge\\status.json.tmp'
[bridge] ERROR: [Errno 13] Permission denied: 'C:\\Work\\ThuyenRepo\\EdgeMinerM15\\mt5\\bridge\\status.json.tmp'
son.tmp'
[bridge] ERROR: [Errno 13] Permission denied: 'C:\\Work\\ThuyenRepo\\EdgeMinerM15\\mt5\\bridge\\status.json.tmp'
[bridge] ERROR: [Errno 13] Permission denied: 'C:\\Work\\ThuyenRepo\\EdgeMinerM15\\mt5\\bridge\\status.json.tmp'
[bridge] ERROR: [Errno 13] Permission denied: 'C:\\Work\\ThuyenRepo\\EdgeMinerM15\\mt5\\bridge\\status.json.tmp'

--- start 2026-07-26T10:24:58+07:00 ---
[bridge] live monitor=http://127.0.0.1:8765
[bridge] dir=C:\Work\ThuyenRepo\EdgeMinerM15\mt5\bridge model=tm_m15_best_2_49216b56 conditions_fp=5a1f7bd0f375
[bridge] history bars=38719
[bridge] bar=2026.07.24 15:30 action=FLAT reason=no_signal strat=Forge RR3 full 2L5S bb+zscore #E3A7
[bridge] bar=2026.07.24 15:30 action=FLAT reason=no_signal strat=Forge RR3 full 2L5S bb+zscore #E3A7
[bridge] bar=2026.07.24 15:30 action=BUY reason=signal strat=Forge RR2.5 full 2L2S range+price #AE3C
[bridge] bar=2026.07.24 15:30 action=FLAT reason=no_signal strat=Forge RR3 full 2L5S bb+zscore #E3A7
[bridge] bar=2026.07.24 15:30 action=BUY reason=signal strat=Forge RR2.5 full 2L2S range+price #AE3C
[bridge] bar=2026.07.24 15:30 action=FLAT reason=no_signal strat=Forge RR3 full 2L5S bb+zscore #E3A7
[bridge] bar=2026.07.24 15:30 action=FLAT reason=no_signal strat=Forge RR3 full 2L5S bb+zscore #E3A7
[bridge] live monitor=http://127.0.0.1:8765
[bridge] dir=C:\Work\ThuyenRepo\EdgeMinerM15\mt5\bridge model=tm_m15_best_2_49216b56 conditions_fp=5a1f7bd0f375
[bridge] history bars=38719
[bridge] remine week=2026-07-20 strategy=Forge RR3 full 2L5S bb+zscore #E3A7 fm_len=38719 train_bars=1440 fp=5a1f7bd0f375
[bridge] bar=2026.07.24 15:30 action=FLAT reason=no_signal strat=Forge RR3 full 2L5S bb+zscore #E3A7
[bridge] remine week=2026-07-20 strategy=Forge RR3 full 2L5S bb+zscore #E3A7 fm_len=38751 train_bars=1440 fp=5a1f7bd0f375
[bridge] bar=2026.07.24 15:30 action=FLAT reason=no_signal strat=Forge RR3 full 2L5S bb+zscore #E3A7
----------------------------------------
Exception occurred during processing of request from ('127.0.0.1', 57360)
Traceback (most recent call last):
  File "C:\Python314\Lib\socketserver.py", line 697, in process_request_thread
    self.finish_request(request, client_address)
    ~~~~~~~~~~~~~~~~~~~^^^^^^^^^^^^^^^^^^^^^^^^^
  File "C:\Python314\Lib\socketserver.py", line 362, in finish_request
    self.RequestHandlerClass(request, client_address, self)
    ~~~~~~~~~~~~~~~~~~~~~~~~^^^^^^^^^^^^^^^^^^^^^^^^^^^^^^^
  File "C:\Python314\Lib\socketserver.py", line 766, in __init__
    self.handle()
    ~~~~~~~~~~~^^
  File "C:\Python314\Lib\http\server.py", line 496, in handle
    self.handle_one_request()
    ~~~~~~~~~~~~~~~~~~~~~~~^^
  File "C:\Python314\Lib\http\server.py", line 484, in handle_one_request
    method()
    ~~~~~~^^
  File "C:\Work\ThuyenRepo\EdgeMinerM15\mt5_bridge\live_monitor_server.py", line 702, in do_GET
    self._send(
    ~~~~~~~~~~^
      200,
      ^^^^
      json.dumps(payload, ensure_ascii=False, default=str).encode("utf-8"),
      ^^^^^^^^^^^^^^^^^^^^^^^^^^^^^^^^^^^^^^^^^^^^^^^^^^^^^^^^^^^^^^^^^^^^^
      "application/json; charset=utf-8",
      ^^^^^^^^^^^^^^^^^^^^^^^^^^^^^^^^^^
    )
    ^
  File "C:\Work\ThuyenRepo\EdgeMinerM15\mt5_bridge\live_monitor_server.py", line 647, in _send
    self.wfile.write(body)
    ~~~~~~~~~~~~~~~~^^^^^^
  File "C:\Python314\Lib\socketserver.py", line 845, in write
    self._sock.sendall(b)
    ~~~~~~~~~~~~~~~~~~^^^
ConnectionAbortedError: [WinError 10053] An established connection was aborted by the software in your host machine
----------------------------------------
[bridge] live monitor=http://127.0.0.1:8765
[bridge] dir=C:\Work\ThuyenRepo\EdgeMinerM15\mt5\bridge model=tm_m15_best_2_49216b56 conditions_fp=5a1f7bd0f375
[bridge] history bars=38751
[bridge] remine week=2026-07-20 strategy=Forge RR3 full 2L5S bb+zscore #E3A7 fm_len=38751 train_bars=1440 fp=5a1f7bd0f375
[bridge] bar=2026.07.24 15:30 action=FLAT reason=no_signal strat=Forge RR3 full 2L5S bb+zscore #E3A7
[bridge] remine week=2026-07-27 strategy=Forge RR3 full 2L5S bb+zscore #E6B5 fm_len=38752 train_bars=1427 fp=5a1f7bd0f375
[bridge] bar=2026.07.27 03:00 action=FLAT reason=no_signal strat=Forge RR3 full 2L5S bb+zscore #E6B5
----------------------------------------
Exception occurred during processing of request from ('127.0.0.1', 62495)
Traceback (most recent call last):
  File "C:\Python314\Lib\socketserver.py", line 697, in process_request_thread
    self.finish_request(request, client_address)
    ~~~~~~~~~~~~~~~~~~~^^^^^^^^^^^^^^^^^^^^^^^^^
  File "C:\Python314\Lib\socketserver.py", line 362, in finish_request
    self.RequestHandlerClass(request, client_address, self)
    ~~~~~~~~~~~~~~~~~~~~~~~~^^^^^^^^^^^^^^^^^^^^^^^^^^^^^^^
  File "C:\Python314\Lib\socketserver.py", line 766, in __init__
    self.handle()
    ~~~~~~~~~~~^^
  File "C:\Python314\Lib\http\server.py", line 496, in handle
    self.handle_one_request()
    ~~~~~~~~~~~~~~~~~~~~~~~^^
  File "C:\Python314\Lib\http\server.py", line 484, in handle_one_request
    method()
    ~~~~~~^^
  File "C:\Work\ThuyenRepo\EdgeMinerM15\mt5_bridge\live_monitor_server.py", line 702, in do_GET
    self._send(
    ~~~~~~~~~~^
      200,
      ^^^^
      json.dumps(payload, ensure_ascii=False, default=str).encode("utf-8"),
      ^^^^^^^^^^^^^^^^^^^^^^^^^^^^^^^^^^^^^^^^^^^^^^^^^^^^^^^^^^^^^^^^^^^^^
      "application/json; charset=utf-8",
      ^^^^^^^^^^^^^^^^^^^^^^^^^^^^^^^^^^
    )
    ^
  File "C:\Work\ThuyenRepo\EdgeMinerM15\mt5_bridge\live_monitor_server.py", line 647, in _send
    self.wfile.write(body)
    ~~~~~~~~~~~~~~~~^^^^^^
  File "C:\Python314\Lib\socketserver.py", line 845, in write
    self._sock.sendall(b)
    ~~~~~~~~~~~~~~~~~~^^^
ConnectionAbortedError: [WinError 10053] An established connection was aborted by the software in your host machine
----------------------------------------
[bridge] remine week=2026-07-27 strategy=Forge RR3 full 2L5S bb+zscore #E6B5 fm_len=38752 train_bars=1427 fp=5a1f7bd0f375
[bridge] bar=2026.07.27 03:00 action=FLAT reason=no_signal strat=Forge RR3 full 2L5S bb+zscore #E6B5
[bridge] bar=2026.07.27 03:15 action=FLAT reason=no_signal strat=Forge RR3 full 2L5S bb+zscore #E6B5
[bridge] bar=2026.07.27 03:30 action=FLAT reason=no_signal strat=Forge RR3 full 2L5S bb+zscore #E6B5
[bridge] bar=2026.07.27 03:45 action=FLAT reason=no_signal strat=Forge RR3 full 2L5S bb+zscore #E6B5
[bridge] bar=2026.07.27 04:00 action=FLAT reason=no_signal strat=Forge RR3 full 2L5S bb+zscore #E6B5
[bridge] bar=2026.07.27 04:15 action=FLAT reason=no_signal strat=Forge RR3 full 2L5S bb+zscore #E6B5
[bridge] bar=2026.07.27 04:30 action=FLAT reason=no_signal strat=Forge RR3 full 2L5S bb+zscore #E6B5
[bridge] bar=2026.07.27 04:45 action=FLAT reason=no_signal strat=Forge RR3 full 2L5S bb+zscore #E6B5
[bridge] bar=2026.07.27 05:00 action=FLAT reason=no_signal strat=Forge RR3 full 2L5S bb+zscore #E6B5
[bridge] bar=2026.07.27 05:15 action=FLAT reason=no_signal strat=Forge RR3 full 2L5S bb+zscore #E6B5
[bridge] bar=2026.07.27 05:30 action=FLAT reason=no_signal strat=Forge RR3 full 2L5S bb+zscore #E6B5
[bridge] bar=2026.07.27 05:45 action=FLAT reason=no_signal strat=Forge RR3 full 2L5S bb+zscore #E6B5
[bridge] bar=2026.07.27 06:00 action=FLAT reason=no_signal strat=Forge RR3 full 2L5S bb+zscore #E6B5
[bridge] bar=2026.07.27 06:15 action=FLAT reason=no_signal strat=Forge RR3 full 2L5S bb+zscore #E6B5
[bridge] bar=2026.07.27 06:30 action=FLAT reason=no_signal strat=Forge RR3 full 2L5S bb+zscore #E6B5
[bridge] bar=2026.07.27 06:45 action=FLAT reason=no_signal strat=Forge RR3 full 2L5S bb+zscore #E6B5
[bridge] bar=2026.07.27 07:00 action=FLAT reason=no_signal strat=Forge RR3 full 2L5S bb+zscore #E6B5
[bridge] bar=2026.07.27 07:15 action=FLAT reason=no_signal strat=Forge RR3 full 2L5S bb+zscore #E6B5
[bridge] bar=2026.07.27 07:30 action=FLAT reason=no_signal strat=Forge RR3 full 2L5S bb+zscore #E6B5
[bridge] bar=2026.07.27 07:45 action=FLAT reason=no_signal strat=Forge RR3 full 2L5S bb+zscore #E6B5
[bridge] bar=2026.07.27 08:00 action=FLAT reason=no_signal strat=Forge RR3 full 2L5S bb+zscore #E6B5
[bridge] bar=2026.07.27 08:15 action=FLAT reason=no_signal strat=Forge RR3 full 2L5S bb+zscore #E6B5
[bridge] bar=2026.07.27 08:30 action=FLAT reason=no_signal strat=Forge RR3 full 2L5S bb+zscore #E6B5
[bridge] bar=2026.07.27 08:45 action=FLAT reason=no_signal strat=Forge RR3 full 2L5S bb+zscore #E6B5
[bridge] bar=2026.07.27 09:00 action=SELL reason=signal strat=Forge RR3 full 2L5S bb+zscore #E6B5
[bridge] bar=2026.07.27 09:15 action=HOLD reason=position_open strat=Forge RR3 full 2L5S bb+zscore #E6B5
[bridge] bar=2026.07.27 09:30 action=SELL reason=signal strat=Forge RR3 full 2L5S bb+zscore #E6B5
[bridge] bar=2026.07.27 09:45 action=HOLD reason=position_open strat=Forge RR3 full 2L5S bb+zscore #E6B5
[bridge] bar=2026.07.27 14:15 action=FLAT reason=no_signal strat=Forge RR3 full 2L5S bb+zscore #E6B5
[bridge] bar=2026.07.27 14:30 action=FLAT reason=no_signal strat=Forge RR3 full 2L5S bb+zscore #E6B5
[bridge] bar=2026.07.27 14:45 action=FLAT reason=no_signal strat=Forge RR3 full 2L5S bb+zscore #E6B5
[bridge] bar=2026.07.27 15:00 action=FLAT reason=no_signal strat=Forge RR3 full 2L5S bb+zscore #E6B5
[bridge] bar=2026.07.27 16:00 action=FLAT reason=no_signal strat=Forge RR3 full 2L5S bb+zscore #E6B5
[bridge] bar=2026.07.27 16:15 action=FLAT reason=no_signal strat=Forge RR3 full 2L5S bb+zscore #E6B5
[bridge] bar=2026.07.27 16:30 action=FLAT reason=no_signal strat=Forge RR3 full 2L5S bb+zscore #E6B5

--- start 2026-07-31T22:27:29+07:00 ---
[bridge] live monitor=http://127.0.0.1:8765
[bridge] dir=C:\Work\ThuyenRepo\EdgeMinerM15\mt5\bridge model=tm_m15_best_2_49216b56 conditions_fp=5a1f7bd0f375
[bridge] history bars=38788
[bridge] remine week=2026-07-27 strategy=Forge RR3 full 2L5S bb+zscore #E6B5 fm_len=38789 train_bars=1427 fp=5a1f7bd0f375
[bridge] bar=2026.07.31 18:00 action=FLAT reason=no_signal strat=Forge RR3 full 2L5S bb+zscore #E6B5
[bridge] bar=2026.07.31 18:15 action=FLAT reason=no_signal strat=Forge RR3 full 2L5S bb+zscore #E6B5

--- start 2026-08-01T08:54:10+07:00 ---
[bridge] live monitor=http://127.0.0.1:8765
[bridge] dir=C:\Work\ThuyenRepo\EdgeMinerM15\mt5\bridge model=tm_m15_best_2_49216b56 conditions_fp=5a1f7bd0f375
[bridge] history bars=38790
[bridge] schedule week=2026-07-27 strategy=Forge RR3 full 2L5S bb+zscore #E6B5 fm_len=38790 train_bars=1427 fp=5a1f7bd0f375
[bridge] bar=2026.07.31 18:15 action=FLAT reason=no_signal strat=Forge RR3 full 2L5S bb+zscore #E6B5
[bridge] remine week=2026-07-27 strategy=Forge RR3 full 2L5S bb+zscore #4224 fm_len=38790 train_bars=1427 fp=d10c7baac133
[bridge] bar=2026.07.31 18:15 action=FLAT reason=no_signal strat=Forge RR3 full 2L5S bb+zscore #4224
[bridge] schedule week=2026-07-27 strategy=Forge RR3 full 2L5S bb+zscore #E6B5 fm_len=38790 train_bars=1427 fp=5a1f7bd0f375
[bridge] bar=2026.07.31 18:15 action=FLAT reason=no_signal strat=Forge RR3 full 2L5S bb+zscore #E6B5
[bridge] schedule week=2026-07-27 strategy=Forge RR3 full 2L5S bb+zscore #4224 fm_len=38790 train_bars=1427 fp=d10c7baac133
[bridge] bar=2026.07.31 18:15 action=FLAT reason=no_signal strat=Forge RR3 full 2L5S bb+zscore #4224
[bridge] schedule week=2026-07-27 strategy=Forge RR3 full 2L5S bb+zscore #E6B5 fm_len=38790 train_bars=1427 fp=5a1f7bd0f375
[bridge] bar=2026.07.31 18:15 action=FLAT reason=no_signal strat=Forge RR3 full 2L5S bb+zscore #E6B5
[bridge] schedule week=2026-07-27 strategy=Forge RR3 full 2L5S bb+zscore #4224 fm_len=38790 train_bars=1427 fp=d10c7baac133
[bridge] bar=2026.07.31 18:15 action=FLAT reason=no_signal strat=Forge RR3 full 2L5S bb+zscore #4224
[bridge] schedule week=2026-07-27 strategy=Forge RR3 full 2L5S bb+zscore #E6B5 fm_len=38790 train_bars=1427 fp=5a1f7bd0f375
[bridge] bar=2026.07.31 18:15 action=FLAT reason=no_signal strat=Forge RR3 full 2L5S bb+zscore #E6B5

--- start 2026-08-01T10:52:21+07:00 ---
[bridge] live monitor=http://127.0.0.1:8765
[bridge] dir=C:\Work\ThuyenRepo\EdgeMinerM15\mt5\bridge model=tm_m15_best_2_49216b56 conditions_fp=5a1f7bd0f375
[bridge] history bars=38912
[bridge] live monitor=http://127.0.0.1:8765
[bridge] dir=C:\Work\ThuyenRepo\LearnCursor\EdgeMinerM15\mt5\bridge model=tm_m15_best_2_49216b56 conditions_fp=5a1f7bd0f375
[bridge] history bars=38912
[bridge] schedule week=2026-07-27 strategy=Forge RR3 full 2L5S bb+zscore #E6B5 fm_len=39231 train_bars=1427 fp=5a1f7bd0f375
[bridge] bar=2026.07.31 18:15 action=FLAT reason=no_signal strat=Forge RR3 full 2L5S bb+zscore #E6B5

--- start 2026-08-01T11:04:01+07:00 ---
[bridge] live monitor=http://127.0.0.1:8765
[bridge] dir=C:\Work\ThuyenRepo\LearnCursor\EdgeMinerM15\mt5\bridge model=tm_m15_best_2_49216b56 conditions_fp=5a1f7bd0f375
[bridge] history bars=39231
[bridge] schedule week=2026-07-27 strategy=Forge RR3 full 2L5S bb+zscore #E6B5 fm_len=39231 train_bars=1427 fp=5a1f7bd0f375
[bridge] bar=2026.07.31 18:15 action=FLAT reason=no_signal strat=Forge RR3 full 2L5S bb+zscore #E6B5
[bridge] live monitor=http://127.0.0.1:8765
[bridge] dir=C:\Work\ThuyenRepo\LearnCursor\EdgeMinerM15\mt5\bridge model=tm_m15_best_2_49216b56 conditions_fp=5a1f7bd0f375
[bridge] history bars=39231
[bridge] schedule week=2026-07-27 strategy=Forge RR3 full 2L5S bb+zscore #E6B5 fm_len=39231 train_bars=1427 fp=5a1f7bd0f375
[bridge] bar=2026.07.31 18:15 action=FLAT reason=no_signal strat=Forge RR3 full 2L5S bb+zscore #E6B5
[bridge] schedule week=2026-07-27 strategy=Forge RR3 full 2L5S bb+zscore #E6B5 fm_len=39231 train_bars=1427 fp=5a1f7bd0f375
[bridge] bar=2026.07.31 18:15 action=FLAT reason=no_signal strat=Forge RR3 full 2L5S bb+zscore #E6B5

--- start 2026-08-01T11:44:18+07:00 ---
[bridge] live monitor=http://127.0.0.1:8765
[bridge] dir=C:\Work\ThuyenRepo\LearnCursor\EdgeMinerM15\mt5\bridge model=tm_m15_best_2_49216b56 conditions_fp=5a1f7bd0f375
[bridge] history bars=39231
[bridge] schedule week=2026-07-27 strategy=Forge RR3 full 2L5S bb+zscore #E6B5 fm_len=39231 train_bars=1427 fp=5a1f7bd0f375
[bridge] bar=2026.07.31 18:15 action=FLAT reason=no_signal strat=Forge RR3 full 2L5S bb+zscore #E6B5
[bridge] live monitor=http://127.0.0.1:8765
[bridge] dir=C:\Work\ThuyenRepo\LearnCursor\EdgeMinerM15\mt5\bridge model=tm_m15_best_2_49216b56 conditions_fp=5a1f7bd0f375
[bridge] history bars=39231
[bridge] schedule week=2026-07-27 strategy=Forge RR3 full 2L5S bb+zscore #E6B5 fm_len=39231 train_bars=1427 fp=5a1f7bd0f375
[bridge] bar=2026.07.31 18:15 action=FLAT reason=no_signal strat=Forge RR3 full 2L5S bb+zscore #E6B5

--- start 2026-08-01T11:47:10+07:00 ---
[bridge] live monitor=http://127.0.0.1:8765
[bridge] dir=C:\Work\ThuyenRepo\LearnCursor\EdgeMinerM15\mt5\bridge model=tm_m15_best_2_49216b56 conditions_fp=5a1f7bd0f375
[bridge] history bars=39231
[bridge] schedule week=2026-07-27 strategy=Forge RR3 full 2L5S bb+zscore #E6B5 fm_len=39231 train_bars=1427 fp=5a1f7bd0f375
[bridge] bar=2026.07.31 18:15 action=FLAT reason=no_signal strat=Forge RR3 full 2L5S bb+zscore #E6B5

--- start 2026-08-01T12:01:06+07:00 ---
[bridge] live monitor=http://127.0.0.1:8765
[bridge] dir=C:\Work\ThuyenRepo\LearnCursor\EdgeMinerM15\mt5\bridge model=tm_m15_best_2_49216b56 conditions_fp=5a1f7bd0f375
[bridge] history bars=39231
[bridge] schedule week=2026-07-27 strategy=Forge RR3 full 2L5S bb+zscore #E6B5 fm_len=39231 train_bars=1427 fp=5a1f7bd0f375
[bridge] bar=2026.07.31 18:15 action=FLAT reason=no_signal strat=Forge RR3 full 2L5S bb+zscore #E6B5
[bridge] bar=2026.07.31 18:15 action=FLAT reason=no_signal strat=Forge RR3 full 2L5S bb+zscore #E6B5
[bridge] remine week=2026-07-27 strategy=Forge RR3 full 2L4S range+rsi #D579 fm_len=39231 train_bars=2880 fp=0dcf21734eef
[bridge] bar=2026.07.31 18:15 action=FLAT reason=no_signal strat=Forge RR3 full 2L4S range+rsi #D579
[bridge] schedule week=2026-07-27 strategy=Forge RR3 full 2L5S bb+zscore #E6B5 fm_len=39231 train_bars=1427 fp=7e3dea6f891b
[bridge] bar=2026.07.31 18:15 action=FLAT reason=no_signal strat=Forge RR3 full 2L5S bb+zscore #E6B5
[bridge] schedule week=2026-07-27 strategy=Forge RR3 full 2L5S bb+zscore #4224 fm_len=39231 train_bars=1427 fp=d10c7baac133
[bridge] bar=2026.07.31 18:15 action=FLAT reason=no_signal strat=Forge RR3 full 2L5S bb+zscore #4224
[bridge] schedule week=2026-07-27 strategy=Forge RR3 full 2L4S range+rsi #D579 fm_len=39231 train_bars=2880 fp=0dcf21734eef
[bridge] bar=2026.07.31 18:15 action=FLAT reason=no_signal strat=Forge RR3 full 2L4S range+rsi #D579
[bridge] schedule week=2026-07-27 strategy=Forge RR3 full 2L5S bb+zscore #4224 fm_len=39231 train_bars=1427 fp=d10c7baac133
[bridge] bar=2026.07.31 18:15 action=FLAT reason=no_signal strat=Forge RR3 full 2L5S bb+zscore #4224
[bridge] schedule week=2026-07-27 strategy=Forge RR3 full 2L3S rsi+range #DDD1 fm_len=39231 train_bars=2880 fp=0dcf21734eef
[bridge] bar=2026.07.31 18:15 action=FLAT reason=no_signal strat=Forge RR3 full 2L3S rsi+range #DDD1
[bridge] schedule week=2026-07-27 strategy=Forge RR3 full 2L5S bb+zscore #4224 fm_len=39231 train_bars=1427 fp=d10c7baac133
[bridge] bar=2026.07.31 18:15 action=FLAT reason=no_signal strat=Forge RR3 full 2L5S bb+zscore #4224
[bridge] schedule week=2026-07-27 strategy=Forge RR3 full 2L3S rsi+range #DDD1 fm_len=39231 train_bars=2880 fp=0dcf21734eef
[bridge] bar=2026.07.31 18:15 action=FLAT reason=no_signal strat=Forge RR3 full 2L3S rsi+range #DDD1
[bridge] schedule week=2026-07-27 strategy=Forge RR3 full 2L5S bb+zscore #4224 fm_len=39231 train_bars=1427 fp=d10c7baac133
[bridge] bar=2026.07.31 18:15 action=FLAT reason=no_signal strat=Forge RR3 full 2L5S bb+zscore #4224
[bridge] schedule week=2026-07-27 strategy=Forge RR3 full 2L3S rsi+range #DDD1 fm_len=39231 train_bars=2880 fp=7e3dea6f891b
[bridge] bar=2026.07.31 18:15 action=FLAT reason=no_signal strat=Forge RR3 full 2L3S rsi+range #DDD1
[bridge] schedule week=2026-07-27 strategy=Forge RR3 full 2L3S rsi+range #DDD1 fm_len=39231 train_bars=2880 fp=0dcf21734eef
[bridge] bar=2026.07.31 18:15 action=FLAT reason=no_signal strat=Forge RR3 full 2L3S rsi+range #DDD1
[bridge] schedule week=2026-07-27 strategy=Forge RR3 full 2L3S rsi+range #DDD1 fm_len=39231 train_bars=2880 fp=7e3dea6f891b
[bridge] bar=2026.07.31 18:15 action=FLAT reason=no_signal strat=Forge RR3 full 2L3S rsi+range #DDD1
[bridge] schedule week=2026-07-27 strategy=Forge RR3 full 2L3S rsi+range #DDD1 fm_len=39231 train_bars=2880 fp=0dcf21734eef
[bridge] bar=2026.07.31 18:15 action=FLAT reason=no_signal strat=Forge RR3 full 2L3S rsi+range #DDD1
[bridge] schedule week=2026-07-27 strategy=Forge RR3 full 2L5S bb+zscore #4224 fm_len=39231 train_bars=1427 fp=d10c7baac133
[bridge] bar=2026.07.31 18:15 action=FLAT reason=no_signal strat=Forge RR3 full 2L5S bb+zscore #4224
[bridge] schedule week=2026-07-27 strategy=Forge RR3 full 2L3S rsi+range #DDD1 fm_len=39231 train_bars=2880 fp=0dcf21734eef
[bridge] bar=2026.07.31 18:15 action=FLAT reason=no_signal strat=Forge RR3 full 2L3S rsi+range #DDD1
[bridge] schedule week=2026-07-27 strategy=Forge RR3 full 2L5S bb+zscore #4224 fm_len=39231 train_bars=1427 fp=d10c7baac133
[bridge] bar=2026.07.31 18:15 action=FLAT reason=no_signal strat=Forge RR3 full 2L5S bb+zscore #4224
[bridge] schedule week=2026-07-27 strategy=Forge RR3 full 2L3S rsi+range #DDD1 fm_len=39231 train_bars=2880 fp=7e3dea6f891b
[bridge] bar=2026.07.31 18:15 action=FLAT reason=no_signal strat=Forge RR3 full 2L3S rsi+range #DDD1
[bridge] schedule week=2026-07-27 strategy=Forge RR3 full 2L3S rsi+range #DDD1 fm_len=39231 train_bars=2880 fp=0dcf21734eef
[bridge] bar=2026.07.31 18:15 action=FLAT reason=no_signal strat=Forge RR3 full 2L3S rsi+range #DDD1
[bridge] schedule week=2026-07-27 strategy=Forge RR3 full 2L3S rsi+range #DDD1 fm_len=39231 train_bars=2880 fp=7e3dea6f891b
[bridge] bar=2026.07.31 18:15 action=FLAT reason=no_signal strat=Forge RR3 full 2L3S rsi+range #DDD1
[bridge] schedule week=2026-07-27 strategy=Forge RR3 full 2L3S rsi+range #DDD1 fm_len=39231 train_bars=2880 fp=0dcf21734eef
[bridge] bar=2026.07.31 18:15 action=FLAT reason=no_signal strat=Forge RR3 full 2L3S rsi+range #DDD1
[bridge] schedule week=2026-07-27 strategy=Forge RR3 full 2L3S rsi+range #DDD1 fm_len=39231 train_bars=2880 fp=7e3dea6f891b
[bridge] bar=2026.07.31 18:15 action=FLAT reason=no_signal strat=Forge RR3 full 2L3S rsi+range #DDD1
[bridge] schedule week=2026-07-27 strategy=Forge RR3 full 2L5S bb+zscore #4224 fm_len=39231 train_bars=1427 fp=d10c7baac133
[bridge] bar=2026.07.31 18:15 action=FLAT reason=no_signal strat=Forge RR3 full 2L5S bb+zscore #4224
[bridge] schedule week=2026-07-27 strategy=Forge RR3 full 2L3S rsi+range #DDD1 fm_len=39231 train_bars=2880 fp=0dcf21734eef
[bridge] bar=2026.07.31 18:15 action=FLAT reason=no_signal strat=Forge RR3 full 2L3S rsi+range #DDD1
[bridge] schedule week=2026-07-27 strategy=Forge RR3 full 2L5S bb+zscore #4224 fm_len=39231 train_bars=1427 fp=d10c7baac133
[bridge] bar=2026.07.31 18:15 action=FLAT reason=no_signal strat=Forge RR3 full 2L5S bb+zscore #4224
[bridge] schedule week=2026-07-27 strategy=Forge RR3 full 2L3S rsi+range #DDD1 fm_len=39231 train_bars=2880 fp=0dcf21734eef
[bridge] bar=2026.07.31 18:15 action=FLAT reason=no_signal strat=Forge RR3 full 2L3S rsi+range #DDD1

--- start 2026-08-02T09:05:06+07:00 ---
[bridge] live monitor=http://127.0.0.1:8765
[bridge] dir=C:\Work\ThuyenRepo\LearnCursor\EdgeMinerM15\mt5\bridge model=tm_h_c_6_tu_n_h_c_2025-2026-6th_95db4f78 conditions_fp=0dcf21734eef
[bridge] history bars=39231
[bridge] schedule week=2026-07-27 strategy=Forge RR3 full 2L3S rsi+range #DDD1 fm_len=39231 train_bars=2880 fp=0dcf21734eef
[bridge] bar=2026.07.31 18:15 action=FLAT reason=no_signal strat=Forge RR3 full 2L3S rsi+range #DDD1
[bridge] schedule week=2026-07-27 strategy=Forge RR3 full 2L5S bb+zscore #4224 fm_len=39231 train_bars=1427 fp=d10c7baac133
[bridge] bar=2026.07.31 18:15 action=FLAT reason=no_signal strat=Forge RR3 full 2L5S bb+zscore #4224
[bridge] schedule week=2026-07-27 strategy=Forge RR3 full 2L3S rsi+range #DDD1 fm_len=39231 train_bars=2880 fp=0dcf21734eef
[bridge] bar=2026.07.31 18:15 action=FLAT reason=no_signal strat=Forge RR3 full 2L3S rsi+range #DDD1
[bridge] schedule week=2026-07-27 strategy=Forge RR3 full 2L5S bb+zscore #4224 fm_len=39231 train_bars=1427 fp=d10c7baac133
[bridge] bar=2026.07.31 18:15 action=FLAT reason=no_signal strat=Forge RR3 full 2L5S bb+zscore #4224
[bridge] schedule week=2026-07-27 strategy=Forge RR3 full 2L3S rsi+range #DDD1 fm_len=39231 train_bars=2880 fp=0dcf21734eef
[bridge] bar=2026.07.31 18:15 action=FLAT reason=no_signal strat=Forge RR3 full 2L3S rsi+range #DDD1
[bridge] schedule week=2026-07-27 strategy=Forge RR3 full 2L5S bb+zscore #4224 fm_len=39231 train_bars=1427 fp=d10c7baac133
[bridge] bar=2026.07.31 18:15 action=FLAT reason=no_signal strat=Forge RR3 full 2L5S bb+zscore #4224
[bridge] schedule week=2026-07-27 strategy=Forge RR3 full 2L3S rsi+range #DDD1 fm_len=39231 train_bars=2880 fp=0dcf21734eef
[bridge] bar=2026.07.31 18:15 action=FLAT reason=no_signal strat=Forge RR3 full 2L3S rsi+range #DDD1
[bridge] remine week=2026-07-27 strategy=Forge RR3 full 2L5S bb+zscore #3517 fm_len=39231 train_bars=1440 fp=d10c7baac133
[bridge] bar=2026.07.31 18:15 action=FLAT reason=no_signal strat=Forge RR3 full 2L5S bb+zscore #3517
[bridge] schedule week=2026-07-27 strategy=Forge RR3 full 2L3S rsi+range #DDD1 fm_len=39231 train_bars=2880 fp=0dcf21734eef
[bridge] bar=2026.07.31 18:15 action=FLAT reason=no_signal strat=Forge RR3 full 2L3S rsi+range #DDD1
[bridge] bar=2026.07.31 18:15 action=FLAT reason=no_signal strat=Forge RR3 full 2L3S rsi+range #DDD1
[bridge] remine week=2026-07-27 strategy=Forge RR3 full 2L4S range+rsi #D579 fm_len=39231 train_bars=2880 fp=7f2d205df65e
[bridge] bar=2026.07.31 18:15 action=FLAT reason=no_signal strat=Forge RR3 full 2L4S range+rsi #D579
[bridge] remine week=2026-07-27 strategy=Forge RR3 full 2L4S range+rsi #E895 fm_len=39231 train_bars=1440 fp=47ea19db5a42
[bridge] bar=2026.07.31 18:15 action=FLAT reason=no_signal strat=Forge RR3 full 2L4S range+rsi #E895
[bridge] schedule week=2026-07-27 strategy=Forge RR3 full 2L4S range+rsi #D579 fm_len=39231 train_bars=2880 fp=7f2d205df65e
[bridge] bar=2026.07.31 18:15 action=FLAT reason=no_signal strat=Forge RR3 full 2L4S range+rsi #D579
[bridge] schedule week=2026-07-27 strategy=Forge RR3 full 2L4S range+rsi #E895 fm_len=39231 train_bars=1440 fp=47ea19db5a42
[bridge] bar=2026.07.31 18:15 action=FLAT reason=no_signal strat=Forge RR3 full 2L4S range+rsi #E895
[bridge] schedule week=2026-07-27 strategy=Forge RR3 full 2L4S range+rsi #D579 fm_len=39231 train_bars=2880 fp=7f2d205df65e
[bridge] bar=2026.07.31 18:15 action=FLAT reason=no_signal strat=Forge RR3 full 2L4S range+rsi #D579
[bridge] schedule week=2026-07-27 strategy=Forge RR3 full 2L4S range+rsi #E895 fm_len=39231 train_bars=1440 fp=47ea19db5a42
[bridge] bar=2026.07.31 18:15 action=FLAT reason=no_signal strat=Forge RR3 full 2L4S range+rsi #E895
[bridge] schedule week=2026-07-27 strategy=Forge RR3 full 2L4S range+rsi #D579 fm_len=39231 train_bars=2880 fp=7f2d205df65e
[bridge] bar=2026.07.31 18:15 action=FLAT reason=no_signal strat=Forge RR3 full 2L4S range+rsi #D579
[bridge] schedule week=2026-07-27 strategy=Forge RR3 full 2L4S range+rsi #D579 fm_len=39231 train_bars=2880 fp=7f2d205df65e
[bridge] bar=2026.07.31 18:15 action=FLAT reason=no_signal strat=Forge RR3 full 2L4S range+rsi #D579

--- start 2026-08-02T11:11:04+07:00 ---
[bridge] live monitor=http://127.0.0.1:8765
[bridge] dir=C:\Work\ThuyenRepo\LearnCursor\EdgeMinerM15\mt5\bridge model=tm_h_c_6_tu_n_h_c_2025-2026-6th_bc18d887 conditions_fp=7f2d205df65e
[bridge] history bars=39231
[bridge] schedule week=2026-07-27 strategy=Forge RR3 full 2L4S range+rsi #D579 fm_len=39231 train_bars=2880 fp=7f2d205df65e
[bridge] bar=2026.07.31 18:15 action=FLAT reason=no_signal strat=Forge RR3 full 2L4S range+rsi #D579

--- start 2026-08-03T13:40:37+05:30 ---
[bridge] live monitor unavailable: [Errno 98] Address already in use
[bridge] dir=C:\Work\ThuyenRepo\LearnCursor\EdgeMinerM15\mt5\bridge model=tm_breakthrough_elite_or_qualit_d23dbb33 conditions_fp=6314e880fd1c
[bridge] history bars=39231

--- start 2026-08-03T20:26:25+07:00 ---
[bridge] live monitor=http://127.0.0.1:8765
[bridge] dir=C:\Work\ThuyenRepo\LearnCursor\EdgeMinerM15\mt5\bridge model=tm_breakthrough_elite_or_qualit_d23dbb33 conditions_fp=490a57dc1f9e
[bridge] history bars=39231
[bridge] schedule week=2026-07-27 strategy=Forge RR4 full 2L4S rsi+ema #9508|chase:fixed_or_rsi<58+vwap<1.5 fm_len=39231 train_bars=2880 fp=490a57dc1f9e
[bridge] bar=2026.07.31 18:15 action=FLAT reason=no_signal strat=Forge RR4 full 2L4S rsi+ema #9508|chase:fixed_or_rsi<58+vwap<1.5
[bridge] live monitor=http://127.0.0.1:8765
[bridge] dir=C:\Work\ThuyenRepo\EdgeMinerM15\mt5\bridge model=tm_breakthrough_elite_or_qualit_d23dbb33 conditions_fp=490a57dc1f9e
[bridge] history bars=39231
[bridge] remine week=2026-08-03 strategy=Forge RR3 full 2L4S rsi+range #7A74|chase:fixed_or_rsi<58+vwap<1.5 fm_len=39232 train_bars=2867 fp=490a57dc1f9e
[bridge] bar=2026.08.03 16:15 action=FLAT reason=no_signal strat=Forge RR3 full 2L4S rsi+range #7A74|chase:fixed_or_rsi<58+vwap<1.5
[bridge] remine week=2026-08-03 strategy=Forge RR4 full 2L4S rsi+ema #2399|chase:fixed_or_rsi<55+vwap<99 fm_len=39232 train_bars=2867 fp=458954eb0259
[bridge] bar=2026.08.03 16:15 action=FLAT reason=no_signal strat=Forge RR4 full 2L4S rsi+ema #2399|chase:fixed_or_rsi<55+vwap<99
[bridge] schedule week=2026-08-03 strategy=Forge RR3 full 2L4S rsi+range #7A74|chase:fixed_or_rsi<58+vwap<1.5 fm_len=39232 train_bars=2867 fp=490a57dc1f9e
[bridge] bar=2026.08.03 16:15 action=FLAT reason=no_signal strat=Forge RR3 full 2L4S rsi+range #7A74|chase:fixed_or_rsi<58+vwap<1.5
[bridge] bar=2026.08.03 16:30 action=FLAT reason=no_signal strat=Forge RR3 full 2L4S rsi+range #7A74|chase:fixed_or_rsi<58+vwap<1.5
[bridge] bar=2026.08.03 16:45 action=FLAT reason=no_signal strat=Forge RR3 full 2L4S rsi+range #7A74|chase:fixed_or_rsi<58+vwap<1.5
[bridge] bar=2026.08.03 17:00 action=FLAT reason=no_signal strat=Forge RR3 full 2L4S rsi+range #7A74|chase:fixed_or_rsi<58+vwap<1.5
[bridge] bar=2026.08.03 17:15 action=FLAT reason=no_signal strat=Forge RR3 full 2L4S rsi+range #7A74|chase:fixed_or_rsi<58+vwap<1.5
[bridge] bar=2026.08.03 17:30 action=FLAT reason=no_signal strat=Forge RR3 full 2L4S rsi+range #7A74|chase:fixed_or_rsi<58+vwap<1.5
[bridge] bar=2026.08.03 17:45 action=FLAT reason=no_signal strat=Forge RR3 full 2L4S rsi+range #7A74|chase:fixed_or_rsi<58+vwap<1.5
[bridge] bar=2026.08.03 18:00 action=FLAT reason=no_signal strat=Forge RR3 full 2L4S rsi+range #7A74|chase:fixed_or_rsi<58+vwap<1.5
[bridge] bar=2026.08.03 18:15 action=FLAT reason=no_signal strat=Forge RR3 full 2L4S rsi+range #7A74|chase:fixed_or_rsi<58+vwap<1.5
[bridge] remine week=2026-08-03 strategy=Forge RR3.5 full 2L5S range+swing #6837|chase:fixed_or_rsi<58+vwap<1.5 fm_len=39240 train_bars=1427 fp=e396506059c5
[bridge] bar=2026.08.03 18:15 action=FLAT reason=no_signal strat=Forge RR3.5 full 2L5S range+swing #6837|chase:fixed_or_rsi<58+vwap<1.5
[bridge] schedule week=2026-08-03 strategy=Forge RR3 full 2L4S rsi+range #7A74|chase:fixed_or_rsi<58+vwap<1.5 fm_len=39240 train_bars=2867 fp=490a57dc1f9e
[bridge] bar=2026.08.03 18:15 action=FLAT reason=no_signal strat=Forge RR3 full 2L4S rsi+range #7A74|chase:fixed_or_rsi<58+vwap<1.5
[bridge] schedule week=2026-08-03 strategy=Forge RR4 full 2L4S rsi+ema #2399|chase:fixed_or_rsi<55+vwap<99 fm_len=39240 train_bars=2867 fp=458954eb0259
[bridge] bar=2026.08.03 18:15 action=FLAT reason=no_signal strat=Forge RR4 full 2L4S rsi+ema #2399|chase:fixed_or_rsi<55+vwap<99
[bridge] remine week=2026-08-03 strategy=Forge RR3 full 2L4S rsi+ema #9C8B|surg:h8 fm_len=39240 train_bars=2867 fp=a4e4a9cdbe91
[bridge] bar=2026.08.03 18:15 action=FLAT reason=no_signal strat=Forge RR3 full 2L4S rsi+ema #9C8B|surg:h8
[bridge] remine week=2026-08-03 strategy=Forge RR3 full 2L4S rsi+range #B7DA fm_len=39240 train_bars=2867 fp=c2d15f612bdc
[bridge] bar=2026.08.03 18:15 action=FLAT reason=no_signal strat=Forge RR3 full 2L4S rsi+range #B7DA
[bridge] remine week=2026-08-03 strategy=Forge RR3 full 2L3S rsi+swing #96CC|chase:fixed_or_rsi<68+vwap<99 fm_len=39240 train_bars=2867 fp=e60f1547d6e7
[bridge] bar=2026.08.03 18:15 action=FLAT reason=no_signal strat=Forge RR3 full 2L3S rsi+swing #96CC|chase:fixed_or_rsi<68+vwap<99
[bridge] remine week=2026-08-03 strategy=Forge RR3 full 2L4S rsi+ema #7A74|chase:fixed_or_rsi<58+vwap<1.2 fm_len=39240 train_bars=2867 fp=e645273a1366
[bridge] bar=2026.08.03 18:15 action=FLAT reason=no_signal strat=Forge RR3 full 2L4S rsi+ema #7A74|chase:fixed_or_rsi<58+vwap<1.2
[bridge] schedule week=2026-08-03 strategy=Forge RR3.5 full 2L5S range+swing #6837|chase:fixed_or_rsi<58+vwap<1.5 fm_len=39240 train_bars=1427 fp=e396506059c5
[bridge] bar=2026.08.03 18:15 action=FLAT reason=no_signal strat=Forge RR3.5 full 2L5S range+swing #6837|chase:fixed_or_rsi<58+vwap<1.5

--- start 2026-08-03T22:44:45+07:00 ---
[bridge] live monitor=http://127.0.0.1:8765
[bridge] dir=C:\Work\ThuyenRepo\EdgeMinerM15\mt5\bridge model=tm_h_c_3_tu_n_h_c_2025-2026-6th_f574b07e conditions_fp=e396506059c5
[bridge] history bars=39240
[bridge] schedule week=2026-08-03 strategy=Forge RR3.5 full 2L5S range+swing #6837|chase:fixed_or_rsi<58+vwap<1.5 fm_len=39240 train_bars=1427 fp=e396506059c5
[bridge] bar=2026.08.03 18:15 action=FLAT reason=no_signal strat=Forge RR3.5 full 2L5S range+swing #6837|chase:fixed_or_rsi<58+vwap<1.5
[bridge] bar=2026.08.03 18:30 action=FLAT reason=no_signal strat=Forge RR3.5 full 2L5S range+swing #6837|chase:fixed_or_rsi<58+vwap<1.5
[bridge] schedule week=2026-08-03 strategy=Forge RR3 full 2L4S rsi+ema #7A74|chase:fixed_or_rsi<58+vwap<1.2 fm_len=39241 train_bars=2867 fp=e645273a1366
[bridge] bar=2026.08.03 18:30 action=FLAT reason=no_signal strat=Forge RR3 full 2L4S rsi+ema #7A74|chase:fixed_or_rsi<58+vwap<1.2
[bridge] schedule week=2026-08-03 strategy=Forge RR3 full 2L4S rsi+range #7A74|chase:fixed_or_rsi<58+vwap<1.5 fm_len=39241 train_bars=2867 fp=490a57dc1f9e
[bridge] bar=2026.08.03 18:30 action=FLAT reason=no_signal strat=Forge RR3 full 2L4S rsi+range #7A74|chase:fixed_or_rsi<58+vwap<1.5

--- start 2026-08-03T22:48:41+07:00 ---
[bridge] live monitor=http://127.0.0.1:8765
[bridge] dir=C:\Work\ThuyenRepo\EdgeMinerM15\mt5\bridge model=tm_breakthrough_elite_60_3_vwap_c1ad2c33 conditions_fp=e645273a1366
[bridge] history bars=39241
[bridge] schedule week=2026-08-03 strategy=Forge RR3 full 2L4S rsi+ema #7A74|chase:fixed_or_rsi<58+vwap<1.2 fm_len=39241 train_bars=2867 fp=e645273a1366
[bridge] bar=2026.08.03 18:30 action=FLAT reason=no_signal strat=Forge RR3 full 2L4S rsi+ema #7A74|chase:fixed_or_rsi<58+vwap<1.2

--- start 2026-08-03T22:54:19+07:00 ---
[bridge] live monitor=http://127.0.0.1:8765
[bridge] dir=C:\Work\ThuyenRepo\EdgeMinerM15\mt5\bridge model=tm_breakthrough_elite_60_3_vwap_c1ad2c33 conditions_fp=e645273a1366
[bridge] history bars=39241
[bridge] schedule week=2026-08-03 strategy=Forge RR3 full 2L4S rsi+ema #7A74|chase:fixed_or_rsi<58+vwap<1.2 fm_len=39241 train_bars=2867 fp=e645273a1366
[bridge] ERROR: cannot access local variable 'atomic_write_json' where it is not associated with a value
[bridge] ERROR: cannot access local variable 'atomic_write_json' where it is not associated with a value

--- start 2026-08-03T22:54:34+07:00 ---
[bridge] live monitor=http://127.0.0.1:8765
[bridge] dir=C:\Work\ThuyenRepo\EdgeMinerM15\mt5\bridge model=tm_breakthrough_elite_60_3_vwap_c1ad2c33 conditions_fp=e645273a1366
[bridge] history bars=39241
[bridge] schedule week=2026-08-03 strategy=Forge RR3 full 2L4S rsi+ema #7A74|chase:fixed_or_rsi<58+vwap<1.2 fm_len=39241 train_bars=2867 fp=e645273a1366
[bridge] ERROR: cannot access local variable 'atomic_write_json' where it is not associated with a value
[bridge] ERROR: cannot access local variable 'atomic_write_json' where it is not associated with a value
[bridge] ERROR: cannot access local variable 'atomic_write_json' where it is not associated with a value
[bridge] ERROR: cannot access local variable 'atomic_write_json' where it is not associated with a value
[bridge] ERROR: cannot access local variable 'atomic_write_json' where it is not associated with a value
[bridge] ERROR: cannot access local variable 'atomic_write_json' where it is not associated with a value
[bridge] ERROR: cannot access local variable 'atomic_write_json' where it is not associated with a value
[bridge] ERROR: cannot access local variable 'atomic_write_json' where it is not associated with a value
[bridge] ERROR: cannot access local variable 'atomic_write_json' where it is not associated with a value
[bridge] ERROR: cannot access local variable 'atomic_write_json' where it is not associated with a value
[bridge] ERROR: cannot access local variable 'atomic_write_json' where it is not associated with a value
[bridge] ERROR: cannot access local variable 'atomic_write_json' where it is not associated with a value
[bridge] ERROR: cannot access local variable 'atomic_write_json' where it is not associated with a value
[bridge] ERROR: cannot access local variable 'atomic_write_json' where it is not associated with a value
[bridge] ERROR: cannot access local variable 'atomic_write_json' where it is not associated with a value
[bridge] ERROR: cannot access local variable 'atomic_write_json' where it is not associated with a value
[bridge] ERROR: cannot access local variable 'atomic_write_json' where it is not associated with a value
[bridge] ERROR: cannot access local variable 'atomic_write_json' where it is not associated with a value
[bridge] ERROR: cannot access local variable 'atomic_write_json' where it is not associated with a value
[bridge] ERROR: cannot access local variable 'atomic_write_json' where it is not associated with a value
[bridge] ERROR: cannot access local variable 'atomic_write_json' where it is not associated with a value
[bridge] ERROR: cannot access local variable 'atomic_write_json' where it is not associated with a value
[bridge] ERROR: cannot access local variable 'atomic_write_json' where it is not associated with a value
[bridge] ERROR: cannot access local variable 'atomic_write_json' where it is not associated with a value
[bridge] ERROR: cannot access local variable 'atomic_write_json' where it is not associated with a value
[bridge] ERROR: cannot access local variable 'atomic_write_json' where it is not associated with a value
[bridge] ERROR: cannot access local variable 'atomic_write_json' where it is not associated with a value
[bridge] ERROR: cannot access local variable 'atomic_write_json' where it is not associated with a value
[bridge] ERROR: cannot access local variable 'atomic_write_json' where it is not associated with a value
[bridge] ERROR: cannot access local variable 'atomic_write_json' where it is not associated with a value
[bridge] ERROR: cannot access local variable 'atomic_write_json' where it is not associated with a value
[bridge] ERROR: cannot access local variable 'atomic_write_json' where it is not associated with a value
[bridge] ERROR: cannot access local variable 'atomic_write_json' where it is not associated with a value
[bridge] ERROR: cannot access local variable 'atomic_write_json' where it is not associated with a value
[bridge] ERROR: cannot access local variable 'atomic_write_json' where it is not associated with a value
[bridge] ERROR: cannot access local variable 'atomic_write_json' where it is not associated with a value
[bridge] ERROR: cannot access local variable 'atomic_write_json' where it is not associated with a value
[bridge] ERROR: cannot access local variable 'atomic_write_json' where it is not associated with a value
[bridge] ERROR: cannot access local variable 'atomic_write_json' where it is not associated with a value
[bridge] ERROR: cannot access local variable 'atomic_write_json' where it is not associated with a value
[bridge] ERROR: cannot access local variable 'atomic_write_json' where it is not associated with a value
[bridge] ERROR: cannot access local variable 'atomic_write_json' where it is not associated with a value
[bridge] ERROR: cannot access local variable 'atomic_write_json' where it is not associated with a value

--- start 2026-08-03T22:56:10+07:00 ---
[bridge] live monitor=http://127.0.0.1:8765
[bridge] dir=C:\Work\ThuyenRepo\EdgeMinerM15\mt5\bridge model=tm_breakthrough_elite_60_3_vwap_c1ad2c33 conditions_fp=e645273a1366
[bridge] history bars=39241
[bridge] schedule week=2026-08-03 strategy=Forge RR3 full 2L4S rsi+ema #7A74|chase:fixed_or_rsi<58+vwap<1.2 fm_len=39241 train_bars=2867 fp=e645273a1366
[bridge] bar=2026.08.03 18:30 action=FLAT reason=no_signal strat=Forge RR3 full 2L4S rsi+ema #7A74|chase:fixed_or_rsi<58+vwap<1.2

--- start 2026-08-03T22:58:19+07:00 ---
[bridge] live monitor=http://127.0.0.1:8765
[bridge] dir=C:\Work\ThuyenRepo\EdgeMinerM15\mt5\bridge model=tm_breakthrough_elite_60_3_vwap_c1ad2c33 conditions_fp=e645273a1366
[bridge] history bars=39241
[bridge] schedule week=2026-08-03 strategy=Forge RR3 full 2L4S rsi+ema #7A74|chase:fixed_or_rsi<58+vwap<1.2 fm_len=39241 train_bars=2867 fp=e645273a1366
[bridge] bar=2026.08.03 18:30 action=FLAT reason=no_signal strat=Forge RR3 full 2L4S rsi+ema #7A74|chase:fixed_or_rsi<58+vwap<1.2
[bridge] bar=2026.08.03 18:45 action=FLAT reason=no_signal strat=Forge RR3 full 2L4S rsi+ema #7A74|chase:fixed_or_rsi<58+vwap<1.2
[bridge] schedule week=2026-08-03 strategy=Forge RR3.5 full 2L5S range+swing #6837|chase:fixed_or_rsi<58+vwap<1.5 fm_len=39242 train_bars=1427 fp=e396506059c5
[bridge] bar=2026.08.03 18:45 action=FLAT reason=no_signal strat=Forge RR3.5 full 2L5S range+swing #6837|chase:fixed_or_rsi<58+vwap<1.5
[bridge] schedule week=2026-08-03 strategy=Forge RR3 full 2L4S rsi+ema #7A74|chase:fixed_or_rsi<58+vwap<1.2 fm_len=39242 train_bars=2867 fp=e645273a1366
[bridge] bar=2026.08.03 18:45 action=FLAT reason=no_signal strat=Forge RR3 full 2L4S rsi+ema #7A74|chase:fixed_or_rsi<58+vwap<1.2
[bridge] schedule week=2026-08-03 strategy=Forge RR4 full 2L4S rsi+ema #2399|chase:fixed_or_rsi<55+vwap<99 fm_len=39242 train_bars=2867 fp=458954eb0259
[bridge] bar=2026.08.03 18:45 action=FLAT reason=no_signal strat=Forge RR4 full 2L4S rsi+ema #2399|chase:fixed_or_rsi<55+vwap<99
[bridge] schedule week=2026-08-03 strategy=Forge RR3 full 2L4S rsi+range #7A74|chase:fixed_or_rsi<58+vwap<1.5 fm_len=39242 train_bars=2867 fp=490a57dc1f9e
[bridge] bar=2026.08.03 18:45 action=FLAT reason=no_signal strat=Forge RR3 full 2L4S rsi+range #7A74|chase:fixed_or_rsi<58+vwap<1.5

--- start 2026-08-03T23:11:28+07:00 ---
[bridge] live monitor=http://127.0.0.1:8765
[bridge] dir=C:\Work\ThuyenRepo\EdgeMinerM15\mt5\bridge model=tm_breakthrough_elite_or_qualit_d23dbb33 conditions_fp=490a57dc1f9e
[bridge] history bars=39242
[bridge] schedule week=2026-08-03 strategy=Forge RR3 full 2L4S rsi+range #7A74|chase:fixed_or_rsi<58+vwap<1.5 fm_len=39242 train_bars=2867 fp=490a57dc1f9e
[bridge] bar=2026.08.03 18:45 action=FLAT reason=no_signal strat=Forge RR3 full 2L4S rsi+range #7A74|chase:fixed_or_rsi<58+vwap<1.5
[bridge] bar=2026.08.03 19:00 action=FLAT reason=no_signal strat=Forge RR3 full 2L4S rsi+range #7A74|chase:fixed_or_rsi<58+vwap<1.5
[bridge] bar=2026.08.03 19:15 action=FLAT reason=no_signal strat=Forge RR3 full 2L4S rsi+range #7A74|chase:fixed_or_rsi<58+vwap<1.5
[bridge] bar=2026.08.03 19:30 action=FLAT reason=no_signal strat=Forge RR3 full 2L4S rsi+range #7A74|chase:fixed_or_rsi<58+vwap<1.5
[bridge] bar=2026.08.03 19:45 action=FLAT reason=no_signal strat=Forge RR3 full 2L4S rsi+range #7A74|chase:fixed_or_rsi<58+vwap<1.5
[bridge] bar=2026.08.03 20:00 action=FLAT reason=no_signal strat=Forge RR3 full 2L4S rsi+range #7A74|chase:fixed_or_rsi<58+vwap<1.5
[bridge] bar=2026.08.03 20:15 action=FLAT reason=no_signal strat=Forge RR3 full 2L4S rsi+range #7A74|chase:fixed_or_rsi<58+vwap<1.5
[bridge] bar=2026.08.03 20:30 action=FLAT reason=no_signal strat=Forge RR3 full 2L4S rsi+range #7A74|chase:fixed_or_rsi<58+vwap<1.5
[bridge] bar=2026.08.03 20:45 action=FLAT reason=no_signal strat=Forge RR3 full 2L4S rsi+range #7A74|chase:fixed_or_rsi<58+vwap<1.5
[bridge] bar=2026.08.03 21:00 action=FLAT reason=no_signal strat=Forge RR3 full 2L4S rsi+range #7A74|chase:fixed_or_rsi<58+vwap<1.5
[bridge] bar=2026.08.03 21:15 action=FLAT reason=no_signal strat=Forge RR3 full 2L4S rsi+range #7A74|chase:fixed_or_rsi<58+vwap<1.5
[bridge] bar=2026.08.03 21:30 action=FLAT reason=no_signal strat=Forge RR3 full 2L4S rsi+range #7A74|chase:fixed_or_rsi<58+vwap<1.5
[bridge] bar=2026.08.03 21:45 action=FLAT reason=no_signal strat=Forge RR3 full 2L4S rsi+range #7A74|chase:fixed_or_rsi<58+vwap<1.5
[bridge] bar=2026.08.03 22:00 action=FLAT reason=no_signal strat=Forge RR3 full 2L4S rsi+range #7A74|chase:fixed_or_rsi<58+vwap<1.5
[bridge] bar=2026.08.03 22:15 action=FLAT reason=no_signal strat=Forge RR3 full 2L4S rsi+range #7A74|chase:fixed_or_rsi<58+vwap<1.5
[bridge] bar=2026.08.03 22:30 action=FLAT reason=no_signal strat=Forge RR3 full 2L4S rsi+range #7A74|chase:fixed_or_rsi<58+vwap<1.5
[bridge] bar=2026.08.03 22:45 action=FLAT reason=no_signal strat=Forge RR3 full 2L4S rsi+range #7A74|chase:fixed_or_rsi<58+vwap<1.5
[bridge] bar=2026.08.03 23:00 action=FLAT reason=no_signal strat=Forge RR3 full 2L4S rsi+range #7A74|chase:fixed_or_rsi<58+vwap<1.5
[bridge] bar=2026.08.03 23:15 action=FLAT reason=no_signal strat=Forge RR3 full 2L4S rsi+range #7A74|chase:fixed_or_rsi<58+vwap<1.5
[bridge] bar=2026.08.03 23:30 action=FLAT reason=no_signal strat=Forge RR3 full 2L4S rsi+range #7A74|chase:fixed_or_rsi<58+vwap<1.5
[bridge] bar=2026.08.03 23:45 action=FLAT reason=no_signal strat=Forge RR3 full 2L4S rsi+range #7A74|chase:fixed_or_rsi<58+vwap<1.5
[bridge] bar=2026.08.04 00:00 action=FLAT reason=no_signal strat=Forge RR3 full 2L4S rsi+range #7A74|chase:fixed_or_rsi<58+vwap<1.5
[bridge] bar=2026.08.04 00:15 action=FLAT reason=no_signal strat=Forge RR3 full 2L4S rsi+range #7A74|chase:fixed_or_rsi<58+vwap<1.5
[bridge] bar=2026.08.04 00:30 action=FLAT reason=no_signal strat=Forge RR3 full 2L4S rsi+range #7A74|chase:fixed_or_rsi<58+vwap<1.5
[bridge] bar=2026.08.04 00:45 action=FLAT reason=no_signal strat=Forge RR3 full 2L4S rsi+range #7A74|chase:fixed_or_rsi<58+vwap<1.5
[bridge] bar=2026.08.04 01:00 action=FLAT reason=no_signal strat=Forge RR3 full 2L4S rsi+range #7A74|chase:fixed_or_rsi<58+vwap<1.5
[bridge] bar=2026.08.04 01:15 action=FLAT reason=no_signal strat=Forge RR3 full 2L4S rsi+range #7A74|chase:fixed_or_rsi<58+vwap<1.5
[bridge] bar=2026.08.04 01:30 action=FLAT reason=no_signal strat=Forge RR3 full 2L4S rsi+range #7A74|chase:fixed_or_rsi<58+vwap<1.5
[bridge] bar=2026.08.04 01:45 action=FLAT reason=no_signal strat=Forge RR3 full 2L4S rsi+range #7A74|chase:fixed_or_rsi<58+vwap<1.5
[bridge] bar=2026.08.04 02:00 action=FLAT reason=no_signal strat=Forge RR3 full 2L4S rsi+range #7A74|chase:fixed_or_rsi<58+vwap<1.5
[bridge] bar=2026.08.04 02:15 action=FLAT reason=no_signal strat=Forge RR3 full 2L4S rsi+range #7A74|chase:fixed_or_rsi<58+vwap<1.5
[bridge] bar=2026.08.04 02:30 action=FLAT reason=no_signal strat=Forge RR3 full 2L4S rsi+range #7A74|chase:fixed_or_rsi<58+vwap<1.5
[bridge] bar=2026.08.04 02:45 action=FLAT reason=no_signal strat=Forge RR3 full 2L4S rsi+range #7A74|chase:fixed_or_rsi<58+vwap<1.5
[bridge] bar=2026.08.04 03:00 action=FLAT reason=no_signal strat=Forge RR3 full 2L4S rsi+range #7A74|chase:fixed_or_rsi<58+vwap<1.5
[bridge] bar=2026.08.04 03:15 action=FLAT reason=no_signal strat=Forge RR3 full 2L4S rsi+range #7A74|chase:fixed_or_rsi<58+vwap<1.5
[bridge] bar=2026.08.04 03:30 action=FLAT reason=no_signal strat=Forge RR3 full 2L4S rsi+range #7A74|chase:fixed_or_rsi<58+vwap<1.5
[bridge] bar=2026.08.04 03:45 action=FLAT reason=no_signal strat=Forge RR3 full 2L4S rsi+range #7A74|chase:fixed_or_rsi<58+vwap<1.5
[bridge] bar=2026.08.04 04:00 action=FLAT reason=no_signal strat=Forge RR3 full 2L4S rsi+range #7A74|chase:fixed_or_rsi<58+vwap<1.5
[bridge] bar=2026.08.04 04:15 action=FLAT reason=no_signal strat=Forge RR3 full 2L4S rsi+range #7A74|chase:fixed_or_rsi<58+vwap<1.5
[bridge] bar=2026.08.04 04:30 action=FLAT reason=no_signal strat=Forge RR3 full 2L4S rsi+range #7A74|chase:fixed_or_rsi<58+vwap<1.5
[bridge] bar=2026.08.04 04:45 action=FLAT reason=no_signal strat=Forge RR3 full 2L4S rsi+range #7A74|chase:fixed_or_rsi<58+vwap<1.5
[bridge] bar=2026.08.04 05:00 action=FLAT reason=no_signal strat=Forge RR3 full 2L4S rsi+range #7A74|chase:fixed_or_rsi<58+vwap<1.5
[bridge] bar=2026.08.04 05:15 action=FLAT reason=no_signal strat=Forge RR3 full 2L4S rsi+range #7A74|chase:fixed_or_rsi<58+vwap<1.5
[bridge] bar=2026.08.04 05:30 action=FLAT reason=no_signal strat=Forge RR3 full 2L4S rsi+range #7A74|chase:fixed_or_rsi<58+vwap<1.5
[bridge] bar=2026.08.04 05:45 action=FLAT reason=no_signal strat=Forge RR3 full 2L4S rsi+range #7A74|chase:fixed_or_rsi<58+vwap<1.5
[bridge] bar=2026.08.04 06:00 action=FLAT reason=no_signal strat=Forge RR3 full 2L4S rsi+range #7A74|chase:fixed_or_rsi<58+vwap<1.5
[bridge] bar=2026.08.04 06:15 action=FLAT reason=no_signal strat=Forge RR3 full 2L4S rsi+range #7A74|chase:fixed_or_rsi<58+vwap<1.5
[bridge] bar=2026.08.04 06:30 action=FLAT reason=no_signal strat=Forge RR3 full 2L4S rsi+range #7A74|chase:fixed_or_rsi<58+vwap<1.5
[bridge] bar=2026.08.04 06:45 action=FLAT reason=no_signal strat=Forge RR3 full 2L4S rsi+range #7A74|chase:fixed_or_rsi<58+vwap<1.5
[bridge] bar=2026.08.04 07:00 action=FLAT reason=no_signal strat=Forge RR3 full 2L4S rsi+range #7A74|chase:fixed_or_rsi<58+vwap<1.5
[bridge] bar=2026.08.04 07:15 action=FLAT reason=no_signal strat=Forge RR3 full 2L4S rsi+range #7A74|chase:fixed_or_rsi<58+vwap<1.5
[bridge] bar=2026.08.04 07:30 action=FLAT reason=no_signal strat=Forge RR3 full 2L4S rsi+range #7A74|chase:fixed_or_rsi<58+vwap<1.5
[bridge] bar=2026.08.04 07:45 action=FLAT reason=no_signal strat=Forge RR3 full 2L4S rsi+range #7A74|chase:fixed_or_rsi<58+vwap<1.5
[bridge] bar=2026.08.04 08:00 action=FLAT reason=no_signal strat=Forge RR3 full 2L4S rsi+range #7A74|chase:fixed_or_rsi<58+vwap<1.5
[bridge] bar=2026.08.04 08:15 action=FLAT reason=no_signal strat=Forge RR3 full 2L4S rsi+range #7A74|chase:fixed_or_rsi<58+vwap<1.5
[bridge] bar=2026.08.04 08:30 action=FLAT reason=no_signal strat=Forge RR3 full 2L4S rsi+range #7A74|chase:fixed_or_rsi<58+vwap<1.5
[bridge] bar=2026.08.04 08:45 action=FLAT reason=no_signal strat=Forge RR3 full 2L4S rsi+range #7A74|chase:fixed_or_rsi<58+vwap<1.5
[bridge] bar=2026.08.04 09:00 action=FLAT reason=no_signal strat=Forge RR3 full 2L4S rsi+range #7A74|chase:fixed_or_rsi<58+vwap<1.5
[bridge] bar=2026.08.04 09:15 action=FLAT reason=no_signal strat=Forge RR3 full 2L4S rsi+range #7A74|chase:fixed_or_rsi<58+vwap<1.5
[bridge] bar=2026.08.04 09:30 action=FLAT reason=no_signal strat=Forge RR3 full 2L4S rsi+range #7A74|chase:fixed_or_rsi<58+vwap<1.5
[bridge] bar=2026.08.04 09:45 action=FLAT reason=no_signal strat=Forge RR3 full 2L4S rsi+range #7A74|chase:fixed_or_rsi<58+vwap<1.5
[bridge] bar=2026.08.04 10:00 action=FLAT reason=no_signal strat=Forge RR3 full 2L4S rsi+range #7A74|chase:fixed_or_rsi<58+vwap<1.5
[bridge] bar=2026.08.04 10:15 action=SELL reason=signal strat=Forge RR3 full 2L4S rsi+range #7A74|chase:fixed_or_rsi<58+vwap<1.5
[bridge] bar=2026.08.04 10:30 action=FLAT reason=no_signal strat=Forge RR3 full 2L4S rsi+range #7A74|chase:fixed_or_rsi<58+vwap<1.5
[bridge] bar=2026.08.04 10:45 action=FLAT reason=no_signal strat=Forge RR3 full 2L4S rsi+range #7A74|chase:fixed_or_rsi<58+vwap<1.5
[bridge] bar=2026.08.04 11:00 action=FLAT reason=no_signal strat=Forge RR3 full 2L4S rsi+range #7A74|chase:fixed_or_rsi<58+vwap<1.5
[bridge] bar=2026.08.04 11:15 action=FLAT reason=no_signal strat=Forge RR3 full 2L4S rsi+range #7A74|chase:fixed_or_rsi<58+vwap<1.5
[bridge] bar=2026.08.04 11:30 action=FLAT reason=no_signal strat=Forge RR3 full 2L4S rsi+range #7A74|chase:fixed_or_rsi<58+vwap<1.5
[bridge] bar=2026.08.04 11:45 action=FLAT reason=no_signal strat=Forge RR3 full 2L4S rsi+range #7A74|chase:fixed_or_rsi<58+vwap<1.5
[bridge] bar=2026.08.04 12:00 action=FLAT reason=no_signal strat=Forge RR3 full 2L4S rsi+range #7A74|chase:fixed_or_rsi<58+vwap<1.5
[bridge] bar=2026.08.04 12:15 action=FLAT reason=no_signal strat=Forge RR3 full 2L4S rsi+range #7A74|chase:fixed_or_rsi<58+vwap<1.5
[bridge] bar=2026.08.04 12:30 action=FLAT reason=no_signal strat=Forge RR3 full 2L4S rsi+range #7A74|chase:fixed_or_rsi<58+vwap<1.5
[bridge] bar=2026.08.04 12:45 action=FLAT reason=no_signal strat=Forge RR3 full 2L4S rsi+range #7A74|chase:fixed_or_rsi<58+vwap<1.5
[bridge] bar=2026.08.04 13:00 action=FLAT reason=no_signal strat=Forge RR3 full 2L4S rsi+range #7A74|chase:fixed_or_rsi<58+vwap<1.5
[bridge] bar=2026.08.04 13:15 action=FLAT reason=no_signal strat=Forge RR3 full 2L4S rsi+range #7A74|chase:fixed_or_rsi<58+vwap<1.5
[bridge] bar=2026.08.04 13:30 action=FLAT reason=no_signal strat=Forge RR3 full 2L4S rsi+range #7A74|chase:fixed_or_rsi<58+vwap<1.5
[bridge] bar=2026.08.04 13:45 action=FLAT reason=no_signal strat=Forge RR3 full 2L4S rsi+range #7A74|chase:fixed_or_rsi<58+vwap<1.5
[bridge] bar=2026.08.04 14:00 action=FLAT reason=no_signal strat=Forge RR3 full 2L4S rsi+range #7A74|chase:fixed_or_rsi<58+vwap<1.5
[bridge] bar=2026.08.04 14:15 action=FLAT reason=no_signal strat=Forge RR3 full 2L4S rsi+range #7A74|chase:fixed_or_rsi<58+vwap<1.5
[bridge] bar=2026.08.04 14:30 action=FLAT reason=no_signal strat=Forge RR3 full 2L4S rsi+range #7A74|chase:fixed_or_rsi<58+vwap<1.5
[bridge] bar=2026.08.04 14:45 action=FLAT reason=no_signal strat=Forge RR3 full 2L4S rsi+range #7A74|chase:fixed_or_rsi<58+vwap<1.5
[bridge] bar=2026.08.04 15:00 action=FLAT reason=no_signal strat=Forge RR3 full 2L4S rsi+range #7A74|chase:fixed_or_rsi<58+vwap<1.5
[bridge] bar=2026.08.04 15:15 action=FLAT reason=no_signal strat=Forge RR3 full 2L4S rsi+range #7A74|chase:fixed_or_rsi<58+vwap<1.5
[bridge] bar=2026.08.04 15:30 action=FLAT reason=no_signal strat=Forge RR3 full 2L4S rsi+range #7A74|chase:fixed_or_rsi<58+vwap<1.5
[bridge] bar=2026.08.04 15:45 action=FLAT reason=no_signal strat=Forge RR3 full 2L4S rsi+range #7A74|chase:fixed_or_rsi<58+vwap<1.5
[bridge] bar=2026.08.04 16:00 action=FLAT reason=no_signal strat=Forge RR3 full 2L4S rsi+range #7A74|chase:fixed_or_rsi<58+vwap<1.5
[bridge] bar=2026.08.04 16:15 action=FLAT reason=no_signal strat=Forge RR3 full 2L4S rsi+range #7A74|chase:fixed_or_rsi<58+vwap<1.5
[bridge] bar=2026.08.04 16:30 action=FLAT reason=no_signal strat=Forge RR3 full 2L4S rsi+range #7A74|chase:fixed_or_rsi<58+vwap<1.5
[bridge] bar=2026.08.04 16:45 action=FLAT reason=no_signal strat=Forge RR3 full 2L4S rsi+range #7A74|chase:fixed_or_rsi<58+vwap<1.5
[bridge] bar=2026.08.04 17:00 action=FLAT reason=no_signal strat=Forge RR3 full 2L4S rsi+range #7A74|chase:fixed_or_rsi<58+vwap<1.5
[bridge] bar=2026.08.04 17:15 action=FLAT reason=no_signal strat=Forge RR3 full 2L4S rsi+range #7A74|chase:fixed_or_rsi<58+vwap<1.5
[bridge] bar=2026.08.04 17:30 action=FLAT reason=no_signal strat=Forge RR3 full 2L4S rsi+range #7A74|chase:fixed_or_rsi<58+vwap<1.5
[bridge] bar=2026.08.04 17:45 action=FLAT reason=no_signal strat=Forge RR3 full 2L4S rsi+range #7A74|chase:fixed_or_rsi<58+vwap<1.5
[bridge] bar=2026.08.04 18:00 action=FLAT reason=no_signal strat=Forge RR3 full 2L4S rsi+range #7A74|chase:fixed_or_rsi<58+vwap<1.5
[bridge] bar=2026.08.04 18:15 action=FLAT reason=no_signal strat=Forge RR3 full 2L4S rsi+range #7A74|chase:fixed_or_rsi<58+vwap<1.5
[bridge] bar=2026.08.04 18:30 action=FLAT reason=no_signal strat=Forge RR3 full 2L4S rsi+range #7A74|chase:fixed_or_rsi<58+vwap<1.5
[bridge] bar=2026.08.04 18:45 action=FLAT reason=no_signal strat=Forge RR3 full 2L4S rsi+range #7A74|chase:fixed_or_rsi<58+vwap<1.5
[bridge] bar=2026.08.04 19:00 action=FLAT reason=no_signal strat=Forge RR3 full 2L4S rsi+range #7A74|chase:fixed_or_rsi<58+vwap<1.5
[bridge] bar=2026.08.04 19:15 action=FLAT reason=no_signal strat=Forge RR3 full 2L4S rsi+range #7A74|chase:fixed_or_rsi<58+vwap<1.5
[bridge] bar=2026.08.04 19:30 action=FLAT reason=no_signal strat=Forge RR3 full 2L4S rsi+range #7A74|chase:fixed_or_rsi<58+vwap<1.5
[bridge] bar=2026.08.04 19:45 action=FLAT reason=no_signal strat=Forge RR3 full 2L4S rsi+range #7A74|chase:fixed_or_rsi<58+vwap<1.5
[bridge] bar=2026.08.04 20:00 action=FLAT reason=no_signal strat=Forge RR3 full 2L4S rsi+range #7A74|chase:fixed_or_rsi<58+vwap<1.5
[bridge] bar=2026.08.04 20:15 action=FLAT reason=no_signal strat=Forge RR3 full 2L4S rsi+range #7A74|chase:fixed_or_rsi<58+vwap<1.5
[bridge] bar=2026.08.04 20:30 action=FLAT reason=no_signal strat=Forge RR3 full 2L4S rsi+range #7A74|chase:fixed_or_rsi<58+vwap<1.5
[bridge] bar=2026.08.04 20:45 action=FLAT reason=no_signal strat=Forge RR3 full 2L4S rsi+range #7A74|chase:fixed_or_rsi<58+vwap<1.5
[bridge] bar=2026.08.04 21:00 action=FLAT reason=no_signal strat=Forge RR3 full 2L4S rsi+range #7A74|chase:fixed_or_rsi<58+vwap<1.5
[bridge] bar=2026.08.04 21:15 action=FLAT reason=no_signal strat=Forge RR3 full 2L4S rsi+range #7A74|chase:fixed_or_rsi<58+vwap<1.5
[bridge] bar=2026.08.04 21:30 action=FLAT reason=no_signal strat=Forge RR3 full 2L4S rsi+range #7A74|chase:fixed_or_rsi<58+vwap<1.5
[bridge] bar=2026.08.04 21:45 action=FLAT reason=no_signal strat=Forge RR3 full 2L4S rsi+range #7A74|chase:fixed_or_rsi<58+vwap<1.5
[bridge] bar=2026.08.04 22:00 action=FLAT reason=no_signal strat=Forge RR3 full 2L4S rsi+range #7A74|chase:fixed_or_rsi<58+vwap<1.5
[bridge] bar=2026.08.04 22:15 action=FLAT reason=no_signal strat=Forge RR3 full 2L4S rsi+range #7A74|chase:fixed_or_rsi<58+vwap<1.5
[bridge] bar=2026.08.04 22:30 action=FLAT reason=no_signal strat=Forge RR3 full 2L4S rsi+range #7A74|chase:fixed_or_rsi<58+vwap<1.5
[bridge] bar=2026.08.04 22:45 action=FLAT reason=no_signal strat=Forge RR3 full 2L4S rsi+range #7A74|chase:fixed_or_rsi<58+vwap<1.5
[bridge] bar=2026.08.04 23:00 action=FLAT reason=no_signal strat=Forge RR3 full 2L4S rsi+range #7A74|chase:fixed_or_rsi<58+vwap<1.5
[bridge] bar=2026.08.04 23:15 action=FLAT reason=no_signal strat=Forge RR3 full 2L4S rsi+range #7A74|chase:fixed_or_rsi<58+vwap<1.5
[bridge] bar=2026.08.04 23:30 action=FLAT reason=no_signal strat=Forge RR3 full 2L4S rsi+range #7A74|chase:fixed_or_rsi<58+vwap<1.5
[bridge] bar=2026.08.04 23:45 action=FLAT reason=no_signal strat=Forge RR3 full 2L4S rsi+range #7A74|chase:fixed_or_rsi<58+vwap<1.5
[bridge] bar=2026.08.05 00:00 action=FLAT reason=no_signal strat=Forge RR3 full 2L4S rsi+range #7A74|chase:fixed_or_rsi<58+vwap<1.5
[bridge] bar=2026.08.05 00:15 action=FLAT reason=no_signal strat=Forge RR3 full 2L4S rsi+range #7A74|chase:fixed_or_rsi<58+vwap<1.5
[bridge] bar=2026.08.05 00:30 action=FLAT reason=no_signal strat=Forge RR3 full 2L4S rsi+range #7A74|chase:fixed_or_rsi<58+vwap<1.5
[bridge] bar=2026.08.05 00:45 action=FLAT reason=no_signal strat=Forge RR3 full 2L4S rsi+range #7A74|chase:fixed_or_rsi<58+vwap<1.5
[bridge] bar=2026.08.05 01:00 action=FLAT reason=no_signal strat=Forge RR3 full 2L4S rsi+range #7A74|chase:fixed_or_rsi<58+vwap<1.5
[bridge] bar=2026.08.05 01:15 action=FLAT reason=no_signal strat=Forge RR3 full 2L4S rsi+range #7A74|chase:fixed_or_rsi<58+vwap<1.5
[bridge] bar=2026.08.05 01:30 action=FLAT reason=no_signal strat=Forge RR3 full 2L4S rsi+range #7A74|chase:fixed_or_rsi<58+vwap<1.5
[bridge] bar=2026.08.05 01:45 action=FLAT reason=no_signal strat=Forge RR3 full 2L4S rsi+range #7A74|chase:fixed_or_rsi<58+vwap<1.5
[bridge] bar=2026.08.05 02:00 action=FLAT reason=no_signal strat=Forge RR3 full 2L4S rsi+range #7A74|chase:fixed_or_rsi<58+vwap<1.5
[bridge] bar=2026.08.05 02:15 action=FLAT reason=no_signal strat=Forge RR3 full 2L4S rsi+range #7A74|chase:fixed_or_rsi<58+vwap<1.5
[bridge] bar=2026.08.05 02:30 action=FLAT reason=no_signal strat=Forge RR3 full 2L4S rsi+range #7A74|chase:fixed_or_rsi<58+vwap<1.5
[bridge] bar=2026.08.05 02:45 action=FLAT reason=no_signal strat=Forge RR3 full 2L4S rsi+range #7A74|chase:fixed_or_rsi<58+vwap<1.5
[bridge] bar=2026.08.05 03:00 action=FLAT reason=no_signal strat=Forge RR3 full 2L4S rsi+range #7A74|chase:fixed_or_rsi<58+vwap<1.5
[bridge] bar=2026.08.05 03:15 action=FLAT reason=no_signal strat=Forge RR3 full 2L4S rsi+range #7A74|chase:fixed_or_rsi<58+vwap<1.5
[bridge] bar=2026.08.05 03:30 action=FLAT reason=no_signal strat=Forge RR3 full 2L4S rsi+range #7A74|chase:fixed_or_rsi<58+vwap<1.5
[bridge] bar=2026.08.05 03:45 action=FLAT reason=no_signal strat=Forge RR3 full 2L4S rsi+range #7A74|chase:fixed_or_rsi<58+vwap<1.5
[bridge] bar=2026.08.05 04:00 action=FLAT reason=no_signal strat=Forge RR3 full 2L4S rsi+range #7A74|chase:fixed_or_rsi<58+vwap<1.5
[bridge] bar=2026.08.05 04:15 action=FLAT reason=no_signal strat=Forge RR3 full 2L4S rsi+range #7A74|chase:fixed_or_rsi<58+vwap<1.5
[bridge] bar=2026.08.05 04:30 action=FLAT reason=no_signal strat=Forge RR3 full 2L4S rsi+range #7A74|chase:fixed_or_rsi<58+vwap<1.5
[bridge] bar=2026.08.05 04:45 action=FLAT reason=no_signal strat=Forge RR3 full 2L4S rsi+range #7A74|chase:fixed_or_rsi<58+vwap<1.5
[bridge] bar=2026.08.05 05:00 action=FLAT reason=no_signal strat=Forge RR3 full 2L4S rsi+range #7A74|chase:fixed_or_rsi<58+vwap<1.5
[bridge] bar=2026.08.05 05:15 action=FLAT reason=no_signal strat=Forge RR3 full 2L4S rsi+range #7A74|chase:fixed_or_rsi<58+vwap<1.5
[bridge] bar=2026.08.05 05:30 action=FLAT reason=no_signal strat=Forge RR3 full 2L4S rsi+range #7A74|chase:fixed_or_rsi<58+vwap<1.5
[bridge] bar=2026.08.05 05:45 action=FLAT reason=no_signal strat=Forge RR3 full 2L4S rsi+range #7A74|chase:fixed_or_rsi<58+vwap<1.5
[bridge] bar=2026.08.05 06:00 action=FLAT reason=no_signal strat=Forge RR3 full 2L4S rsi+range #7A74|chase:fixed_or_rsi<58+vwap<1.5
[bridge] bar=2026.08.05 06:15 action=FLAT reason=no_signal strat=Forge RR3 full 2L4S rsi+range #7A74|chase:fixed_or_rsi<58+vwap<1.5
[bridge] bar=2026.08.05 06:30 action=FLAT reason=no_signal strat=Forge RR3 full 2L4S rsi+range #7A74|chase:fixed_or_rsi<58+vwap<1.5
[bridge] bar=2026.08.05 06:45 action=FLAT reason=no_signal strat=Forge RR3 full 2L4S rsi+range #7A74|chase:fixed_or_rsi<58+vwap<1.5
[bridge] bar=2026.08.05 07:00 action=FLAT reason=no_signal strat=Forge RR3 full 2L4S rsi+range #7A74|chase:fixed_or_rsi<58+vwap<1.5
[bridge] bar=2026.08.05 07:15 action=FLAT reason=no_signal strat=Forge RR3 full 2L4S rsi+range #7A74|chase:fixed_or_rsi<58+vwap<1.5
[bridge] bar=2026.08.05 07:30 action=FLAT reason=no_signal strat=Forge RR3 full 2L4S rsi+range #7A74|chase:fixed_or_rsi<58+vwap<1.5
[bridge] bar=2026.08.05 07:45 action=FLAT reason=no_signal strat=Forge RR3 full 2L4S rsi+range #7A74|chase:fixed_or_rsi<58+vwap<1.5
[bridge] bar=2026.08.05 08:00 action=FLAT reason=no_signal strat=Forge RR3 full 2L4S rsi+range #7A74|chase:fixed_or_rsi<58+vwap<1.5
[bridge] bar=2026.08.05 08:15 action=FLAT reason=no_signal strat=Forge RR3 full 2L4S rsi+range #7A74|chase:fixed_or_rsi<58+vwap<1.5
[bridge] bar=2026.08.05 08:30 action=FLAT reason=no_signal strat=Forge RR3 full 2L4S rsi+range #7A74|chase:fixed_or_rsi<58+vwap<1.5
[bridge] bar=2026.08.05 08:45 action=FLAT reason=no_signal strat=Forge RR3 full 2L4S rsi+range #7A74|chase:fixed_or_rsi<58+vwap<1.5
[bridge] bar=2026.08.05 09:00 action=FLAT reason=no_signal strat=Forge RR3 full 2L4S rsi+range #7A74|chase:fixed_or_rsi<58+vwap<1.5
[bridge] bar=2026.08.05 09:15 action=FLAT reason=no_signal strat=Forge RR3 full 2L4S rsi+range #7A74|chase:fixed_or_rsi<58+vwap<1.5
[bridge] bar=2026.08.05 09:30 action=FLAT reason=no_signal strat=Forge RR3 full 2L4S rsi+range #7A74|chase:fixed_or_rsi<58+vwap<1.5
[bridge] bar=2026.08.05 09:45 action=FLAT reason=no_signal strat=Forge RR3 full 2L4S rsi+range #7A74|chase:fixed_or_rsi<58+vwap<1.5
[bridge] bar=2026.08.05 10:00 action=FLAT reason=no_signal strat=Forge RR3 full 2L4S rsi+range #7A74|chase:fixed_or_rsi<58+vwap<1.5
[bridge] bar=2026.08.05 10:15 action=FLAT reason=no_signal strat=Forge RR3 full 2L4S rsi+range #7A74|chase:fixed_or_rsi<58+vwap<1.5
[bridge] bar=2026.08.05 10:30 action=FLAT reason=no_signal strat=Forge RR3 full 2L4S rsi+range #7A74|chase:fixed_or_rsi<58+vwap<1.5
[bridge] bar=2026.08.05 10:45 action=FLAT reason=no_signal strat=Forge RR3 full 2L4S rsi+range #7A74|chase:fixed_or_rsi<58+vwap<1.5
[bridge] bar=2026.08.05 11:00 action=FLAT reason=no_signal strat=Forge RR3 full 2L4S rsi+range #7A74|chase:fixed_or_rsi<58+vwap<1.5
[bridge] bar=2026.08.05 11:15 action=FLAT reason=no_signal strat=Forge RR3 full 2L4S rsi+range #7A74|chase:fixed_or_rsi<58+vwap<1.5
[bridge] bar=2026.08.05 11:30 action=FLAT reason=no_signal strat=Forge RR3 full 2L4S rsi+range #7A74|chase:fixed_or_rsi<58+vwap<1.5
[bridge] bar=2026.08.05 11:45 action=FLAT reason=no_signal strat=Forge RR3 full 2L4S rsi+range #7A74|chase:fixed_or_rsi<58+vwap<1.5
[bridge] bar=2026.08.05 12:00 action=FLAT reason=no_signal strat=Forge RR3 full 2L4S rsi+range #7A74|chase:fixed_or_rsi<58+vwap<1.5
[bridge] bar=2026.08.05 12:15 action=FLAT reason=no_signal strat=Forge RR3 full 2L4S rsi+range #7A74|chase:fixed_or_rsi<58+vwap<1.5
[bridge] bar=2026.08.05 12:30 action=FLAT reason=no_signal strat=Forge RR3 full 2L4S rsi+range #7A74|chase:fixed_or_rsi<58+vwap<1.5
[bridge] bar=2026.08.05 12:45 action=FLAT reason=no_signal strat=Forge RR3 full 2L4S rsi+range #7A74|chase:fixed_or_rsi<58+vwap<1.5
[bridge] bar=2026.08.05 13:00 action=FLAT reason=no_signal strat=Forge RR3 full 2L4S rsi+range #7A74|chase:fixed_or_rsi<58+vwap<1.5
[bridge] bar=2026.08.05 13:15 action=FLAT reason=no_signal strat=Forge RR3 full 2L4S rsi+range #7A74|chase:fixed_or_rsi<58+vwap<1.5
[bridge] bar=2026.08.05 13:30 action=FLAT reason=no_signal strat=Forge RR3 full 2L4S rsi+range #7A74|chase:fixed_or_rsi<58+vwap<1.5
[bridge] bar=2026.08.05 13:45 action=FLAT reason=no_signal strat=Forge RR3 full 2L4S rsi+range #7A74|chase:fixed_or_rsi<58+vwap<1.5
[bridge] bar=2026.08.05 14:00 action=FLAT reason=no_signal strat=Forge RR3 full 2L4S rsi+range #7A74|chase:fixed_or_rsi<58+vwap<1.5
[bridge] bar=2026.08.05 14:15 action=FLAT reason=no_signal strat=Forge RR3 full 2L4S rsi+range #7A74|chase:fixed_or_rsi<58+vwap<1.5
[bridge] bar=2026.08.05 14:30 action=FLAT reason=no_signal strat=Forge RR3 full 2L4S rsi+range #7A74|chase:fixed_or_rsi<58+vwap<1.5
[bridge] bar=2026.08.03 19:00 action=FLAT reason=no_signal strat=Forge RR3 full 2L4S rsi+range #7A74|chase:fixed_or_rsi<58+vwap<1.5
[bridge] bar=2026.08.05 14:30 action=FLAT reason=no_signal strat=Forge RR3 full 2L4S rsi+range #7A74|chase:fixed_or_rsi<58+vwap<1.5
[bridge] remine week=2026-08-03 strategy=Forge RR3 full 2L4S range+rsi #D579 fm_len=39244 train_bars=2867 fp=a6a3446b8896
[bridge] bar=2026.08.05 14:30 action=SELL reason=signal strat=Forge RR3 full 2L4S range+rsi #D579
[bridge] remine week=2026-08-03 strategy=Forge RR3 full 2L3S rsi+ema #660A|chase:fixed_or_rsi<62+vwap<99 fm_len=39244 train_bars=2867 fp=c58232d10b00
[bridge] bar=2026.08.05 14:30 action=FLAT reason=no_signal strat=Forge RR3 full 2L3S rsi+ema #660A|chase:fixed_or_rsi<62+vwap<99
[bridge] schedule week=2026-08-03 strategy=Forge RR3.5 full 2L5S range+swing #6837|chase:fixed_or_rsi<58+vwap<1.5 fm_len=39244 train_bars=1427 fp=e396506059c5
[bridge] bar=2026.08.05 14:30 action=FLAT reason=no_signal strat=Forge RR3.5 full 2L5S range+swing #6837|chase:fixed_or_rsi<58+vwap<1.5
[bridge] schedule week=2026-08-03 strategy=Forge RR3 full 2L3S rsi+swing #96CC|chase:fixed_or_rsi<68+vwap<99 fm_len=39244 train_bars=2867 fp=e60f1547d6e7
[bridge] bar=2026.08.05 14:30 action=FLAT reason=no_signal strat=Forge RR3 full 2L3S rsi+swing #96CC|chase:fixed_or_rsi<68+vwap<99
[bridge] enabled=false — exiting (loss guard or Stop)
ain_bars=2867 fp=a6a3446b8896
[bridge] bar=2026.08.05 14:30 action=SELL reason=signal strat=Forge RR3 full 2L4S range+rsi #D579
[bridge] schedule week=2026-08-03 strategy=Forge RR3 full 2L3S rsi+swing #96CC|chase:fixed_or_rsi<68+vwap<99 fm_len=39244 train_bars=2867 fp=e60f1547d6e7
[bridge] bar=2026.08.05 14:30 action=FLAT reason=no_signal strat=Forge RR3 full 2L3S rsi+swing #96CC|chase:fixed_or_rsi<68+vwap<99

--- start 2026-08-05T18:58:50+07:00 ---
[bridge] live monitor=http://127.0.0.1:8805
[bridge] dir=C:\Work\ThuyenRepo\EdgeMinerM15\mt5\bridge model=tm_breakthrough_anti_chase_fixe_bdedbc09 conditions_fp=e60f1547d6e7
[bridge] history bars=39244
[bridge] schedule week=2026-08-03 strategy=Forge RR3 full 2L3S rsi+swing #96CC|chase:fixed_or_rsi<68+vwap<99 fm_len=39244 train_bars=2867 fp=e60f1547d6e7
[bridge] bar=2026.08.05 14:30 action=FLAT reason=no_signal strat=Forge RR3 full 2L3S rsi+swing #96CC|chase:fixed_or_rsi<68+vwap<99
[bridge] bar=2026.08.05 14:45 action=FLAT reason=no_signal strat=Forge RR3 full 2L3S rsi+swing #96CC|chase:fixed_or_rsi<68+vwap<99
[bridge] bar=2026.08.05 15:00 action=FLAT reason=no_signal strat=Forge RR3 full 2L3S rsi+swing #96CC|chase:fixed_or_rsi<68+vwap<99

--- start 2026-08-06T08:25:04+05:30 ---
[bridge] live monitor unavailable: [Errno 98] Address already in use
[bridge] dir=C:\Work\ThuyenRepo\EdgeMinerM15\mt5\bridge model=tm_breakthrough_anti_chase_fixe_bdedbc09 conditions_fp=e60f1547d6e7
[bridge] history bars=39246

--- start 2026-08-06T09:21:38+05:30 ---
[bridge] live monitor unavailable: [Errno 98] Address already in use
[bridge] dir=C:\Work\ThuyenRepo\EdgeMinerM15\mt5\bridge model=tm_breakthrough_elite_or_qualit_d23dbb33 conditions_fp=490a57dc1f9e
[bridge] history bars=39246

--- start 2026-08-06T09:24:37+05:30 ---
[bridge] live monitor unavailable: [Errno 98] Address already in use
[bridge] dir=C:\Work\ThuyenRepo\EdgeMinerM15\mt5\bridge model=tm_breakthrough_anti_chase_fixe_748923b2 conditions_fp=c58232d10b00
[bridge] history bars=39246

--- start 2026-08-06T09:24:45+05:30 ---
[bridge] live monitor unavailable: [Errno 98] Address already in use
[bridge] dir=C:\Work\ThuyenRepo\EdgeMinerM15\mt5\bridge model=tm_breakthrough_anti_chase_fixe_748923b2 conditions_fp=c58232d10b00
[bridge] history bars=39246

--- start 2026-08-06T21:50:56+07:00 ---
[bridge] live monitor=http://127.0.0.1:8765
[bridge] dir=C:\Work\ThuyenRepo\EdgeMinerM15\mt5\bridge model=tm_breakthrough_anti_chase_fixe_748923b2 conditions_fp=c58232d10b00
[bridge] history bars=39246
[bridge] schedule week=2026-08-03 strategy=Forge RR3 full 2L3S rsi+ema #660A|chase:fixed_or_rsi<62+vwap<99 fm_len=39246 train_bars=2867 fp=c58232d10b00
[bridge] bar=2026.08.05 15:00 action=FLAT reason=no_signal strat=Forge RR3 full 2L3S rsi+ema #660A|chase:fixed_or_rsi<62+vwap<99
[bridge] enabled=false — exiting (loss guard or Stop)
[bridge] live monitor=http://127.0.0.1:8765
[bridge] dir=C:\Work\ThuyenRepo\EdgeMinerM15\mt5\bridge model=tm_breakthrough_anti_chase_fixe_748923b2 conditions_fp=c58232d10b00
[bridge] history bars=39246
[bridge] schedule week=2026-08-03 strategy=Forge RR3 full 2L3S rsi+ema #660A|chase:fixed_or_rsi<62+vwap<99 fm_len=39246 train_bars=2867 fp=c58232d10b00
[bridge] bar=2026.08.05 15:00 action=FLAT reason=no_signal strat=Forge RR3 full 2L3S rsi+ema #660A|chase:fixed_or_rsi<62+vwap<99
[bridge] bar=2026.08.06 17:30 action=FLAT reason=no_signal strat=Forge RR3 full 2L3S rsi+ema #660A|chase:fixed_or_rsi<62+vwap<99
[bridge] schedule week=2026-08-03 strategy=Forge RR3 full 2L3S rsi+swing #96CC|chase:fixed_or_rsi<68+vwap<99 fm_len=39247 train_bars=2867 fp=e60f1547d6e7
[bridge] bar=2026.08.06 17:30 action=FLAT reason=no_signal strat=Forge RR3 full 2L3S rsi+swing #96CC|chase:fixed_or_rsi<68+vwap<99
[bridge] bar=2026.08.06 17:45 action=FLAT reason=no_signal strat=Forge RR3 full 2L3S rsi+swing #96CC|chase:fixed_or_rsi<68+vwap<99
[bridge] bar=2026.08.06 18:00 action=FLAT reason=no_signal strat=Forge RR3 full 2L3S rsi+swing #96CC|chase:fixed_or_rsi<68+vwap<99
[bridge] bar=2026.08.06 18:15 action=FLAT reason=no_signal strat=Forge RR3 full 2L3S rsi+swing #96CC|chase:fixed_or_rsi<68+vwap<99
[bridge] bar=2026.08.06 18:30 action=FLAT reason=no_signal strat=Forge RR3 full 2L3S rsi+swing #96CC|chase:fixed_or_rsi<68+vwap<99
[bridge] bar=2026.08.06 18:45 action=FLAT reason=no_signal strat=Forge RR3 full 2L3S rsi+swing #96CC|chase:fixed_or_rsi<68+vwap<99
[bridge] bar=2026.08.06 19:00 action=FLAT reason=no_signal strat=Forge RR3 full 2L3S rsi+swing #96CC|chase:fixed_or_rsi<68+vwap<99
[bridge] bar=2026.08.06 19:15 action=FLAT reason=no_signal strat=Forge RR3 full 2L3S rsi+swing #96CC|chase:fixed_or_rsi<68+vwap<99
[bridge] bar=2026.08.06 19:30 action=FLAT reason=no_signal strat=Forge RR3 full 2L3S rsi+swing #96CC|chase:fixed_or_rsi<68+vwap<99
[bridge] bar=2026.08.06 19:45 action=FLAT reason=no_signal strat=Forge RR3 full 2L3S rsi+swing #96CC|chase:fixed_or_rsi<68+vwap<99
[bridge] bar=2026.08.06 20:00 action=FLAT reason=no_signal strat=Forge RR3 full 2L3S rsi+swing #96CC|chase:fixed_or_rsi<68+vwap<99
[bridge] bar=2026.08.06 20:15 action=FLAT reason=no_signal strat=Forge RR3 full 2L3S rsi+swing #96CC|chase:fixed_or_rsi<68+vwap<99
[bridge] bar=2026.08.06 20:30 action=FLAT reason=no_signal strat=Forge RR3 full 2L3S rsi+swing #96CC|chase:fixed_or_rsi<68+vwap<99
[bridge] bar=2026.08.06 20:45 action=FLAT reason=no_signal strat=Forge RR3 full 2L3S rsi+swing #96CC|chase:fixed_or_rsi<68+vwap<99
[bridge] bar=2026.08.06 21:00 action=FLAT reason=no_signal strat=Forge RR3 full 2L3S rsi+swing #96CC|chase:fixed_or_rsi<68+vwap<99
[bridge] bar=2026.08.06 21:15 action=FLAT reason=no_signal strat=Forge RR3 full 2L3S rsi+swing #96CC|chase:fixed_or_rsi<68+vwap<99
[bridge] bar=2026.08.06 21:30 action=FLAT reason=no_signal strat=Forge RR3 full 2L3S rsi+swing #96CC|chase:fixed_or_rsi<68+vwap<99
[bridge] bar=2026.08.06 21:45 action=FLAT reason=no_signal strat=Forge RR3 full 2L3S rsi+swing #96CC|chase:fixed_or_rsi<68+vwap<99
[bridge] bar=2026.08.06 22:00 action=FLAT reason=no_signal strat=Forge RR3 full 2L3S rsi+swing #96CC|chase:fixed_or_rsi<68+vwap<99
[bridge] bar=2026.08.06 22:15 action=FLAT reason=no_signal strat=Forge RR3 full 2L3S rsi+swing #96CC|chase:fixed_or_rsi<68+vwap<99
[bridge] bar=2026.08.06 22:30 action=FLAT reason=no_signal strat=Forge RR3 full 2L3S rsi+swing #96CC|chase:fixed_or_rsi<68+vwap<99
[bridge] bar=2026.08.06 22:45 action=FLAT reason=no_signal strat=Forge RR3 full 2L3S rsi+swing #96CC|chase:fixed_or_rsi<68+vwap<99
[bridge] bar=2026.08.06 23:00 action=FLAT reason=no_signal strat=Forge RR3 full 2L3S rsi+swing #96CC|chase:fixed_or_rsi<68+vwap<99
[bridge] bar=2026.08.06 23:15 action=FLAT reason=no_signal strat=Forge RR3 full 2L3S rsi+swing #96CC|chase:fixed_or_rsi<68+vwap<99
[bridge] bar=2026.08.06 23:30 action=FLAT reason=no_signal strat=Forge RR3 full 2L3S rsi+swing #96CC|chase:fixed_or_rsi<68+vwap<99
[bridge] bar=2026.08.06 23:45 action=FLAT reason=no_signal strat=Forge RR3 full 2L3S rsi+swing #96CC|chase:fixed_or_rsi<68+vwap<99
[bridge] bar=2026.08.07 00:00 action=FLAT reason=no_signal strat=Forge RR3 full 2L3S rsi+swing #96CC|chase:fixed_or_rsi<68+vwap<99
[bridge] bar=2026.08.07 00:15 action=FLAT reason=no_signal strat=Forge RR3 full 2L3S rsi+swing #96CC|chase:fixed_or_rsi<68+vwap<99
[bridge] bar=2026.08.07 00:30 action=FLAT reason=no_signal strat=Forge RR3 full 2L3S rsi+swing #96CC|chase:fixed_or_rsi<68+vwap<99
[bridge] bar=2026.08.07 00:45 action=FLAT reason=no_signal strat=Forge RR3 full 2L3S rsi+swing #96CC|chase:fixed_or_rsi<68+vwap<99
[bridge] bar=2026.08.07 01:00 action=FLAT reason=no_signal strat=Forge RR3 full 2L3S rsi+swing #96CC|chase:fixed_or_rsi<68+vwap<99
[bridge] bar=2026.08.07 01:15 action=FLAT reason=no_signal strat=Forge RR3 full 2L3S rsi+swing #96CC|chase:fixed_or_rsi<68+vwap<99
[bridge] bar=2026.08.07 01:30 action=FLAT reason=no_signal strat=Forge RR3 full 2L3S rsi+swing #96CC|chase:fixed_or_rsi<68+vwap<99
[bridge] bar=2026.08.07 01:45 action=FLAT reason=no_signal strat=Forge RR3 full 2L3S rsi+swing #96CC|chase:fixed_or_rsi<68+vwap<99
[bridge] bar=2026.08.07 02:00 action=FLAT reason=no_signal strat=Forge RR3 full 2L3S rsi+swing #96CC|chase:fixed_or_rsi<68+vwap<99
[bridge] bar=2026.08.07 02:15 action=FLAT reason=no_signal strat=Forge RR3 full 2L3S rsi+swing #96CC|chase:fixed_or_rsi<68+vwap<99
[bridge] bar=2026.08.07 02:30 action=FLAT reason=no_signal strat=Forge RR3 full 2L3S rsi+swing #96CC|chase:fixed_or_rsi<68+vwap<99
[bridge] bar=2026.08.07 02:45 action=FLAT reason=no_signal strat=Forge RR3 full 2L3S rsi+swing #96CC|chase:fixed_or_rsi<68+vwap<99
[bridge] bar=2026.08.07 03:00 action=FLAT reason=no_signal strat=Forge RR3 full 2L3S rsi+swing #96CC|chase:fixed_or_rsi<68+vwap<99
[bridge] bar=2026.08.07 03:15 action=FLAT reason=no_signal strat=Forge RR3 full 2L3S rsi+swing #96CC|chase:fixed_or_rsi<68+vwap<99
[bridge] bar=2026.08.07 03:30 action=FLAT reason=no_signal strat=Forge RR3 full 2L3S rsi+swing #96CC|chase:fixed_or_rsi<68+vwap<99
[bridge] bar=2026.08.07 03:45 action=FLAT reason=no_signal strat=Forge RR3 full 2L3S rsi+swing #96CC|chase:fixed_or_rsi<68+vwap<99
[bridge] bar=2026.08.07 04:00 action=FLAT reason=no_signal strat=Forge RR3 full 2L3S rsi+swing #96CC|chase:fixed_or_rsi<68+vwap<99
[bridge] bar=2026.08.07 04:15 action=FLAT reason=no_signal strat=Forge RR3 full 2L3S rsi+swing #96CC|chase:fixed_or_rsi<68+vwap<99
[bridge] bar=2026.08.07 04:30 action=FLAT reason=no_signal strat=Forge RR3 full 2L3S rsi+swing #96CC|chase:fixed_or_rsi<68+vwap<99
[bridge] bar=2026.08.07 04:45 action=FLAT reason=no_signal strat=Forge RR3 full 2L3S rsi+swing #96CC|chase:fixed_or_rsi<68+vwap<99
[bridge] bar=2026.08.07 05:00 action=FLAT reason=no_signal strat=Forge RR3 full 2L3S rsi+swing #96CC|chase:fixed_or_rsi<68+vwap<99
[bridge] bar=2026.08.07 05:15 action=FLAT reason=no_signal strat=Forge RR3 full 2L3S rsi+swing #96CC|chase:fixed_or_rsi<68+vwap<99
[bridge] bar=2026.08.07 05:30 action=FLAT reason=no_signal strat=Forge RR3 full 2L3S rsi+swing #96CC|chase:fixed_or_rsi<68+vwap<99
[bridge] bar=2026.08.07 05:45 action=FLAT reason=no_signal strat=Forge RR3 full 2L3S rsi+swing #96CC|chase:fixed_or_rsi<68+vwap<99
[bridge] bar=2026.08.07 06:00 action=FLAT reason=no_signal strat=Forge RR3 full 2L3S rsi+swing #96CC|chase:fixed_or_rsi<68+vwap<99
[bridge] bar=2026.08.07 06:15 action=FLAT reason=no_signal strat=Forge RR3 full 2L3S rsi+swing #96CC|chase:fixed_or_rsi<68+vwap<99
[bridge] bar=2026.08.07 06:30 action=FLAT reason=no_signal strat=Forge RR3 full 2L3S rsi+swing #96CC|chase:fixed_or_rsi<68+vwap<99
[bridge] bar=2026.08.07 06:45 action=FLAT reason=no_signal strat=Forge RR3 full 2L3S rsi+swing #96CC|chase:fixed_or_rsi<68+vwap<99
[bridge] bar=2026.08.07 07:00 action=FLAT reason=no_signal strat=Forge RR3 full 2L3S rsi+swing #96CC|chase:fixed_or_rsi<68+vwap<99
[bridge] bar=2026.08.07 07:15 action=FLAT reason=no_signal strat=Forge RR3 full 2L3S rsi+swing #96CC|chase:fixed_or_rsi<68+vwap<99
[bridge] bar=2026.08.07 07:30 action=FLAT reason=no_signal strat=Forge RR3 full 2L3S rsi+swing #96CC|chase:fixed_or_rsi<68+vwap<99
[bridge] bar=2026.08.07 07:45 action=FLAT reason=no_signal strat=Forge RR3 full 2L3S rsi+swing #96CC|chase:fixed_or_rsi<68+vwap<99
[bridge] bar=2026.08.07 08:00 action=FLAT reason=no_signal strat=Forge RR3 full 2L3S rsi+swing #96CC|chase:fixed_or_rsi<68+vwap<99
[bridge] bar=2026.08.07 08:15 action=FLAT reason=no_signal strat=Forge RR3 full 2L3S rsi+swing #96CC|chase:fixed_or_rsi<68+vwap<99
[bridge] bar=2026.08.07 08:30 action=FLAT reason=no_signal strat=Forge RR3 full 2L3S rsi+swing #96CC|chase:fixed_or_rsi<68+vwap<99
[bridge] bar=2026.08.07 08:45 action=FLAT reason=no_signal strat=Forge RR3 full 2L3S rsi+swing #96CC|chase:fixed_or_rsi<68+vwap<99
[bridge] bar=2026.08.07 09:00 action=FLAT reason=no_signal strat=Forge RR3 full 2L3S rsi+swing #96CC|chase:fixed_or_rsi<68+vwap<99
[bridge] bar=2026.08.07 09:15 action=FLAT reason=no_signal strat=Forge RR3 full 2L3S rsi+swing #96CC|chase:fixed_or_rsi<68+vwap<99
[bridge] bar=2026.08.07 09:30 action=FLAT reason=no_signal strat=Forge RR3 full 2L3S rsi+swing #96CC|chase:fixed_or_rsi<68+vwap<99
[bridge] bar=2026.08.07 09:45 action=FLAT reason=no_signal strat=Forge RR3 full 2L3S rsi+swing #96CC|chase:fixed_or_rsi<68+vwap<99
[bridge] bar=2026.08.07 10:00 action=FLAT reason=no_signal strat=Forge RR3 full 2L3S rsi+swing #96CC|chase:fixed_or_rsi<68+vwap<99
[bridge] bar=2026.08.07 10:15 action=FLAT reason=no_signal strat=Forge RR3 full 2L3S rsi+swing #96CC|chase:fixed_or_rsi<68+vwap<99
[bridge] bar=2026.08.07 10:30 action=FLAT reason=no_signal strat=Forge RR3 full 2L3S rsi+swing #96CC|chase:fixed_or_rsi<68+vwap<99
[bridge] bar=2026.08.07 10:45 action=FLAT reason=no_signal strat=Forge RR3 full 2L3S rsi+swing #96CC|chase:fixed_or_rsi<68+vwap<99
[bridge] bar=2026.08.07 11:00 action=FLAT reason=no_signal strat=Forge RR3 full 2L3S rsi+swing #96CC|chase:fixed_or_rsi<68+vwap<99
[bridge] live monitor=http://127.0.0.1:8765
[bridge] dir=C:\Work\ThuyenRepo\EdgeMinerM15\mt5\bridge models=['tm_breakthrough_anti_chase_fixe_bdedbc09'] risk=1.0 fp=e60f1547d6e7
[bridge] history bars=39317
Traceback (most recent call last):
  File "C:\Work\ThuyenRepo\EdgeMinerM15\scripts\mt5_bridge_service.py", line 247, in <module>
    raise SystemExit(main())
                     ~~~~^^
  File "C:\Work\ThuyenRepo\EdgeMinerM15\scripts\mt5_bridge_service.py", line 144, in main
    write_status(
    ~~~~~~~~~~~~^
      bridge_dir,
      ^^^^^^^^^^^
    ...<4 lines>...
      **_engine_status_fields(primary),
      ^^^^^^^^^^^^^^^^^^^^^^^^^^^^^^^^^
    )
    ^
TypeError: mt5_bridge.protocol.write_status() got multiple values for keyword argument 'model_id'

--- start 2026-08-07T15:17:59+07:00 ---
[bridge] live monitor=http://127.0.0.1:8765
[bridge] dir=C:\Work\ThuyenRepo\EdgeMinerM15\mt5\bridge models=['tm_breakthrough_anti_chase_fixe_bdedbc09'] risk=1.0 fp=e60f1547d6e7
[bridge] history bars=39317
Traceback (most recent call last):
  File "C:\Work\ThuyenRepo\EdgeMinerM15\scripts\mt5_bridge_service.py", line 247, in <module>
    raise SystemExit(main())
                     ~~~~^^
  File "C:\Work\ThuyenRepo\EdgeMinerM15\scripts\mt5_bridge_service.py", line 144, in main
    write_status(
    ~~~~~~~~~~~~^
      bridge_dir,
      ^^^^^^^^^^^
    ...<4 lines>...
      **_engine_status_fields(primary),
      ^^^^^^^^^^^^^^^^^^^^^^^^^^^^^^^^^
    )
    ^
TypeError: mt5_bridge.protocol.write_status() got multiple values for keyword argument 'model_id'

--- start 2026-08-07T15:18:02+07:00 ---
[bridge] live monitor=http://127.0.0.1:8765
[bridge] dir=C:\Work\ThuyenRepo\EdgeMinerM15\mt5\bridge models=['tm_breakthrough_anti_chase_fixe_bdedbc09'] risk=1.0 fp=e60f1547d6e7
[bridge] history bars=39317
Traceback (most recent call last):
  File "C:\Work\ThuyenRepo\EdgeMinerM15\scripts\mt5_bridge_service.py", line 247, in <module>
    raise SystemExit(main())
                     ~~~~^^
  File "C:\Work\ThuyenRepo\EdgeMinerM15\scripts\mt5_bridge_service.py", line 144, in main
    write_status(
    ~~~~~~~~~~~~^
      bridge_dir,
      ^^^^^^^^^^^
    ...<4 lines>...
      **_engine_status_fields(primary),
      ^^^^^^^^^^^^^^^^^^^^^^^^^^^^^^^^^
    )
    ^
TypeError: mt5_bridge.protocol.write_status() got multiple values for keyword argument 'model_id'

--- start 2026-08-07T15:18:10+07:00 ---
[bridge] live monitor=http://127.0.0.1:8765
[bridge] dir=C:\Work\ThuyenRepo\EdgeMinerM15\mt5\bridge models=['tm_breakthrough_anti_chase_fixe_bdedbc09'] risk=1.0 fp=e60f1547d6e7
[bridge] history bars=39317
Traceback (most recent call last):
  File "C:\Work\ThuyenRepo\EdgeMinerM15\scripts\mt5_bridge_service.py", line 247, in <module>
    raise SystemExit(main())
                     ~~~~^^
  File "C:\Work\ThuyenRepo\EdgeMinerM15\scripts\mt5_bridge_service.py", line 144, in main
    write_status(
    ~~~~~~~~~~~~^
      bridge_dir,
      ^^^^^^^^^^^
    ...<4 lines>...
      **_engine_status_fields(primary),
      ^^^^^^^^^^^^^^^^^^^^^^^^^^^^^^^^^
    )
    ^
TypeError: mt5_bridge.protocol.write_status() got multiple values for keyword argument 'model_id'

--- start 2026-08-07T15:18:27+07:00 ---

--- start 2026-08-07T15:18:50+07:00 ---
[bridge] live monitor=http://127.0.0.1:8765
[bridge] dir=C:\Work\ThuyenRepo\EdgeMinerM15\mt5\bridge models=['tm_breakthrough_anti_chase_fixe_bdedbc09', 'tm_breakthrough_elite_or_qualit_d23dbb33', 'tm_breakthrough_elite_60_3_vwap_c1ad2c33'] risk=1.0 fp=e60f1547d6e7
[bridge] history bars=39317
Traceback (most recent call last):
  File "C:\Work\ThuyenRepo\EdgeMinerM15\scripts\mt5_bridge_service.py", line 247, in <module>
    raise SystemExit(main())
                     ~~~~^^
  File "C:\Work\ThuyenRepo\EdgeMinerM15\scripts\mt5_bridge_service.py", line 144, in main
    write_status(
    ~~~~~~~~~~~~^
      bridge_dir,
      ^^^^^^^^^^^
    ...<4 lines>...
      **_engine_status_fields(primary),
      ^^^^^^^^^^^^^^^^^^^^^^^^^^^^^^^^^
    )
    ^
TypeError: mt5_bridge.protocol.write_status() got multiple values for keyword argument 'model_id'

--- start 2026-08-07T15:19:08+07:00 ---
[bridge] live monitor=http://127.0.0.1:8765
[bridge] dir=C:\Work\ThuyenRepo\EdgeMinerM15\mt5\bridge models=['tm_breakthrough_anti_chase_fixe_bdedbc09', 'tm_breakthrough_elite_or_qualit_d23dbb33', 'tm_breakthrough_elite_60_3_vwap_c1ad2c33'] risk=1.0 fp=e60f1547d6e7
[bridge] history bars=39317
Traceback (most recent call last):
  File "C:\Work\ThuyenRepo\EdgeMinerM15\scripts\mt5_bridge_service.py", line 247, in <module>
    raise SystemExit(main())
                     ~~~~^^
  File "C:\Work\ThuyenRepo\EdgeMinerM15\scripts\mt5_bridge_service.py", line 144, in main
    write_status(
    ~~~~~~~~~~~~^
      bridge_dir,
      ^^^^^^^^^^^
    ...<4 lines>...
      **_engine_status_fields(primary),
      ^^^^^^^^^^^^^^^^^^^^^^^^^^^^^^^^^
    )
    ^
TypeError: mt5_bridge.protocol.write_status() got multiple values for keyword argument 'model_id'

--- start 2026-08-07T15:19:28+07:00 ---
[bridge] live monitor=http://127.0.0.1:8765
[bridge] dir=C:\Work\ThuyenRepo\EdgeMinerM15\mt5\bridge models=['tm_breakthrough_anti_chase_fixe_bdedbc09', 'tm_breakthrough_elite_or_qualit_d23dbb33', 'tm_breakthrough_elite_60_3_vwap_c1ad2c33'] risk=1.0 fp=e60f1547d6e7
[bridge] history bars=39317
Traceback (most recent call last):
  File "C:\Work\ThuyenRepo\EdgeMinerM15\scripts\mt5_bridge_service.py", line 247, in <module>
    raise SystemExit(main())
                     ~~~~^^
  File "C:\Work\ThuyenRepo\EdgeMinerM15\scripts\mt5_bridge_service.py", line 144, in main
    write_status(
    ~~~~~~~~~~~~^
      bridge_dir,
      ^^^^^^^^^^^
    ...<4 lines>...
      **_engine_status_fields(primary),
      ^^^^^^^^^^^^^^^^^^^^^^^^^^^^^^^^^
    )
    ^
TypeError: mt5_bridge.protocol.write_status() got multiple values for keyword argument 'model_id'

--- start 2026-08-07T15:19:53+07:00 ---
[bridge] live monitor=http://127.0.0.1:8765
[bridge] dir=C:\Work\ThuyenRepo\EdgeMinerM15\mt5\bridge models=['tm_breakthrough_anti_chase_fixe_bdedbc09', 'tm_breakthrough_elite_or_qualit_d23dbb33', 'tm_breakthrough_elite_60_3_vwap_c1ad2c33'] risk=1.0 fp=e60f1547d6e7
[bridge] history bars=39317
Traceback (most recent call last):
  File "C:\Work\ThuyenRepo\EdgeMinerM15\scripts\mt5_bridge_service.py", line 247, in <module>
    raise SystemExit(main())
                     ~~~~^^
  File "C:\Work\ThuyenRepo\EdgeMinerM15\scripts\mt5_bridge_service.py", line 144, in main
    write_status(
    ~~~~~~~~~~~~^
      bridge_dir,
      ^^^^^^^^^^^
    ...<4 lines>...
      **_engine_status_fields(primary),
      ^^^^^^^^^^^^^^^^^^^^^^^^^^^^^^^^^
    )
    ^
TypeError: mt5_bridge.protocol.write_status() got multiple values for keyword argument 'model_id'

--- start 2026-08-07T15:20:14+07:00 ---
[bridge] live monitor=http://127.0.0.1:8765
[bridge] dir=C:\Work\ThuyenRepo\EdgeMinerM15\mt5\bridge models=['tm_breakthrough_anti_chase_fixe_bdedbc09', 'tm_breakthrough_elite_or_qualit_d23dbb33', 'tm_breakthrough_elite_60_3_vwap_c1ad2c33'] risk=1.0 fp=e60f1547d6e7
[bridge] history bars=39317
Traceback (most recent call last):
  File "C:\Work\ThuyenRepo\EdgeMinerM15\scripts\mt5_bridge_service.py", line 247, in <module>
    raise SystemExit(main())
                     ~~~~^^
  File "C:\Work\ThuyenRepo\EdgeMinerM15\scripts\mt5_bridge_service.py", line 144, in main
    write_status(
    ~~~~~~~~~~~~^
      bridge_dir,
      ^^^^^^^^^^^
    ...<4 lines>...
      **_engine_status_fields(primary),
      ^^^^^^^^^^^^^^^^^^^^^^^^^^^^^^^^^
    )
    ^
TypeError: mt5_bridge.protocol.write_status() got multiple values for keyword argument 'model_id'

--- start 2026-08-07T15:20:33+07:00 ---
[bridge] live monitor=http://127.0.0.1:8765
[bridge] dir=C:\Work\ThuyenRepo\EdgeMinerM15\mt5\bridge models=['tm_breakthrough_anti_chase_fixe_bdedbc09', 'tm_breakthrough_elite_or_qualit_d23dbb33', 'tm_breakthrough_elite_60_3_vwap_c1ad2c33'] risk=1.0 fp=e60f1547d6e7
[bridge] history bars=39317
Traceback (most recent call last):
  File "C:\Work\ThuyenRepo\EdgeMinerM15\scripts\mt5_bridge_service.py", line 247, in <module>
    raise SystemExit(main())
                     ~~~~^^
  File "C:\Work\ThuyenRepo\EdgeMinerM15\scripts\mt5_bridge_service.py", line 144, in main
    write_status(
    ~~~~~~~~~~~~^
      bridge_dir,
      ^^^^^^^^^^^
    ...<4 lines>...
      **_engine_status_fields(primary),
      ^^^^^^^^^^^^^^^^^^^^^^^^^^^^^^^^^
    )
    ^
TypeError: mt5_bridge.protocol.write_status() got multiple values for keyword argument 'model_id'

--- start 2026-08-07T15:20:39+07:00 ---
[bridge] live monitor=http://127.0.0.1:8765
[bridge] dir=C:\Work\ThuyenRepo\EdgeMinerM15\mt5\bridge models=['tm_breakthrough_anti_chase_fixe_bdedbc09', 'tm_breakthrough_elite_or_qualit_d23dbb33', 'tm_breakthrough_elite_60_3_vwap_c1ad2c33'] risk=1.0 fp=e60f1547d6e7
[bridge] history bars=39317
Traceback (most recent call last):
  File "C:\Work\ThuyenRepo\EdgeMinerM15\scripts\mt5_bridge_service.py", line 247, in <module>
    raise SystemExit(main())
                     ~~~~^^
  File "C:\Work\ThuyenRepo\EdgeMinerM15\scripts\mt5_bridge_service.py", line 144, in main
    write_status(
    ~~~~~~~~~~~~^
      bridge_dir,
      ^^^^^^^^^^^
    ...<4 lines>...
      **_engine_status_fields(primary),
      ^^^^^^^^^^^^^^^^^^^^^^^^^^^^^^^^^
    )
    ^
TypeError: mt5_bridge.protocol.write_status() got multiple values for keyword argument 'model_id'

--- start 2026-08-07T15:20:47+07:00 ---
[bridge] live monitor=http://127.0.0.1:8765
[bridge] dir=C:\Work\ThuyenRepo\EdgeMinerM15\mt5\bridge models=['tm_breakthrough_anti_chase_fixe_bdedbc09', 'tm_breakthrough_elite_or_qualit_d23dbb33', 'tm_breakthrough_elite_60_3_vwap_c1ad2c33'] risk=1.0 fp=e60f1547d6e7
[bridge] history bars=39317
Traceback (most recent call last):
  File "C:\Work\ThuyenRepo\EdgeMinerM15\scripts\mt5_bridge_service.py", line 247, in <module>
    raise SystemExit(main())
                     ~~~~^^
  File "C:\Work\ThuyenRepo\EdgeMinerM15\scripts\mt5_bridge_service.py", line 144, in main
    write_status(
    ~~~~~~~~~~~~^
      bridge_dir,
      ^^^^^^^^^^^
    ...<4 lines>...
      **_engine_status_fields(primary),
      ^^^^^^^^^^^^^^^^^^^^^^^^^^^^^^^^^
    )
    ^
TypeError: mt5_bridge.protocol.write_status() got multiple values for keyword argument 'model_id'

--- start 2026-08-07T15:20:51+07:00 ---
[bridge] live monitor=http://127.0.0.1:8765
[bridge] dir=C:\Work\ThuyenRepo\EdgeMinerM15\mt5\bridge models=['tm_breakthrough_anti_chase_fixe_bdedbc09', 'tm_breakthrough_elite_or_qualit_d23dbb33', 'tm_breakthrough_elite_60_3_vwap_c1ad2c33'] risk=1.0 fp=e60f1547d6e7
[bridge] history bars=39317
Traceback (most recent call last):
  File "C:\Work\ThuyenRepo\EdgeMinerM15\scripts\mt5_bridge_service.py", line 247, in <module>
    raise SystemExit(main())
                     ~~~~^^
  File "C:\Work\ThuyenRepo\EdgeMinerM15\scripts\mt5_bridge_service.py", line 144, in main
    write_status(
    ~~~~~~~~~~~~^
      bridge_dir,
      ^^^^^^^^^^^
    ...<4 lines>...
      **_engine_status_fields(primary),
      ^^^^^^^^^^^^^^^^^^^^^^^^^^^^^^^^^
    )
    ^
TypeError: mt5_bridge.protocol.write_status() got multiple values for keyword argument 'model_id'

--- start 2026-08-07T15:20:56+07:00 ---
[bridge] live monitor=http://127.0.0.1:8765
[bridge] dir=C:\Work\ThuyenRepo\EdgeMinerM15\mt5\bridge models=['tm_breakthrough_anti_chase_fixe_bdedbc09', 'tm_breakthrough_elite_or_qualit_d23dbb33', 'tm_breakthrough_elite_60_3_vwap_c1ad2c33'] risk=1.0 fp=e60f1547d6e7
[bridge] history bars=39317
Traceback (most recent call last):
  File "C:\Work\ThuyenRepo\EdgeMinerM15\scripts\mt5_bridge_service.py", line 247, in <module>
    raise SystemExit(main())
                     ~~~~^^
  File "C:\Work\ThuyenRepo\EdgeMinerM15\scripts\mt5_bridge_service.py", line 144, in main
    write_status(
    ~~~~~~~~~~~~^
      bridge_dir,
      ^^^^^^^^^^^
    ...<4 lines>...
      **_engine_status_fields(primary),
      ^^^^^^^^^^^^^^^^^^^^^^^^^^^^^^^^^
    )
    ^
TypeError: mt5_bridge.protocol.write_status() got multiple values for keyword argument 'model_id'

--- start 2026-08-07T15:21:02+07:00 ---
[bridge] live monitor=http://127.0.0.1:8765
[bridge] dir=C:\Work\ThuyenRepo\EdgeMinerM15\mt5\bridge models=['tm_breakthrough_anti_chase_fixe_bdedbc09', 'tm_breakthrough_elite_or_qualit_d23dbb33', 'tm_breakthrough_elite_60_3_vwap_c1ad2c33'] risk=1.0 fp=e60f1547d6e7
[bridge] history bars=39317
Traceback (most recent call last):
  File "C:\Work\ThuyenRepo\EdgeMinerM15\scripts\mt5_bridge_service.py", line 247, in <module>
    raise SystemExit(main())
                     ~~~~^^
  File "C:\Work\ThuyenRepo\EdgeMinerM15\scripts\mt5_bridge_service.py", line 144, in main
    write_status(
    ~~~~~~~~~~~~^
      bridge_dir,
      ^^^^^^^^^^^
    ...<4 lines>...
      **_engine_status_fields(primary),
      ^^^^^^^^^^^^^^^^^^^^^^^^^^^^^^^^^
    )
    ^
TypeError: mt5_bridge.protocol.write_status() got multiple values for keyword argument 'model_id'

--- start 2026-08-07T15:24:41+07:00 ---
[bridge] live monitor=http://127.0.0.1:8765
[bridge] dir=C:\Work\ThuyenRepo\EdgeMinerM15\mt5\bridge models=['tm_breakthrough_anti_chase_fixe_bdedbc09', 'tm_breakthrough_elite_or_qualit_d23dbb33', 'tm_breakthrough_elite_60_3_vwap_c1ad2c33'] risk=1.0 fp=e60f1547d6e7
[bridge] history bars=39317
Traceback (most recent call last):
  File "C:\Work\ThuyenRepo\EdgeMinerM15\scripts\mt5_bridge_service.py", line 247, in <module>
    raise SystemExit(main())
                     ~~~~^^
  File "C:\Work\ThuyenRepo\EdgeMinerM15\scripts\mt5_bridge_service.py", line 144, in main
    write_status(
    ~~~~~~~~~~~~^
      bridge_dir,
      ^^^^^^^^^^^
    ...<4 lines>...
      **_engine_status_fields(primary),
      ^^^^^^^^^^^^^^^^^^^^^^^^^^^^^^^^^
    )
    ^
TypeError: mt5_bridge.protocol.write_status() got multiple values for keyword argument 'model_id'

--- start 2026-08-07T15:25:02+07:00 ---
[bridge] live monitor=http://127.0.0.1:8765
[bridge] dir=C:\Work\ThuyenRepo\EdgeMinerM15\mt5\bridge models=['tm_breakthrough_anti_chase_fixe_bdedbc09', 'tm_breakthrough_elite_or_qualit_d23dbb33', 'tm_breakthrough_elite_60_3_vwap_c1ad2c33'] risk=1.0 fp=e60f1547d6e7
[bridge] history bars=39317
Traceback (most recent call last):
  File "C:\Work\ThuyenRepo\EdgeMinerM15\scripts\mt5_bridge_service.py", line 247, in <module>
    raise SystemExit(main())
                     ~~~~^^
  File "C:\Work\ThuyenRepo\EdgeMinerM15\scripts\mt5_bridge_service.py", line 144, in main
    write_status(
    ~~~~~~~~~~~~^
      bridge_dir,
      ^^^^^^^^^^^
    ...<4 lines>...
      **_engine_status_fields(primary),
      ^^^^^^^^^^^^^^^^^^^^^^^^^^^^^^^^^
    )
    ^
TypeError: mt5_bridge.protocol.write_status() got multiple values for keyword argument 'model_id'

--- start 2026-08-07T15:27:09+07:00 ---
[bridge] live monitor=http://127.0.0.1:8765
[bridge] dir=C:\Work\ThuyenRepo\EdgeMinerM15\mt5\bridge models=['tm_breakthrough_anti_chase_fixe_bdedbc09', 'tm_breakthrough_elite_or_qualit_d23dbb33', 'tm_breakthrough_elite_60_3_vwap_c1ad2c33'] risk=1.0 fp=e60f1547d6e7
[bridge] history bars=39317
Traceback (most recent call last):
  File "C:\Work\ThuyenRepo\EdgeMinerM15\scripts\mt5_bridge_service.py", line 247, in <module>
    raise SystemExit(main())
                     ~~~~^^
  File "C:\Work\ThuyenRepo\EdgeMinerM15\scripts\mt5_bridge_service.py", line 144, in main
    write_status(
    ~~~~~~~~~~~~^
      bridge_dir,
      ^^^^^^^^^^^
    ...<4 lines>...
      **_engine_status_fields(primary),
      ^^^^^^^^^^^^^^^^^^^^^^^^^^^^^^^^^
    )
    ^
TypeError: mt5_bridge.protocol.write_status() got multiple values for keyword argument 'model_id'

--- start 2026-08-07T15:29:34+07:00 ---
[bridge] live monitor=http://127.0.0.1:8765
[bridge] dir=C:\Work\ThuyenRepo\EdgeMinerM15\mt5\bridge models=['tm_breakthrough_anti_chase_fixe_bdedbc09', 'tm_breakthrough_elite_or_qualit_d23dbb33', 'tm_breakthrough_elite_60_3_vwap_c1ad2c33'] risk=1.0 fp=e60f1547d6e7
[bridge] history bars=39317
Traceback (most recent call last):
  File "C:\Work\ThuyenRepo\EdgeMinerM15\scripts\mt5_bridge_service.py", line 247, in <module>
    raise SystemExit(main())
                     ~~~~^^
  File "C:\Work\ThuyenRepo\EdgeMinerM15\scripts\mt5_bridge_service.py", line 144, in main
    write_status(
    ~~~~~~~~~~~~^
      bridge_dir,
      ^^^^^^^^^^^
    ...<4 lines>...
      **_engine_status_fields(primary),
      ^^^^^^^^^^^^^^^^^^^^^^^^^^^^^^^^^
    )
    ^
TypeError: mt5_bridge.protocol.write_status() got multiple values for keyword argument 'model_id'

--- start 2026-08-07T15:32:08+07:00 ---
[bridge] live monitor=http://127.0.0.1:8765
[bridge] dir=C:\Work\ThuyenRepo\EdgeMinerM15\mt5\bridge models=['tm_breakthrough_anti_chase_fixe_bdedbc09', 'tm_breakthrough_elite_or_qualit_d23dbb33', 'tm_breakthrough_elite_60_3_vwap_c1ad2c33'] risk=1.0 fp=e60f1547d6e7
[bridge] history bars=39317
Traceback (most recent call last):
  File "C:\Work\ThuyenRepo\EdgeMinerM15\scripts\mt5_bridge_service.py", line 247, in <module>
    raise SystemExit(main())
                     ~~~~^^
  File "C:\Work\ThuyenRepo\EdgeMinerM15\scripts\mt5_bridge_service.py", line 144, in main
    write_status(
    ~~~~~~~~~~~~^
      bridge_dir,
      ^^^^^^^^^^^
    ...<4 lines>...
      **_engine_status_fields(primary),
      ^^^^^^^^^^^^^^^^^^^^^^^^^^^^^^^^^
    )
    ^
TypeError: mt5_bridge.protocol.write_status() got multiple values for keyword argument 'model_id'

--- start 2026-08-07T15:32:21+07:00 ---
[bridge] live monitor=http://127.0.0.1:8765
[bridge] dir=C:\Work\ThuyenRepo\EdgeMinerM15\mt5\bridge models=['tm_breakthrough_anti_chase_fixe_bdedbc09', 'tm_breakthrough_elite_or_qualit_d23dbb33', 'tm_breakthrough_elite_60_3_vwap_c1ad2c33'] risk=1.0 fp=e60f1547d6e7
[bridge] history bars=39317
Traceback (most recent call last):
  File "C:\Work\ThuyenRepo\EdgeMinerM15\scripts\mt5_bridge_service.py", line 247, in <module>
    raise SystemExit(main())
                     ~~~~^^
  File "C:\Work\ThuyenRepo\EdgeMinerM15\scripts\mt5_bridge_service.py", line 144, in main
    write_status(
    ~~~~~~~~~~~~^
      bridge_dir,
      ^^^^^^^^^^^
    ...<4 lines>...
      **_engine_status_fields(primary),
      ^^^^^^^^^^^^^^^^^^^^^^^^^^^^^^^^^
    )
    ^
TypeError: mt5_bridge.protocol.write_status() got multiple values for keyword argument 'model_id'

--- start 2026-08-07T15:32:42+07:00 ---
[bridge] live monitor=http://127.0.0.1:8765
[bridge] dir=C:\Work\ThuyenRepo\EdgeMinerM15\mt5\bridge models=['tm_breakthrough_anti_chase_fixe_bdedbc09', 'tm_breakthrough_elite_or_qualit_d23dbb33', 'tm_breakthrough_elite_60_3_vwap_c1ad2c33'] risk=1.0 fp=e60f1547d6e7
[bridge] history bars=39317
Traceback (most recent call last):
  File "C:\Work\ThuyenRepo\EdgeMinerM15\scripts\mt5_bridge_service.py", line 247, in <module>
    raise SystemExit(main())
                     ~~~~^^
  File "C:\Work\ThuyenRepo\EdgeMinerM15\scripts\mt5_bridge_service.py", line 144, in main
    write_status(
    ~~~~~~~~~~~~^
      bridge_dir,
      ^^^^^^^^^^^
    ...<4 lines>...
      **_engine_status_fields(primary),
      ^^^^^^^^^^^^^^^^^^^^^^^^^^^^^^^^^
    )
    ^
TypeError: mt5_bridge.protocol.write_status() got multiple values for keyword argument 'model_id'

--- start 2026-08-07T15:33:18+07:00 ---
[bridge] live monitor=http://127.0.0.1:8765
[bridge] dir=C:\Work\ThuyenRepo\EdgeMinerM15\mt5\bridge models=['tm_breakthrough_anti_chase_fixe_bdedbc09', 'tm_breakthrough_elite_or_qualit_d23dbb33', 'tm_breakthrough_elite_60_3_vwap_c1ad2c33'] risk=1.0 fp=e60f1547d6e7
[bridge] history bars=39317
Traceback (most recent call last):
  File "C:\Work\ThuyenRepo\EdgeMinerM15\scripts\mt5_bridge_service.py", line 247, in <module>
    raise SystemExit(main())
                     ~~~~^^
  File "C:\Work\ThuyenRepo\EdgeMinerM15\scripts\mt5_bridge_service.py", line 144, in main
    write_status(
    ~~~~~~~~~~~~^
      bridge_dir,
      ^^^^^^^^^^^
    ...<4 lines>...
      **_engine_status_fields(primary),
      ^^^^^^^^^^^^^^^^^^^^^^^^^^^^^^^^^
    )
    ^
TypeError: mt5_bridge.protocol.write_status() got multiple values for keyword argument 'model_id'

--- start 2026-08-07T15:33:39+07:00 ---
[bridge] live monitor=http://127.0.0.1:8765
[bridge] dir=C:\Work\ThuyenRepo\EdgeMinerM15\mt5\bridge models=['tm_breakthrough_anti_chase_fixe_bdedbc09', 'tm_breakthrough_elite_or_qualit_d23dbb33', 'tm_breakthrough_elite_60_3_vwap_c1ad2c33'] risk=1.0 fp=e60f1547d6e7
[bridge] history bars=39317
Traceback (most recent call last):
  File "C:\Work\ThuyenRepo\EdgeMinerM15\scripts\mt5_bridge_service.py", line 247, in <module>
    raise SystemExit(main())
                     ~~~~^^
  File "C:\Work\ThuyenRepo\EdgeMinerM15\scripts\mt5_bridge_service.py", line 144, in main
    write_status(
    ~~~~~~~~~~~~^
      bridge_dir,
      ^^^^^^^^^^^
    ...<4 lines>...
      **_engine_status_fields(primary),
      ^^^^^^^^^^^^^^^^^^^^^^^^^^^^^^^^^
    )
    ^
TypeError: mt5_bridge.protocol.write_status() got multiple values for keyword argument 'model_id'

--- start 2026-08-07T15:33:44+07:00 ---
[bridge] live monitor=http://127.0.0.1:8765
[bridge] dir=C:\Work\ThuyenRepo\EdgeMinerM15\mt5\bridge models=['tm_breakthrough_anti_chase_fixe_bdedbc09', 'tm_breakthrough_elite_or_qualit_d23dbb33', 'tm_breakthrough_elite_60_3_vwap_c1ad2c33'] risk=1.0 fp=e60f1547d6e7
[bridge] history bars=39317
Traceback (most recent call last):
  File "C:\Work\ThuyenRepo\EdgeMinerM15\scripts\mt5_bridge_service.py", line 247, in <module>
    raise SystemExit(main())
                     ~~~~^^
  File "C:\Work\ThuyenRepo\EdgeMinerM15\scripts\mt5_bridge_service.py", line 144, in main
    write_status(
    ~~~~~~~~~~~~^
      bridge_dir,
      ^^^^^^^^^^^
    ...<4 lines>...
      **_engine_status_fields(primary),
      ^^^^^^^^^^^^^^^^^^^^^^^^^^^^^^^^^
    )
    ^
TypeError: mt5_bridge.protocol.write_status() got multiple values for keyword argument 'model_id'

--- start 2026-08-07T15:33:47+07:00 ---

--- start 2026-08-07T15:33:49+07:00 ---
[bridge] live monitor=http://127.0.0.1:8765
[bridge] dir=C:\Work\ThuyenRepo\EdgeMinerM15\mt5\bridge models=['tm_breakthrough_anti_chase_fixe_bdedbc09', 'tm_breakthrough_elite_or_qualit_d23dbb33', 'tm_breakthrough_elite_60_3_vwap_c1ad2c33'] risk=1.0 fp=e60f1547d6e7
[bridge] history bars=39317
Traceback (most recent call last):
  File "C:\Work\ThuyenRepo\EdgeMinerM15\scripts\mt5_bridge_service.py", line 247, in <module>
    raise SystemExit(main())
                     ~~~~^^
  File "C:\Work\ThuyenRepo\EdgeMinerM15\scripts\mt5_bridge_service.py", line 144, in main
    write_status(
    ~~~~~~~~~~~~^
      bridge_dir,
      ^^^^^^^^^^^
    ...<4 lines>...
      **_engine_status_fields(primary),
      ^^^^^^^^^^^^^^^^^^^^^^^^^^^^^^^^^
    )
    ^
TypeError: mt5_bridge.protocol.write_status() got multiple values for keyword argument 'model_id'

--- start 2026-08-07T15:38:34+07:00 ---
[bridge] live monitor=http://127.0.0.1:8765
[bridge] dir=C:\Work\ThuyenRepo\EdgeMinerM15\mt5\bridge models=['tm_breakthrough_anti_chase_fixe_bdedbc09', 'tm_breakthrough_elite_or_qualit_d23dbb33', 'tm_breakthrough_elite_60_3_vwap_c1ad2c33'] risk=1.0 fp=e60f1547d6e7
[bridge] history bars=39317
Traceback (most recent call last):
  File "C:\Work\ThuyenRepo\EdgeMinerM15\scripts\mt5_bridge_service.py", line 247, in <module>
    raise SystemExit(main())
                     ~~~~^^
  File "C:\Work\ThuyenRepo\EdgeMinerM15\scripts\mt5_bridge_service.py", line 144, in main
    write_status(
    ~~~~~~~~~~~~^
      bridge_dir,
      ^^^^^^^^^^^
    ...<4 lines>...
      **_engine_status_fields(primary),
      ^^^^^^^^^^^^^^^^^^^^^^^^^^^^^^^^^
    )
    ^
TypeError: mt5_bridge.protocol.write_status() got multiple values for keyword argument 'model_id'

--- start 2026-08-07T15:38:38+07:00 ---
[bridge] live monitor=http://127.0.0.1:8765
[bridge] dir=C:\Work\ThuyenRepo\EdgeMinerM15\mt5\bridge models=['tm_breakthrough_anti_chase_fixe_bdedbc09', 'tm_breakthrough_elite_or_qualit_d23dbb33', 'tm_breakthrough_elite_60_3_vwap_c1ad2c33'] risk=1.0 fp=e60f1547d6e7
[bridge] history bars=39317
Traceback (most recent call last):
  File "C:\Work\ThuyenRepo\EdgeMinerM15\scripts\mt5_bridge_service.py", line 247, in <module>
    raise SystemExit(main())
                     ~~~~^^
  File "C:\Work\ThuyenRepo\EdgeMinerM15\scripts\mt5_bridge_service.py", line 144, in main
    write_status(
    ~~~~~~~~~~~~^
      bridge_dir,
      ^^^^^^^^^^^
    ...<4 lines>...
      **_engine_status_fields(primary),
      ^^^^^^^^^^^^^^^^^^^^^^^^^^^^^^^^^
    )
    ^
TypeError: mt5_bridge.protocol.write_status() got multiple values for keyword argument 'model_id'

--- start 2026-08-07T15:38:43+07:00 ---
[bridge] live monitor=http://127.0.0.1:8765
[bridge] dir=C:\Work\ThuyenRepo\EdgeMinerM15\mt5\bridge models=['tm_breakthrough_anti_chase_fixe_bdedbc09', 'tm_breakthrough_elite_or_qualit_d23dbb33', 'tm_breakthrough_elite_60_3_vwap_c1ad2c33'] risk=1.0 fp=e60f1547d6e7
[bridge] history bars=39317
Traceback (most recent call last):
  File "C:\Work\ThuyenRepo\EdgeMinerM15\scripts\mt5_bridge_service.py", line 247, in <module>
    raise SystemExit(main())
                     ~~~~^^
  File "C:\Work\ThuyenRepo\EdgeMinerM15\scripts\mt5_bridge_service.py", line 144, in main
    write_status(
    ~~~~~~~~~~~~^
      bridge_dir,
      ^^^^^^^^^^^
    ...<4 lines>...
      **_engine_status_fields(primary),
      ^^^^^^^^^^^^^^^^^^^^^^^^^^^^^^^^^
    )
    ^
TypeError: mt5_bridge.protocol.write_status() got multiple values for keyword argument 'model_id'

--- start 2026-08-07T15:41:40+07:00 ---
[bridge] live monitor=http://127.0.0.1:8765
[bridge] dir=C:\Work\ThuyenRepo\EdgeMinerM15\mt5\bridge models=['tm_breakthrough_anti_chase_fixe_bdedbc09', 'tm_breakthrough_elite_or_qualit_d23dbb33', 'tm_breakthrough_elite_60_3_vwap_c1ad2c33'] risk=1.0 fp=e60f1547d6e7
[bridge] history bars=39317
Traceback (most recent call last):
  File "C:\Work\ThuyenRepo\EdgeMinerM15\scripts\mt5_bridge_service.py", line 247, in <module>
    raise SystemExit(main())
                     ~~~~^^
  File "C:\Work\ThuyenRepo\EdgeMinerM15\scripts\mt5_bridge_service.py", line 144, in main
    write_status(
    ~~~~~~~~~~~~^
      bridge_dir,
      ^^^^^^^^^^^
    ...<4 lines>...
      **_engine_status_fields(primary),
      ^^^^^^^^^^^^^^^^^^^^^^^^^^^^^^^^^
    )
    ^
TypeError: mt5_bridge.protocol.write_status() got multiple values for keyword argument 'model_id'

--- start 2026-08-07T15:41:43+07:00 ---
[bridge] live monitor=http://127.0.0.1:8765
[bridge] dir=C:\Work\ThuyenRepo\EdgeMinerM15\mt5\bridge models=['tm_breakthrough_anti_chase_fixe_bdedbc09', 'tm_breakthrough_elite_or_qualit_d23dbb33', 'tm_breakthrough_elite_60_3_vwap_c1ad2c33'] risk=1.0 fp=e60f1547d6e7
[bridge] history bars=39317
Traceback (most recent call last):
  File "C:\Work\ThuyenRepo\EdgeMinerM15\scripts\mt5_bridge_service.py", line 247, in <module>
    raise SystemExit(main())
                     ~~~~^^
  File "C:\Work\ThuyenRepo\EdgeMinerM15\scripts\mt5_bridge_service.py", line 144, in main
    write_status(
    ~~~~~~~~~~~~^
      bridge_dir,
      ^^^^^^^^^^^
    ...<4 lines>...
      **_engine_status_fields(primary),
      ^^^^^^^^^^^^^^^^^^^^^^^^^^^^^^^^^
    )
    ^
TypeError: mt5_bridge.protocol.write_status() got multiple values for keyword argument 'model_id'

--- start 2026-08-07T15:42:24+07:00 ---
[bridge] live monitor=http://127.0.0.1:8765
[bridge] dir=C:\Work\ThuyenRepo\EdgeMinerM15\mt5\bridge models=['tm_breakthrough_anti_chase_fixe_bdedbc09', 'tm_breakthrough_elite_or_qualit_d23dbb33', 'tm_breakthrough_elite_60_3_vwap_c1ad2c33'] risk=1.0 fp=e60f1547d6e7
[bridge] history bars=39317
Traceback (most recent call last):
  File "C:\Work\ThuyenRepo\EdgeMinerM15\scripts\mt5_bridge_service.py", line 247, in <module>
    raise SystemExit(main())
                     ~~~~^^
  File "C:\Work\ThuyenRepo\EdgeMinerM15\scripts\mt5_bridge_service.py", line 144, in main
    write_status(
    ~~~~~~~~~~~~^
      bridge_dir,
      ^^^^^^^^^^^
    ...<4 lines>...
      **_engine_status_fields(primary),
      ^^^^^^^^^^^^^^^^^^^^^^^^^^^^^^^^^
    )
    ^
TypeError: mt5_bridge.protocol.write_status() got multiple values for keyword argument 'model_id'

--- start 2026-08-07T15:42:50+07:00 ---
[bridge] live monitor=http://127.0.0.1:8765
[bridge] dir=C:\Work\ThuyenRepo\EdgeMinerM15\mt5\bridge models=['tm_breakthrough_anti_chase_fixe_bdedbc09', 'tm_breakthrough_elite_or_qualit_d23dbb33', 'tm_breakthrough_elite_60_3_vwap_c1ad2c33'] risk=1.0 fp=e60f1547d6e7
[bridge] history bars=39317
Traceback (most recent call last):
  File "C:\Work\ThuyenRepo\EdgeMinerM15\scripts\mt5_bridge_service.py", line 247, in <module>
    raise SystemExit(main())
                     ~~~~^^
  File "C:\Work\ThuyenRepo\EdgeMinerM15\scripts\mt5_bridge_service.py", line 144, in main
    write_status(
    ~~~~~~~~~~~~^
      bridge_dir,
      ^^^^^^^^^^^
    ...<4 lines>...
      **_engine_status_fields(primary),
      ^^^^^^^^^^^^^^^^^^^^^^^^^^^^^^^^^
    )
    ^
TypeError: mt5_bridge.protocol.write_status() got multiple values for keyword argument 'model_id'

--- start 2026-08-07T15:42:54+07:00 ---
[bridge] live monitor=http://127.0.0.1:8765
[bridge] dir=C:\Work\ThuyenRepo\EdgeMinerM15\mt5\bridge models=['tm_breakthrough_anti_chase_fixe_bdedbc09', 'tm_breakthrough_elite_or_qualit_d23dbb33', 'tm_breakthrough_elite_60_3_vwap_c1ad2c33'] risk=1.0 fp=e60f1547d6e7
[bridge] history bars=39317
Traceback (most recent call last):
  File "C:\Work\ThuyenRepo\EdgeMinerM15\scripts\mt5_bridge_service.py", line 247, in <module>
    raise SystemExit(main())
                     ~~~~^^
  File "C:\Work\ThuyenRepo\EdgeMinerM15\scripts\mt5_bridge_service.py", line 144, in main
    write_status(
    ~~~~~~~~~~~~^
      bridge_dir,
      ^^^^^^^^^^^
    ...<4 lines>...
      **_engine_status_fields(primary),
      ^^^^^^^^^^^^^^^^^^^^^^^^^^^^^^^^^
    )
    ^
TypeError: mt5_bridge.protocol.write_status() got multiple values for keyword argument 'model_id'

--- start 2026-08-07T15:43:35+07:00 ---
[bridge] live monitor=http://127.0.0.1:8765
[bridge] dir=C:\Work\ThuyenRepo\EdgeMinerM15\mt5\bridge models=['tm_breakthrough_anti_chase_fixe_bdedbc09', 'tm_breakthrough_elite_or_qualit_d23dbb33', 'tm_breakthrough_elite_60_3_vwap_c1ad2c33'] risk=1.0 fp=e60f1547d6e7
[bridge] history bars=39317
Traceback (most recent call last):
  File "C:\Work\ThuyenRepo\EdgeMinerM15\scripts\mt5_bridge_service.py", line 247, in <module>
    raise SystemExit(main())
                     ~~~~^^
  File "C:\Work\ThuyenRepo\EdgeMinerM15\scripts\mt5_bridge_service.py", line 144, in main
    write_status(
    ~~~~~~~~~~~~^
      bridge_dir,
      ^^^^^^^^^^^
    ...<4 lines>...
      **_engine_status_fields(primary),
      ^^^^^^^^^^^^^^^^^^^^^^^^^^^^^^^^^
    )
    ^
TypeError: mt5_bridge.protocol.write_status() got multiple values for keyword argument 'model_id'

--- start 2026-08-07T15:43:40+07:00 ---
[bridge] live monitor=http://127.0.0.1:8765
[bridge] dir=C:\Work\ThuyenRepo\EdgeMinerM15\mt5\bridge models=['tm_breakthrough_anti_chase_fixe_bdedbc09', 'tm_breakthrough_elite_or_qualit_d23dbb33', 'tm_breakthrough_elite_60_3_vwap_c1ad2c33'] risk=1.0 fp=e60f1547d6e7
[bridge] history bars=39317
Traceback (most recent call last):
  File "C:\Work\ThuyenRepo\EdgeMinerM15\scripts\mt5_bridge_service.py", line 247, in <module>
    raise SystemExit(main())
                     ~~~~^^
  File "C:\Work\ThuyenRepo\EdgeMinerM15\scripts\mt5_bridge_service.py", line 144, in main
    write_status(
    ~~~~~~~~~~~~^
      bridge_dir,
      ^^^^^^^^^^^
    ...<4 lines>...
      **_engine_status_fields(primary),
      ^^^^^^^^^^^^^^^^^^^^^^^^^^^^^^^^^
    )
    ^
TypeError: mt5_bridge.protocol.write_status() got multiple values for keyword argument 'model_id'

--- start 2026-08-07T15:43:45+07:00 ---
[bridge] live monitor=http://127.0.0.1:8765
[bridge] dir=C:\Work\ThuyenRepo\EdgeMinerM15\mt5\bridge models=['tm_breakthrough_anti_chase_fixe_bdedbc09', 'tm_breakthrough_elite_or_qualit_d23dbb33', 'tm_breakthrough_elite_60_3_vwap_c1ad2c33'] risk=1.0 fp=e60f1547d6e7
[bridge] history bars=39317
Traceback (most recent call last):
  File "C:\Work\ThuyenRepo\EdgeMinerM15\scripts\mt5_bridge_service.py", line 247, in <module>
    raise SystemExit(main())
                     ~~~~^^
  File "C:\Work\ThuyenRepo\EdgeMinerM15\scripts\mt5_bridge_service.py", line 144, in main
    write_status(
    ~~~~~~~~~~~~^
      bridge_dir,
      ^^^^^^^^^^^
    ...<4 lines>...
      **_engine_status_fields(primary),
      ^^^^^^^^^^^^^^^^^^^^^^^^^^^^^^^^^
    )
    ^
TypeError: mt5_bridge.protocol.write_status() got multiple values for keyword argument 'model_id'

--- start 2026-08-07T15:44:50+07:00 ---
[bridge] live monitor=http://127.0.0.1:8765
[bridge] dir=C:\Work\ThuyenRepo\EdgeMinerM15\mt5\bridge models=['tm_breakthrough_anti_chase_fixe_bdedbc09', 'tm_breakthrough_elite_or_qualit_d23dbb33', 'tm_breakthrough_elite_60_3_vwap_c1ad2c33'] risk=1.0 fp=e60f1547d6e7
[bridge] history bars=39317
Traceback (most recent call last):
  File "C:\Work\ThuyenRepo\EdgeMinerM15\scripts\mt5_bridge_service.py", line 247, in <module>
    raise SystemExit(main())
                     ~~~~^^
  File "C:\Work\ThuyenRepo\EdgeMinerM15\scripts\mt5_bridge_service.py", line 144, in main
    write_status(
    ~~~~~~~~~~~~^
      bridge_dir,
      ^^^^^^^^^^^
    ...<4 lines>...
      **_engine_status_fields(primary),
      ^^^^^^^^^^^^^^^^^^^^^^^^^^^^^^^^^
    )
    ^
TypeError: mt5_bridge.protocol.write_status() got multiple values for keyword argument 'model_id'

--- start 2026-08-07T15:45:02+07:00 ---
[bridge] live monitor=http://127.0.0.1:8765
[bridge] dir=C:\Work\ThuyenRepo\EdgeMinerM15\mt5\bridge models=['tm_breakthrough_anti_chase_fixe_bdedbc09', 'tm_breakthrough_elite_or_qualit_d23dbb33', 'tm_breakthrough_elite_60_3_vwap_c1ad2c33'] risk=1.0 fp=e60f1547d6e7
[bridge] history bars=39317
Traceback (most recent call last):
  File "C:\Work\ThuyenRepo\EdgeMinerM15\scripts\mt5_bridge_service.py", line 247, in <module>
    raise SystemExit(main())
                     ~~~~^^
  File "C:\Work\ThuyenRepo\EdgeMinerM15\scripts\mt5_bridge_service.py", line 144, in main
    write_status(
    ~~~~~~~~~~~~^
      bridge_dir,
      ^^^^^^^^^^^
    ...<4 lines>...
      **_engine_status_fields(primary),
      ^^^^^^^^^^^^^^^^^^^^^^^^^^^^^^^^^
    )
    ^
TypeError: mt5_bridge.protocol.write_status() got multiple values for keyword argument 'model_id'

--- start 2026-08-07T15:45:07+07:00 ---
[bridge] live monitor=http://127.0.0.1:8765
[bridge] dir=C:\Work\ThuyenRepo\EdgeMinerM15\mt5\bridge models=['tm_breakthrough_anti_chase_fixe_bdedbc09', 'tm_breakthrough_elite_or_qualit_d23dbb33'] risk=1.0 fp=e60f1547d6e7
[bridge] history bars=39317
Traceback (most recent call last):
  File "C:\Work\ThuyenRepo\EdgeMinerM15\scripts\mt5_bridge_service.py", line 247, in <module>
    raise SystemExit(main())
                     ~~~~^^
  File "C:\Work\ThuyenRepo\EdgeMinerM15\scripts\mt5_bridge_service.py", line 144, in main
    write_status(
    ~~~~~~~~~~~~^
      bridge_dir,
      ^^^^^^^^^^^
    ...<4 lines>...
      **_engine_status_fields(primary),
      ^^^^^^^^^^^^^^^^^^^^^^^^^^^^^^^^^
    )
    ^
TypeError: mt5_bridge.protocol.write_status() got multiple values for keyword argument 'model_id'

--- start 2026-08-07T15:45:27+07:00 ---
[bridge] live monitor=http://127.0.0.1:8765
[bridge] dir=C:\Work\ThuyenRepo\EdgeMinerM15\mt5\bridge models=['tm_breakthrough_anti_chase_fixe_bdedbc09', 'tm_breakthrough_elite_or_qualit_d23dbb33'] risk=1.0 fp=e60f1547d6e7
[bridge] history bars=39317
Traceback (most recent call last):
  File "C:\Work\ThuyenRepo\EdgeMinerM15\scripts\mt5_bridge_service.py", line 247, in <module>
    raise SystemExit(main())
                     ~~~~^^
  File "C:\Work\ThuyenRepo\EdgeMinerM15\scripts\mt5_bridge_service.py", line 144, in main
    write_status(
    ~~~~~~~~~~~~^
      bridge_dir,
      ^^^^^^^^^^^
    ...<4 lines>...
      **_engine_status_fields(primary),
      ^^^^^^^^^^^^^^^^^^^^^^^^^^^^^^^^^
    )
    ^
TypeError: mt5_bridge.protocol.write_status() got multiple values for keyword argument 'model_id'

--- start 2026-08-07T15:45:30+07:00 ---
[bridge] live monitor=http://127.0.0.1:8765
[bridge] dir=C:\Work\ThuyenRepo\EdgeMinerM15\mt5\bridge models=['tm_breakthrough_anti_chase_fixe_bdedbc09', 'tm_breakthrough_elite_or_qualit_d23dbb33'] risk=1.0 fp=e60f1547d6e7
[bridge] history bars=39317
Traceback (most recent call last):
  File "C:\Work\ThuyenRepo\EdgeMinerM15\scripts\mt5_bridge_service.py", line 247, in <module>
    raise SystemExit(main())
                     ~~~~^^
  File "C:\Work\ThuyenRepo\EdgeMinerM15\scripts\mt5_bridge_service.py", line 144, in main
    write_status(
    ~~~~~~~~~~~~^
      bridge_dir,
      ^^^^^^^^^^^
    ...<4 lines>...
      **_engine_status_fields(primary),
      ^^^^^^^^^^^^^^^^^^^^^^^^^^^^^^^^^
    )
    ^
TypeError: mt5_bridge.protocol.write_status() got multiple values for keyword argument 'model_id'

--- start 2026-08-07T15:46:28+07:00 ---
[bridge] live monitor=http://127.0.0.1:8765
[bridge] dir=C:\Work\ThuyenRepo\EdgeMinerM15\mt5\bridge models=['tm_breakthrough_anti_chase_fixe_bdedbc09', 'tm_breakthrough_elite_or_qualit_d23dbb33'] risk=1.0 fp=e60f1547d6e7
[bridge] history bars=39317
Traceback (most recent call last):
  File "C:\Work\ThuyenRepo\EdgeMinerM15\scripts\mt5_bridge_service.py", line 247, in <module>
    raise SystemExit(main())
                     ~~~~^^
  File "C:\Work\ThuyenRepo\EdgeMinerM15\scripts\mt5_bridge_service.py", line 144, in main
    write_status(
    ~~~~~~~~~~~~^
      bridge_dir,
      ^^^^^^^^^^^
    ...<4 lines>...
      **_engine_status_fields(primary),
      ^^^^^^^^^^^^^^^^^^^^^^^^^^^^^^^^^
    )
    ^
TypeError: mt5_bridge.protocol.write_status() got multiple values for keyword argument 'model_id'

--- start 2026-08-07T15:47:52+07:00 ---
[bridge] live monitor=http://127.0.0.1:8765
[bridge] dir=C:\Work\ThuyenRepo\EdgeMinerM15\mt5\bridge models=['tm_breakthrough_anti_chase_fixe_bdedbc09', 'tm_breakthrough_elite_or_qualit_d23dbb33', 'tm_breakthrough_elite_60_3_vwap_c1ad2c33'] risk=1.0 fp=e60f1547d6e7
[bridge] history bars=39317
Traceback (most recent call last):
  File "C:\Work\ThuyenRepo\EdgeMinerM15\scripts\mt5_bridge_service.py", line 247, in <module>
    raise SystemExit(main())
                     ~~~~^^
  File "C:\Work\ThuyenRepo\EdgeMinerM15\scripts\mt5_bridge_service.py", line 144, in main
    write_status(
    ~~~~~~~~~~~~^
      bridge_dir,
      ^^^^^^^^^^^
    ...<4 lines>...
      **_engine_status_fields(primary),
      ^^^^^^^^^^^^^^^^^^^^^^^^^^^^^^^^^
    )
    ^
TypeError: mt5_bridge.protocol.write_status() got multiple values for keyword argument 'model_id'

--- start 2026-08-07T15:55:27+07:00 ---
[bridge] live monitor=http://127.0.0.1:8765
[bridge] dir=C:\Work\ThuyenRepo\EdgeMinerM15\mt5\bridge models=['tm_breakthrough_anti_chase_fixe_bdedbc09', 'tm_breakthrough_elite_or_qualit_d23dbb33', 'tm_breakthrough_elite_60_3_vwap_c1ad2c33'] risk=1.0 fp=e60f1547d6e7
[bridge] history bars=39317
Traceback (most recent call last):
  File "C:\Work\ThuyenRepo\EdgeMinerM15\scripts\mt5_bridge_service.py", line 247, in <module>
    raise SystemExit(main())
                     ~~~~^^
  File "C:\Work\ThuyenRepo\EdgeMinerM15\scripts\mt5_bridge_service.py", line 144, in main
    write_status(
    ~~~~~~~~~~~~^
      bridge_dir,
      ^^^^^^^^^^^
    ...<4 lines>...
      **_engine_status_fields(primary),
      ^^^^^^^^^^^^^^^^^^^^^^^^^^^^^^^^^
    )
    ^
TypeError: mt5_bridge.protocol.write_status() got multiple values for keyword argument 'model_id'

--- start 2026-08-07T15:58:57+07:00 ---
[bridge] live monitor=http://127.0.0.1:8765
[bridge] dir=C:\Work\ThuyenRepo\EdgeMinerM15\mt5\bridge models=['tm_breakthrough_anti_chase_fixe_bdedbc09', 'tm_breakthrough_elite_or_qualit_d23dbb33', 'tm_breakthrough_elite_60_3_vwap_c1ad2c33'] risk=1.0 fp=e60f1547d6e7
[bridge] history bars=39317
Traceback (most recent call last):
  File "C:\Work\ThuyenRepo\EdgeMinerM15\scripts\mt5_bridge_service.py", line 247, in <module>
    raise SystemExit(main())
                     ~~~~^^
  File "C:\Work\ThuyenRepo\EdgeMinerM15\scripts\mt5_bridge_service.py", line 144, in main
    write_status(
    ~~~~~~~~~~~~^
      bridge_dir,
      ^^^^^^^^^^^
    ...<4 lines>...
      **_engine_status_fields(primary),
      ^^^^^^^^^^^^^^^^^^^^^^^^^^^^^^^^^
    )
    ^
TypeError: mt5_bridge.protocol.write_status() got multiple values for keyword argument 'model_id'

--- start 2026-08-07T15:59:07+07:00 ---
[bridge] live monitor=http://127.0.0.1:8765
[bridge] dir=C:\Work\ThuyenRepo\EdgeMinerM15\mt5\bridge models=['tm_breakthrough_anti_chase_fixe_bdedbc09', 'tm_breakthrough_elite_or_qualit_d23dbb33', 'tm_breakthrough_elite_60_3_vwap_c1ad2c33'] risk=1.0 fp=e60f1547d6e7
[bridge] history bars=39317
Traceback (most recent call last):
  File "C:\Work\ThuyenRepo\EdgeMinerM15\scripts\mt5_bridge_service.py", line 247, in <module>
    raise SystemExit(main())
                     ~~~~^^
  File "C:\Work\ThuyenRepo\EdgeMinerM15\scripts\mt5_bridge_service.py", line 144, in main
    write_status(
    ~~~~~~~~~~~~^
      bridge_dir,
      ^^^^^^^^^^^
    ...<4 lines>...
      **_engine_status_fields(primary),
      ^^^^^^^^^^^^^^^^^^^^^^^^^^^^^^^^^
    )
    ^
TypeError: mt5_bridge.protocol.write_status() got multiple values for keyword argument 'model_id'

--- start 2026-08-07T15:59:27+07:00 ---
[bridge] live monitor=http://127.0.0.1:8765
[bridge] dir=C:\Work\ThuyenRepo\EdgeMinerM15\mt5\bridge models=['tm_breakthrough_anti_chase_fixe_bdedbc09', 'tm_breakthrough_elite_or_qualit_d23dbb33', 'tm_breakthrough_elite_60_3_vwap_c1ad2c33'] risk=1.0 fp=e60f1547d6e7
[bridge] history bars=39317
Traceback (most recent call last):
  File "C:\Work\ThuyenRepo\EdgeMinerM15\scripts\mt5_bridge_service.py", line 247, in <module>
    raise SystemExit(main())
                     ~~~~^^
  File "C:\Work\ThuyenRepo\EdgeMinerM15\scripts\mt5_bridge_service.py", line 144, in main
    write_status(
    ~~~~~~~~~~~~^
      bridge_dir,
      ^^^^^^^^^^^
    ...<4 lines>...
      **_engine_status_fields(primary),
      ^^^^^^^^^^^^^^^^^^^^^^^^^^^^^^^^^
    )
    ^
TypeError: mt5_bridge.protocol.write_status() got multiple values for keyword argument 'model_id'

--- start 2026-08-07T15:59:30+07:00 ---
[bridge] live monitor=http://127.0.0.1:8765
[bridge] dir=C:\Work\ThuyenRepo\EdgeMinerM15\mt5\bridge models=['tm_breakthrough_anti_chase_fixe_bdedbc09', 'tm_breakthrough_elite_or_qualit_d23dbb33', 'tm_breakthrough_elite_60_3_vwap_c1ad2c33'] risk=1.0 fp=e60f1547d6e7
[bridge] history bars=39317
Traceback (most recent call last):
  File "C:\Work\ThuyenRepo\EdgeMinerM15\scripts\mt5_bridge_service.py", line 247, in <module>
    raise SystemExit(main())
                     ~~~~^^
  File "C:\Work\ThuyenRepo\EdgeMinerM15\scripts\mt5_bridge_service.py", line 144, in main
    write_status(
    ~~~~~~~~~~~~^
      bridge_dir,
      ^^^^^^^^^^^
    ...<4 lines>...
      **_engine_status_fields(primary),
      ^^^^^^^^^^^^^^^^^^^^^^^^^^^^^^^^^
    )
    ^
TypeError: mt5_bridge.protocol.write_status() got multiple values for keyword argument 'model_id'

--- start 2026-08-07T15:59:33+07:00 ---
[bridge] live monitor=http://127.0.0.1:8765
[bridge] dir=C:\Work\ThuyenRepo\EdgeMinerM15\mt5\bridge models=['tm_breakthrough_anti_chase_fixe_bdedbc09', 'tm_breakthrough_elite_or_qualit_d23dbb33', 'tm_breakthrough_elite_60_3_vwap_c1ad2c33'] risk=1.0 fp=e60f1547d6e7
[bridge] history bars=39317
Traceback (most recent call last):
  File "C:\Work\ThuyenRepo\EdgeMinerM15\scripts\mt5_bridge_service.py", line 247, in <module>
    raise SystemExit(main())
                     ~~~~^^
  File "C:\Work\ThuyenRepo\EdgeMinerM15\scripts\mt5_bridge_service.py", line 144, in main
    write_status(
    ~~~~~~~~~~~~^
      bridge_dir,
      ^^^^^^^^^^^
    ...<4 lines>...
      **_engine_status_fields(primary),
      ^^^^^^^^^^^^^^^^^^^^^^^^^^^^^^^^^
    )
    ^
TypeError: mt5_bridge.protocol.write_status() got multiple values for keyword argument 'model_id'

--- start 2026-08-07T15:59:42+07:00 ---
[bridge] live monitor=http://127.0.0.1:8765
[bridge] dir=C:\Work\ThuyenRepo\EdgeMinerM15\mt5\bridge models=['tm_breakthrough_anti_chase_fixe_bdedbc09', 'tm_breakthrough_elite_or_qualit_d23dbb33', 'tm_breakthrough_elite_60_3_vwap_c1ad2c33'] risk=1.0 fp=e60f1547d6e7
[bridge] history bars=39317
Traceback (most recent call last):
  File "C:\Work\ThuyenRepo\EdgeMinerM15\scripts\mt5_bridge_service.py", line 247, in <module>
    raise SystemExit(main())
                     ~~~~^^
  File "C:\Work\ThuyenRepo\EdgeMinerM15\scripts\mt5_bridge_service.py", line 144, in main
    write_status(
    ~~~~~~~~~~~~^
      bridge_dir,
      ^^^^^^^^^^^
    ...<4 lines>...
      **_engine_status_fields(primary),
      ^^^^^^^^^^^^^^^^^^^^^^^^^^^^^^^^^
    )
    ^
TypeError: mt5_bridge.protocol.write_status() got multiple values for keyword argument 'model_id'

--- start 2026-08-07T15:59:44+07:00 ---
[bridge] live monitor=http://127.0.0.1:8765
[bridge] dir=C:\Work\ThuyenRepo\EdgeMinerM15\mt5\bridge models=['tm_breakthrough_anti_chase_fixe_bdedbc09', 'tm_breakthrough_elite_or_qualit_d23dbb33', 'tm_breakthrough_elite_60_3_vwap_c1ad2c33'] risk=1.0 fp=e60f1547d6e7
[bridge] history bars=39317
Traceback (most recent call last):
  File "C:\Work\ThuyenRepo\EdgeMinerM15\scripts\mt5_bridge_service.py", line 247, in <module>
    raise SystemExit(main())
                     ~~~~^^
  File "C:\Work\ThuyenRepo\EdgeMinerM15\scripts\mt5_bridge_service.py", line 144, in main
    write_status(
    ~~~~~~~~~~~~^
      bridge_dir,
      ^^^^^^^^^^^
    ...<4 lines>...
      **_engine_status_fields(primary),
      ^^^^^^^^^^^^^^^^^^^^^^^^^^^^^^^^^
    )
    ^
TypeError: mt5_bridge.protocol.write_status() got multiple values for keyword argument 'model_id'

--- start 2026-08-07T15:59:47+07:00 ---
[bridge] live monitor=http://127.0.0.1:8765
[bridge] dir=C:\Work\ThuyenRepo\EdgeMinerM15\mt5\bridge models=['tm_breakthrough_anti_chase_fixe_bdedbc09', 'tm_breakthrough_elite_or_qualit_d23dbb33', 'tm_breakthrough_elite_60_3_vwap_c1ad2c33'] risk=1.0 fp=e60f1547d6e7
[bridge] history bars=39317
Traceback (most recent call last):
  File "C:\Work\ThuyenRepo\EdgeMinerM15\scripts\mt5_bridge_service.py", line 247, in <module>
    raise SystemExit(main())
                     ~~~~^^
  File "C:\Work\ThuyenRepo\EdgeMinerM15\scripts\mt5_bridge_service.py", line 144, in main
    write_status(
    ~~~~~~~~~~~~^
      bridge_dir,
      ^^^^^^^^^^^
    ...<4 lines>...
      **_engine_status_fields(primary),
      ^^^^^^^^^^^^^^^^^^^^^^^^^^^^^^^^^
    )
    ^
TypeError: mt5_bridge.protocol.write_status() got multiple values for keyword argument 'model_id'

--- start 2026-08-07T15:59:50+07:00 ---

--- start 2026-08-07T16:04:43+07:00 ---
[bridge] live monitor=http://127.0.0.1:8765
[bridge] dir=C:\Work\ThuyenRepo\EdgeMinerM15\mt5\bridge models=['tm_breakthrough_anti_chase_fixe_748923b2', 'tm_breakthrough_elite_60_3_vwap_c1ad2c33', 'tm_h_c_3_tu_n_h_c_2025-2026-6th_f574b07e'] risk=1.0 fp=c58232d10b00
[bridge] history bars=39317
Traceback (most recent call last):
  File "C:\Work\ThuyenRepo\EdgeMinerM15\scripts\mt5_bridge_service.py", line 247, in <module>
    raise SystemExit(main())
                     ~~~~^^
  File "C:\Work\ThuyenRepo\EdgeMinerM15\scripts\mt5_bridge_service.py", line 144, in main
    write_status(
    ~~~~~~~~~~~~^
      bridge_dir,
      ^^^^^^^^^^^
    ...<4 lines>...
      **_engine_status_fields(primary),
      ^^^^^^^^^^^^^^^^^^^^^^^^^^^^^^^^^
    )
    ^
TypeError: mt5_bridge.protocol.write_status() got multiple values for keyword argument 'model_id'

--- start 2026-08-07T16:06:03+07:00 ---
[bridge] live monitor=http://127.0.0.1:8765
[bridge] dir=C:\Work\ThuyenRepo\EdgeMinerM15\mt5\bridge models=['tm_breakthrough_anti_chase_fixe_748923b2', 'tm_breakthrough_elite_60_3_vwap_c1ad2c33', 'tm_h_c_3_tu_n_h_c_2025-2026-6th_f574b07e'] risk=1.0 fp=c58232d10b00
[bridge] history bars=39317
Traceback (most recent call last):
  File "C:\Work\ThuyenRepo\EdgeMinerM15\scripts\mt5_bridge_service.py", line 247, in <module>
    raise SystemExit(main())
                     ~~~~^^
  File "C:\Work\ThuyenRepo\EdgeMinerM15\scripts\mt5_bridge_service.py", line 144, in main
    write_status(
    ~~~~~~~~~~~~^
      bridge_dir,
      ^^^^^^^^^^^
    ...<4 lines>...
      **_engine_status_fields(primary),
      ^^^^^^^^^^^^^^^^^^^^^^^^^^^^^^^^^
    )
    ^
TypeError: mt5_bridge.protocol.write_status() got multiple values for keyword argument 'model_id'

--- start 2026-08-07T16:06:11+07:00 ---
[bridge] live monitor=http://127.0.0.1:8765
[bridge] dir=C:\Work\ThuyenRepo\EdgeMinerM15\mt5\bridge models=['tm_breakthrough_anti_chase_fixe_748923b2', 'tm_breakthrough_elite_60_3_vwap_c1ad2c33', 'tm_h_c_3_tu_n_h_c_2025-2026-6th_f574b07e'] risk=1.0 fp=c58232d10b00
[bridge] history bars=39317
Traceback (most recent call last):
  File "C:\Work\ThuyenRepo\EdgeMinerM15\scripts\mt5_bridge_service.py", line 247, in <module>
    raise SystemExit(main())
                     ~~~~^^
  File "C:\Work\ThuyenRepo\EdgeMinerM15\scripts\mt5_bridge_service.py", line 144, in main
    write_status(
    ~~~~~~~~~~~~^
      bridge_dir,
      ^^^^^^^^^^^
    ...<4 lines>...
      **_engine_status_fields(primary),
      ^^^^^^^^^^^^^^^^^^^^^^^^^^^^^^^^^
    )
    ^
TypeError: mt5_bridge.protocol.write_status() got multiple values for keyword argument 'model_id'

--- start 2026-08-07T16:06:18+07:00 ---
[bridge] live monitor=http://127.0.0.1:8765
[bridge] dir=C:\Work\ThuyenRepo\EdgeMinerM15\mt5\bridge models=['tm_breakthrough_anti_chase_fixe_748923b2', 'tm_breakthrough_elite_60_3_vwap_c1ad2c33', 'tm_h_c_3_tu_n_h_c_2025-2026-6th_f574b07e'] risk=1.0 fp=c58232d10b00
[bridge] history bars=39317
Traceback (most recent call last):
  File "C:\Work\ThuyenRepo\EdgeMinerM15\scripts\mt5_bridge_service.py", line 247, in <module>
    raise SystemExit(main())
                     ~~~~^^
  File "C:\Work\ThuyenRepo\EdgeMinerM15\scripts\mt5_bridge_service.py", line 144, in main
    write_status(
    ~~~~~~~~~~~~^
      bridge_dir,
      ^^^^^^^^^^^
    ...<4 lines>...
      **_engine_status_fields(primary),
      ^^^^^^^^^^^^^^^^^^^^^^^^^^^^^^^^^
    )
    ^
TypeError: mt5_bridge.protocol.write_status() got multiple values for keyword argument 'model_id'

--- start 2026-08-07T16:06:23+07:00 ---
[bridge] live monitor=http://127.0.0.1:8765
[bridge] dir=C:\Work\ThuyenRepo\EdgeMinerM15\mt5\bridge models=['tm_breakthrough_anti_chase_fixe_748923b2', 'tm_breakthrough_elite_60_3_vwap_c1ad2c33', 'tm_h_c_3_tu_n_h_c_2025-2026-6th_f574b07e'] risk=1.0 fp=c58232d10b00
[bridge] history bars=39317
Traceback (most recent call last):
  File "C:\Work\ThuyenRepo\EdgeMinerM15\scripts\mt5_bridge_service.py", line 247, in <module>
    raise SystemExit(main())
                     ~~~~^^
  File "C:\Work\ThuyenRepo\EdgeMinerM15\scripts\mt5_bridge_service.py", line 144, in main
    write_status(
    ~~~~~~~~~~~~^
      bridge_dir,
      ^^^^^^^^^^^
    ...<4 lines>...
      **_engine_status_fields(primary),
      ^^^^^^^^^^^^^^^^^^^^^^^^^^^^^^^^^
    )
    ^
TypeError: mt5_bridge.protocol.write_status() got multiple values for keyword argument 'model_id'

--- start 2026-08-07T16:06:41+07:00 ---
[bridge] live monitor=http://127.0.0.1:8765
[bridge] dir=C:\Work\ThuyenRepo\EdgeMinerM15\mt5\bridge models=['tm_breakthrough_anti_chase_fixe_748923b2', 'tm_breakthrough_elite_60_3_vwap_c1ad2c33', 'tm_h_c_3_tu_n_h_c_2025-2026-6th_f574b07e'] risk=1.0 fp=c58232d10b00
[bridge] history bars=39317
Traceback (most recent call last):
  File "C:\Work\ThuyenRepo\EdgeMinerM15\scripts\mt5_bridge_service.py", line 247, in <module>
    raise SystemExit(main())
                     ~~~~^^
  File "C:\Work\ThuyenRepo\EdgeMinerM15\scripts\mt5_bridge_service.py", line 144, in main
    write_status(
    ~~~~~~~~~~~~^
      bridge_dir,
      ^^^^^^^^^^^
    ...<4 lines>...
      **_engine_status_fields(primary),
      ^^^^^^^^^^^^^^^^^^^^^^^^^^^^^^^^^
    )
    ^
TypeError: mt5_bridge.protocol.write_status() got multiple values for keyword argument 'model_id'

--- start 2026-08-07T16:06:45+07:00 ---
[bridge] live monitor=http://127.0.0.1:8765
[bridge] dir=C:\Work\ThuyenRepo\EdgeMinerM15\mt5\bridge models=['tm_breakthrough_anti_chase_fixe_748923b2', 'tm_breakthrough_elite_60_3_vwap_c1ad2c33', 'tm_h_c_3_tu_n_h_c_2025-2026-6th_f574b07e'] risk=1.0 fp=c58232d10b00
[bridge] history bars=39317
Traceback (most recent call last):
  File "C:\Work\ThuyenRepo\EdgeMinerM15\scripts\mt5_bridge_service.py", line 247, in <module>
    raise SystemExit(main())
                     ~~~~^^
  File "C:\Work\ThuyenRepo\EdgeMinerM15\scripts\mt5_bridge_service.py", line 144, in main
    write_status(
    ~~~~~~~~~~~~^
      bridge_dir,
      ^^^^^^^^^^^
    ...<4 lines>...
      **_engine_status_fields(primary),
      ^^^^^^^^^^^^^^^^^^^^^^^^^^^^^^^^^
    )
    ^
TypeError: mt5_bridge.protocol.write_status() got multiple values for keyword argument 'model_id'

--- start 2026-08-07T16:06:59+07:00 ---
[bridge] live monitor=http://127.0.0.1:8765
[bridge] dir=C:\Work\ThuyenRepo\EdgeMinerM15\mt5\bridge models=['tm_breakthrough_anti_chase_fixe_748923b2', 'tm_breakthrough_elite_60_3_vwap_c1ad2c33', 'tm_h_c_3_tu_n_h_c_2025-2026-6th_f574b07e'] risk=1.0 fp=c58232d10b00
[bridge] history bars=39317
Traceback (most recent call last):
  File "C:\Work\ThuyenRepo\EdgeMinerM15\scripts\mt5_bridge_service.py", line 247, in <module>
    raise SystemExit(main())
                     ~~~~^^
  File "C:\Work\ThuyenRepo\EdgeMinerM15\scripts\mt5_bridge_service.py", line 144, in main
    write_status(
    ~~~~~~~~~~~~^
      bridge_dir,
      ^^^^^^^^^^^
    ...<4 lines>...
      **_engine_status_fields(primary),
      ^^^^^^^^^^^^^^^^^^^^^^^^^^^^^^^^^
    )
    ^
TypeError: mt5_bridge.protocol.write_status() got multiple values for keyword argument 'model_id'

--- start 2026-08-07T16:08:27+07:00 ---
[bridge] live monitor=http://127.0.0.1:8765
[bridge] dir=C:\Work\ThuyenRepo\EdgeMinerM15\mt5\bridge models=['tm_breakthrough_anti_chase_fixe_748923b2', 'tm_breakthrough_elite_60_3_vwap_c1ad2c33', 'tm_h_c_3_tu_n_h_c_2025-2026-6th_f574b07e'] risk=1.0 fp=c58232d10b00
[bridge] history bars=39317
Traceback (most recent call last):
  File "C:\Work\ThuyenRepo\EdgeMinerM15\scripts\mt5_bridge_service.py", line 247, in <module>
    raise SystemExit(main())
                     ~~~~^^
  File "C:\Work\ThuyenRepo\EdgeMinerM15\scripts\mt5_bridge_service.py", line 144, in main
    write_status(
    ~~~~~~~~~~~~^
      bridge_dir,
      ^^^^^^^^^^^
    ...<4 lines>...
      **_engine_status_fields(primary),
      ^^^^^^^^^^^^^^^^^^^^^^^^^^^^^^^^^
    )
    ^
TypeError: mt5_bridge.protocol.write_status() got multiple values for keyword argument 'model_id'

--- start 2026-08-07T16:08:31+07:00 ---
[bridge] live monitor=http://127.0.0.1:8765
[bridge] dir=C:\Work\ThuyenRepo\EdgeMinerM15\mt5\bridge models=['tm_breakthrough_anti_chase_fixe_748923b2', 'tm_breakthrough_elite_60_3_vwap_c1ad2c33', 'tm_h_c_3_tu_n_h_c_2025-2026-6th_f574b07e'] risk=1.0 fp=c58232d10b00
[bridge] history bars=39317
Traceback (most recent call last):
  File "C:\Work\ThuyenRepo\EdgeMinerM15\scripts\mt5_bridge_service.py", line 247, in <module>
    raise SystemExit(main())
                     ~~~~^^
  File "C:\Work\ThuyenRepo\EdgeMinerM15\scripts\mt5_bridge_service.py", line 144, in main
    write_status(
    ~~~~~~~~~~~~^
      bridge_dir,
      ^^^^^^^^^^^
    ...<4 lines>...
      **_engine_status_fields(primary),
      ^^^^^^^^^^^^^^^^^^^^^^^^^^^^^^^^^
    )
    ^
TypeError: mt5_bridge.protocol.write_status() got multiple values for keyword argument 'model_id'

--- start 2026-08-07T16:10:39+07:00 ---
[bridge] live monitor=http://127.0.0.1:8765
[bridge] dir=C:\Work\ThuyenRepo\EdgeMinerM15\mt5\bridge models=['tm_breakthrough_anti_chase_fixe_748923b2', 'tm_breakthrough_elite_60_3_vwap_c1ad2c33', 'tm_h_c_3_tu_n_h_c_2025-2026-6th_f574b07e'] risk=1.0 fp=c58232d10b00
[bridge] history bars=39317
Traceback (most recent call last):
  File "C:\Work\ThuyenRepo\EdgeMinerM15\scripts\mt5_bridge_service.py", line 247, in <module>
    raise SystemExit(main())
                     ~~~~^^
  File "C:\Work\ThuyenRepo\EdgeMinerM15\scripts\mt5_bridge_service.py", line 144, in main
    write_status(
    ~~~~~~~~~~~~^
      bridge_dir,
      ^^^^^^^^^^^
    ...<4 lines>...
      **_engine_status_fields(primary),
      ^^^^^^^^^^^^^^^^^^^^^^^^^^^^^^^^^
    )
    ^
TypeError: mt5_bridge.protocol.write_status() got multiple values for keyword argument 'model_id'

--- start 2026-08-07T16:12:14+07:00 ---
[bridge] live monitor=http://127.0.0.1:8765
[bridge] dir=C:\Work\ThuyenRepo\EdgeMinerM15\mt5\bridge models=['tm_breakthrough_anti_chase_fixe_748923b2', 'tm_breakthrough_elite_60_3_vwap_c1ad2c33', 'tm_h_c_3_tu_n_h_c_2025-2026-6th_f574b07e'] risk=1.0 fp=c58232d10b00
[bridge] history bars=39317
Traceback (most recent call last):
  File "C:\Work\ThuyenRepo\EdgeMinerM15\scripts\mt5_bridge_service.py", line 247, in <module>
    raise SystemExit(main())
                     ~~~~^^
  File "C:\Work\ThuyenRepo\EdgeMinerM15\scripts\mt5_bridge_service.py", line 144, in main
    write_status(
    ~~~~~~~~~~~~^
      bridge_dir,
      ^^^^^^^^^^^
    ...<4 lines>...
      **_engine_status_fields(primary),
      ^^^^^^^^^^^^^^^^^^^^^^^^^^^^^^^^^
    )
    ^
TypeError: mt5_bridge.protocol.write_status() got multiple values for keyword argument 'model_id'

--- start 2026-08-07T16:12:18+07:00 ---
[bridge] live monitor=http://127.0.0.1:8765
[bridge] dir=C:\Work\ThuyenRepo\EdgeMinerM15\mt5\bridge models=['tm_breakthrough_anti_chase_fixe_748923b2', 'tm_breakthrough_elite_60_3_vwap_c1ad2c33', 'tm_h_c_3_tu_n_h_c_2025-2026-6th_f574b07e'] risk=1.0 fp=c58232d10b00
[bridge] history bars=39317
Traceback (most recent call last):
  File "C:\Work\ThuyenRepo\EdgeMinerM15\scripts\mt5_bridge_service.py", line 247, in <module>
    raise SystemExit(main())
                     ~~~~^^
  File "C:\Work\ThuyenRepo\EdgeMinerM15\scripts\mt5_bridge_service.py", line 144, in main
    write_status(
    ~~~~~~~~~~~~^
      bridge_dir,
      ^^^^^^^^^^^
    ...<4 lines>...
      **_engine_status_fields(primary),
      ^^^^^^^^^^^^^^^^^^^^^^^^^^^^^^^^^
    )
    ^
TypeError: mt5_bridge.protocol.write_status() got multiple values for keyword argument 'model_id'

--- start 2026-08-07T16:12:29+07:00 ---
[bridge] live monitor=http://127.0.0.1:8765
[bridge] dir=C:\Work\ThuyenRepo\EdgeMinerM15\mt5\bridge models=['tm_breakthrough_anti_chase_fixe_748923b2', 'tm_breakthrough_elite_60_3_vwap_c1ad2c33', 'tm_h_c_3_tu_n_h_c_2025-2026-6th_f574b07e'] risk=1.0 fp=c58232d10b00
[bridge] history bars=39317
Traceback (most recent call last):
  File "C:\Work\ThuyenRepo\EdgeMinerM15\scripts\mt5_bridge_service.py", line 247, in <module>
    raise SystemExit(main())
                     ~~~~^^
  File "C:\Work\ThuyenRepo\EdgeMinerM15\scripts\mt5_bridge_service.py", line 144, in main
    write_status(
    ~~~~~~~~~~~~^
      bridge_dir,
      ^^^^^^^^^^^
    ...<4 lines>...
      **_engine_status_fields(primary),
      ^^^^^^^^^^^^^^^^^^^^^^^^^^^^^^^^^
    )
    ^
TypeError: mt5_bridge.protocol.write_status() got multiple values for keyword argument 'model_id'

--- start 2026-08-07T16:12:44+07:00 ---
[bridge] live monitor=http://127.0.0.1:8765
[bridge] dir=C:\Work\ThuyenRepo\EdgeMinerM15\mt5\bridge models=['tm_breakthrough_anti_chase_fixe_748923b2', 'tm_breakthrough_elite_60_3_vwap_c1ad2c33', 'tm_h_c_3_tu_n_h_c_2025-2026-6th_f574b07e'] risk=1.0 fp=c58232d10b00
[bridge] history bars=39317
Traceback (most recent call last):
  File "C:\Work\ThuyenRepo\EdgeMinerM15\scripts\mt5_bridge_service.py", line 247, in <module>
    raise SystemExit(main())
                     ~~~~^^
  File "C:\Work\ThuyenRepo\EdgeMinerM15\scripts\mt5_bridge_service.py", line 144, in main
    write_status(
    ~~~~~~~~~~~~^
      bridge_dir,
      ^^^^^^^^^^^
    ...<4 lines>...
      **_engine_status_fields(primary),
      ^^^^^^^^^^^^^^^^^^^^^^^^^^^^^^^^^
    )
    ^
TypeError: mt5_bridge.protocol.write_status() got multiple values for keyword argument 'model_id'

--- start 2026-08-07T16:13:10+07:00 ---
[bridge] live monitor=http://127.0.0.1:8765
[bridge] dir=C:\Work\ThuyenRepo\EdgeMinerM15\mt5\bridge models=['tm_breakthrough_anti_chase_fixe_748923b2', 'tm_breakthrough_elite_60_3_vwap_c1ad2c33', 'tm_h_c_3_tu_n_h_c_2025-2026-6th_f574b07e'] risk=1.0 fp=c58232d10b00
[bridge] history bars=39317
Traceback (most recent call last):
  File "C:\Work\ThuyenRepo\EdgeMinerM15\scripts\mt5_bridge_service.py", line 247, in <module>
    raise SystemExit(main())
                     ~~~~^^
  File "C:\Work\ThuyenRepo\EdgeMinerM15\scripts\mt5_bridge_service.py", line 144, in main
    write_status(
    ~~~~~~~~~~~~^
      bridge_dir,
      ^^^^^^^^^^^
    ...<4 lines>...
      **_engine_status_fields(primary),
      ^^^^^^^^^^^^^^^^^^^^^^^^^^^^^^^^^
    )
    ^
TypeError: mt5_bridge.protocol.write_status() got multiple values for keyword argument 'model_id'

--- start 2026-08-07T16:13:22+07:00 ---
[bridge] live monitor=http://127.0.0.1:8765
[bridge] dir=C:\Work\ThuyenRepo\EdgeMinerM15\mt5\bridge models=['tm_breakthrough_anti_chase_fixe_748923b2', 'tm_breakthrough_elite_60_3_vwap_c1ad2c33', 'tm_h_c_3_tu_n_h_c_2025-2026-6th_f574b07e'] risk=1.0 fp=c58232d10b00
[bridge] history bars=39317
Traceback (most recent call last):
  File "C:\Work\ThuyenRepo\EdgeMinerM15\scripts\mt5_bridge_service.py", line 247, in <module>
    raise SystemExit(main())
                     ~~~~^^
  File "C:\Work\ThuyenRepo\EdgeMinerM15\scripts\mt5_bridge_service.py", line 144, in main
    write_status(
    ~~~~~~~~~~~~^
      bridge_dir,
      ^^^^^^^^^^^
    ...<4 lines>...
      **_engine_status_fields(primary),
      ^^^^^^^^^^^^^^^^^^^^^^^^^^^^^^^^^
    )
    ^
TypeError: mt5_bridge.protocol.write_status() got multiple values for keyword argument 'model_id'

--- start 2026-08-07T16:13:24+07:00 ---

--- start 2026-08-07T16:13:27+07:00 ---
[bridge] live monitor=http://127.0.0.1:8765
[bridge] dir=C:\Work\ThuyenRepo\EdgeMinerM15\mt5\bridge models=['tm_breakthrough_anti_chase_fixe_748923b2', 'tm_breakthrough_elite_60_3_vwap_c1ad2c33', 'tm_h_c_3_tu_n_h_c_2025-2026-6th_f574b07e'] risk=1.0 fp=c58232d10b00
[bridge] history bars=39317
Traceback (most recent call last):
  File "C:\Work\ThuyenRepo\EdgeMinerM15\scripts\mt5_bridge_service.py", line 247, in <module>
    raise SystemExit(main())
                     ~~~~^^
  File "C:\Work\ThuyenRepo\EdgeMinerM15\scripts\mt5_bridge_service.py", line 144, in main
    write_status(
    ~~~~~~~~~~~~^
      bridge_dir,
      ^^^^^^^^^^^
    ...<4 lines>...
      **_engine_status_fields(primary),
      ^^^^^^^^^^^^^^^^^^^^^^^^^^^^^^^^^
    )
    ^
TypeError: mt5_bridge.protocol.write_status() got multiple values for keyword argument 'model_id'

--- start 2026-08-07T16:13:34+07:00 ---
[bridge] live monitor=http://127.0.0.1:8765
[bridge] dir=C:\Work\ThuyenRepo\EdgeMinerM15\mt5\bridge models=['tm_breakthrough_anti_chase_fixe_748923b2', 'tm_breakthrough_elite_60_3_vwap_c1ad2c33', 'tm_h_c_3_tu_n_h_c_2025-2026-6th_f574b07e'] risk=1.0 fp=c58232d10b00
[bridge] history bars=39317
Traceback (most recent call last):
  File "C:\Work\ThuyenRepo\EdgeMinerM15\scripts\mt5_bridge_service.py", line 247, in <module>
    raise SystemExit(main())
                     ~~~~^^
  File "C:\Work\ThuyenRepo\EdgeMinerM15\scripts\mt5_bridge_service.py", line 144, in main
    write_status(
    ~~~~~~~~~~~~^
      bridge_dir,
      ^^^^^^^^^^^
    ...<4 lines>...
      **_engine_status_fields(primary),
      ^^^^^^^^^^^^^^^^^^^^^^^^^^^^^^^^^
    )
    ^
TypeError: mt5_bridge.protocol.write_status() got multiple values for keyword argument 'model_id'

--- start 2026-08-07T16:13:37+07:00 ---
[bridge] live monitor=http://127.0.0.1:8765
[bridge] dir=C:\Work\ThuyenRepo\EdgeMinerM15\mt5\bridge models=['tm_breakthrough_anti_chase_fixe_748923b2', 'tm_breakthrough_elite_60_3_vwap_c1ad2c33', 'tm_h_c_3_tu_n_h_c_2025-2026-6th_f574b07e'] risk=1.0 fp=c58232d10b00
[bridge] history bars=39317
Traceback (most recent call last):
  File "C:\Work\ThuyenRepo\EdgeMinerM15\scripts\mt5_bridge_service.py", line 247, in <module>
    raise SystemExit(main())
                     ~~~~^^
  File "C:\Work\ThuyenRepo\EdgeMinerM15\scripts\mt5_bridge_service.py", line 144, in main
    write_status(
    ~~~~~~~~~~~~^
      bridge_dir,
      ^^^^^^^^^^^
    ...<4 lines>...
      **_engine_status_fields(primary),
      ^^^^^^^^^^^^^^^^^^^^^^^^^^^^^^^^^
    )
    ^
TypeError: mt5_bridge.protocol.write_status() got multiple values for keyword argument 'model_id'

--- start 2026-08-07T16:16:05+07:00 ---
[bridge] live monitor=http://127.0.0.1:8765
[bridge] dir=C:\Work\ThuyenRepo\EdgeMinerM15\mt5\bridge models=['tm_breakthrough_anti_chase_fixe_748923b2', 'tm_breakthrough_elite_60_3_vwap_c1ad2c33', 'tm_h_c_3_tu_n_h_c_2025-2026-6th_f574b07e'] risk=1.0 fp=c58232d10b00
[bridge] history bars=39317
Traceback (most recent call last):
  File "C:\Work\ThuyenRepo\EdgeMinerM15\scripts\mt5_bridge_service.py", line 247, in <module>
    raise SystemExit(main())
                     ~~~~^^
  File "C:\Work\ThuyenRepo\EdgeMinerM15\scripts\mt5_bridge_service.py", line 144, in main
    write_status(
    ~~~~~~~~~~~~^
      bridge_dir,
      ^^^^^^^^^^^
    ...<4 lines>...
      **_engine_status_fields(primary),
      ^^^^^^^^^^^^^^^^^^^^^^^^^^^^^^^^^
    )
    ^
TypeError: mt5_bridge.protocol.write_status() got multiple values for keyword argument 'model_id'

--- start 2026-08-07T16:16:32+07:00 ---
[bridge] live monitor=http://127.0.0.1:8765
[bridge] dir=C:\Work\ThuyenRepo\EdgeMinerM15\mt5\bridge models=['tm_breakthrough_anti_chase_fixe_748923b2', 'tm_breakthrough_elite_60_3_vwap_c1ad2c33', 'tm_h_c_3_tu_n_h_c_2025-2026-6th_f574b07e'] risk=1.0 fp=c58232d10b00
[bridge] history bars=39317
Traceback (most recent call last):
  File "C:\Work\ThuyenRepo\EdgeMinerM15\scripts\mt5_bridge_service.py", line 247, in <module>
    raise SystemExit(main())
                     ~~~~^^
  File "C:\Work\ThuyenRepo\EdgeMinerM15\scripts\mt5_bridge_service.py", line 144, in main
    write_status(
    ~~~~~~~~~~~~^
      bridge_dir,
      ^^^^^^^^^^^
    ...<4 lines>...
      **_engine_status_fields(primary),
      ^^^^^^^^^^^^^^^^^^^^^^^^^^^^^^^^^
    )
    ^
TypeError: mt5_bridge.protocol.write_status() got multiple values for keyword argument 'model_id'

--- start 2026-08-07T16:16:48+07:00 ---
[bridge] live monitor=http://127.0.0.1:8765
[bridge] dir=C:\Work\ThuyenRepo\EdgeMinerM15\mt5\bridge models=['tm_breakthrough_anti_chase_fixe_748923b2', 'tm_breakthrough_elite_60_3_vwap_c1ad2c33', 'tm_h_c_3_tu_n_h_c_2025-2026-6th_f574b07e'] risk=1.0 fp=c58232d10b00
[bridge] history bars=39317
Traceback (most recent call last):
  File "C:\Work\ThuyenRepo\EdgeMinerM15\scripts\mt5_bridge_service.py", line 247, in <module>
    raise SystemExit(main())
                     ~~~~^^
  File "C:\Work\ThuyenRepo\EdgeMinerM15\scripts\mt5_bridge_service.py", line 144, in main
    write_status(
    ~~~~~~~~~~~~^
      bridge_dir,
      ^^^^^^^^^^^
    ...<4 lines>...
      **_engine_status_fields(primary),
      ^^^^^^^^^^^^^^^^^^^^^^^^^^^^^^^^^
    )
    ^
TypeError: mt5_bridge.protocol.write_status() got multiple values for keyword argument 'model_id'

--- start 2026-08-07T16:17:01+07:00 ---
[bridge] live monitor=http://127.0.0.1:8765
[bridge] dir=C:\Work\ThuyenRepo\EdgeMinerM15\mt5\bridge models=['tm_breakthrough_anti_chase_fixe_748923b2', 'tm_breakthrough_elite_60_3_vwap_c1ad2c33', 'tm_h_c_3_tu_n_h_c_2025-2026-6th_f574b07e'] risk=1.0 fp=c58232d10b00
[bridge] history bars=39317
Traceback (most recent call last):
  File "C:\Work\ThuyenRepo\EdgeMinerM15\scripts\mt5_bridge_service.py", line 247, in <module>
    raise SystemExit(main())
                     ~~~~^^
  File "C:\Work\ThuyenRepo\EdgeMinerM15\scripts\mt5_bridge_service.py", line 144, in main
    write_status(
    ~~~~~~~~~~~~^
      bridge_dir,
      ^^^^^^^^^^^
    ...<4 lines>...
      **_engine_status_fields(primary),
      ^^^^^^^^^^^^^^^^^^^^^^^^^^^^^^^^^
    )
    ^
TypeError: mt5_bridge.protocol.write_status() got multiple values for keyword argument 'model_id'

--- start 2026-08-07T16:17:03+07:00 ---
[bridge] live monitor=http://127.0.0.1:8765
[bridge] dir=C:\Work\ThuyenRepo\EdgeMinerM15\mt5\bridge models=['tm_breakthrough_anti_chase_fixe_748923b2', 'tm_breakthrough_elite_60_3_vwap_c1ad2c33', 'tm_h_c_3_tu_n_h_c_2025-2026-6th_f574b07e'] risk=1.0 fp=c58232d10b00
[bridge] history bars=39317
Traceback (most recent call last):
  File "C:\Work\ThuyenRepo\EdgeMinerM15\scripts\mt5_bridge_service.py", line 247, in <module>
    raise SystemExit(main())
                     ~~~~^^
  File "C:\Work\ThuyenRepo\EdgeMinerM15\scripts\mt5_bridge_service.py", line 144, in main
    write_status(
    ~~~~~~~~~~~~^
      bridge_dir,
      ^^^^^^^^^^^
    ...<4 lines>...
      **_engine_status_fields(primary),
      ^^^^^^^^^^^^^^^^^^^^^^^^^^^^^^^^^
    )
    ^
TypeError: mt5_bridge.protocol.write_status() got multiple values for keyword argument 'model_id'

--- start 2026-08-07T16:17:11+07:00 ---
[bridge] live monitor=http://127.0.0.1:8765
[bridge] dir=C:\Work\ThuyenRepo\EdgeMinerM15\mt5\bridge models=['tm_breakthrough_anti_chase_fixe_748923b2', 'tm_breakthrough_elite_60_3_vwap_c1ad2c33', 'tm_h_c_3_tu_n_h_c_2025-2026-6th_f574b07e'] risk=1.0 fp=c58232d10b00
[bridge] history bars=39317
Traceback (most recent call last):
  File "C:\Work\ThuyenRepo\EdgeMinerM15\scripts\mt5_bridge_service.py", line 247, in <module>
    raise SystemExit(main())
                     ~~~~^^
  File "C:\Work\ThuyenRepo\EdgeMinerM15\scripts\mt5_bridge_service.py", line 144, in main
    write_status(
    ~~~~~~~~~~~~^
      bridge_dir,
      ^^^^^^^^^^^
    ...<4 lines>...
      **_engine_status_fields(primary),
      ^^^^^^^^^^^^^^^^^^^^^^^^^^^^^^^^^
    )
    ^
TypeError: mt5_bridge.protocol.write_status() got multiple values for keyword argument 'model_id'

--- start 2026-08-07T16:18:08+07:00 ---
[bridge] live monitor=http://127.0.0.1:8765
[bridge] dir=C:\Work\ThuyenRepo\EdgeMinerM15\mt5\bridge models=['tm_breakthrough_anti_chase_fixe_748923b2', 'tm_breakthrough_elite_60_3_vwap_c1ad2c33', 'tm_h_c_3_tu_n_h_c_2025-2026-6th_f574b07e'] risk=1.0 fp=c58232d10b00
[bridge] history bars=39317
Traceback (most recent call last):
  File "C:\Work\ThuyenRepo\EdgeMinerM15\scripts\mt5_bridge_service.py", line 247, in <module>
    raise SystemExit(main())
                     ~~~~^^
  File "C:\Work\ThuyenRepo\EdgeMinerM15\scripts\mt5_bridge_service.py", line 144, in main
    write_status(
    ~~~~~~~~~~~~^
      bridge_dir,
      ^^^^^^^^^^^
    ...<4 lines>...
      **_engine_status_fields(primary),
      ^^^^^^^^^^^^^^^^^^^^^^^^^^^^^^^^^
    )
    ^
TypeError: mt5_bridge.protocol.write_status() got multiple values for keyword argument 'model_id'

--- start 2026-08-07T16:18:56+07:00 ---
[bridge] live monitor=http://127.0.0.1:8765
[bridge] dir=C:\Work\ThuyenRepo\EdgeMinerM15\mt5\bridge models=['tm_breakthrough_anti_chase_fixe_748923b2', 'tm_breakthrough_elite_60_3_vwap_c1ad2c33', 'tm_h_c_3_tu_n_h_c_2025-2026-6th_f574b07e'] risk=1.0 fp=c58232d10b00
[bridge] history bars=39317
Traceback (most recent call last):
  File "C:\Work\ThuyenRepo\EdgeMinerM15\scripts\mt5_bridge_service.py", line 247, in <module>
    raise SystemExit(main())
                     ~~~~^^
  File "C:\Work\ThuyenRepo\EdgeMinerM15\scripts\mt5_bridge_service.py", line 144, in main
    write_status(
    ~~~~~~~~~~~~^
      bridge_dir,
      ^^^^^^^^^^^
    ...<4 lines>...
      **_engine_status_fields(primary),
      ^^^^^^^^^^^^^^^^^^^^^^^^^^^^^^^^^
    )
    ^
TypeError: mt5_bridge.protocol.write_status() got multiple values for keyword argument 'model_id'

--- start 2026-08-07T16:18:59+07:00 ---
[bridge] live monitor=http://127.0.0.1:8765
[bridge] dir=C:\Work\ThuyenRepo\EdgeMinerM15\mt5\bridge models=['tm_breakthrough_anti_chase_fixe_748923b2', 'tm_breakthrough_elite_60_3_vwap_c1ad2c33', 'tm_h_c_3_tu_n_h_c_2025-2026-6th_f574b07e'] risk=1.0 fp=c58232d10b00
[bridge] history bars=39317
Traceback (most recent call last):
  File "C:\Work\ThuyenRepo\EdgeMinerM15\scripts\mt5_bridge_service.py", line 247, in <module>
    raise SystemExit(main())
                     ~~~~^^
  File "C:\Work\ThuyenRepo\EdgeMinerM15\scripts\mt5_bridge_service.py", line 144, in main
    write_status(
    ~~~~~~~~~~~~^
      bridge_dir,
      ^^^^^^^^^^^
    ...<4 lines>...
      **_engine_status_fields(primary),
      ^^^^^^^^^^^^^^^^^^^^^^^^^^^^^^^^^
    )
    ^
TypeError: mt5_bridge.protocol.write_status() got multiple values for keyword argument 'model_id'

--- start 2026-08-07T16:21:47+07:00 ---
[bridge] live monitor=http://127.0.0.1:8765
[bridge] dir=C:\Work\ThuyenRepo\EdgeMinerM15\mt5\bridge models=['tm_breakthrough_anti_chase_fixe_748923b2', 'tm_breakthrough_elite_60_3_vwap_c1ad2c33', 'tm_h_c_3_tu_n_h_c_2025-2026-6th_f574b07e'] risk=1.0 fp=c58232d10b00
[bridge] history bars=39317
[bridge] schedule week=2026-08-03 strategy=Forge RR3 full 2L3S rsi+ema #660A|chase:fixed_or_rsi<62+vwap<99 fm_len=39318 train_bars=2867 fp=c58232d10b00
[bridge] schedule week=2026-08-03 strategy=Forge RR3 full 2L4S rsi+ema #7A74|chase:fixed_or_rsi<58+vwap<1.2 fm_len=39318 train_bars=2867 fp=e645273a1366
[bridge] schedule week=2026-08-03 strategy=Forge RR3.5 full 2L5S range+swing #6837|chase:fixed_or_rsi<58+vwap<1.5 fm_len=39318 train_bars=1427 fp=e396506059c5

--- start 2026-08-07T16:26:07+07:00 ---
[bridge] live monitor=http://127.0.0.1:8765
[bridge] dir=C:\Work\ThuyenRepo\EdgeMinerM15\mt5\bridge models=['tm_breakthrough_anti_chase_fixe_748923b2', 'tm_breakthrough_elite_60_3_vwap_c1ad2c33', 'tm_h_c_3_tu_n_h_c_2025-2026-6th_f574b07e'] risk=1.0 fp=c58232d10b00
[bridge] history bars=39318
[bridge] schedule week=2026-08-03 strategy=Forge RR3 full 2L3S rsi+ema #660A|chase:fixed_or_rsi<62+vwap<99 fm_len=39318 train_bars=2867 fp=c58232d10b00
[bridge] schedule week=2026-08-03 strategy=Forge RR3 full 2L4S rsi+ema #7A74|chase:fixed_or_rsi<58+vwap<1.2 fm_len=39318 train_bars=2867 fp=e645273a1366
[bridge] schedule week=2026-08-03 strategy=Forge RR3.5 full 2L5S range+swing #6837|chase:fixed_or_rsi<58+vwap<1.5 fm_len=39318 train_bars=1427 fp=e396506059c5

--- start 2026-08-07T16:35:32+07:00 ---
[bridge] live monitor=http://127.0.0.1:8765
[bridge] dir=C:\Work\ThuyenRepo\EdgeMinerM15\mt5\bridge models=['tm_breakthrough_anti_chase_fixe_748923b2', 'tm_breakthrough_elite_60_3_vwap_c1ad2c33', 'tm_h_c_3_tu_n_h_c_2025-2026-6th_f574b07e'] risk=1.0 fp=c58232d10b00
[bridge] history bars=39319
[bridge] schedule week=2026-08-03 strategy=Forge RR3 full 2L3S rsi+ema #660A|chase:fixed_or_rsi<62+vwap<99 fm_len=39319 train_bars=2867 fp=c58232d10b00
[bridge] schedule week=2026-08-03 strategy=Forge RR3 full 2L4S rsi+ema #7A74|chase:fixed_or_rsi<58+vwap<1.2 fm_len=39319 train_bars=2867 fp=e645273a1366
[bridge] schedule week=2026-08-03 strategy=Forge RR3.5 full 2L5S range+swing #6837|chase:fixed_or_rsi<58+vwap<1.5 fm_len=39319 train_bars=1427 fp=e396506059c5
[bridge] live monitor=http://127.0.0.1:8765
[bridge] dir=C:\Work\ThuyenRepo\EdgeMinerM15\mt5\bridge models=['tm_breakthrough_anti_chase_fixe_748923b2'] risk=1.0 fp=c58232d10b00
[bridge] history bars=39324
[bridge] schedule week=2026-08-03 strategy=Forge RR3 full 2L3S rsi+ema #660A|chase:fixed_or_rsi<62+vwap<99 fm_len=39324 train_bars=2867 fp=c58232d10b00
[bridge] schedule week=2026-08-03 strategy=Forge RR3 full 2L4S rsi+ema #7A74|chase:fixed_or_rsi<58+vwap<1.2 fm_len=39324 train_bars=2867 fp=e645273a1366
[bridge] schedule week=2026-08-03 strategy=Forge RR3.5 full 2L5S range+swing #6837|chase:fixed_or_rsi<58+vwap<1.5 fm_len=39324 train_bars=1427 fp=e396506059c5
